Datetime,Open,High,Low,Close,Volume
12/20/2024 12:00,92723.99,93783.78,92232.54,93643.6,3425.00393
12/20/2024 12:30,93643.61,94244,93506.91,93941.75,1999.77616
12/20/2024 13:00,93941.74,94277.19,93581.32,93836.85,1155.68179
12/20/2024 13:30,93836.85,95803.57,93836.85,95204,3023.5645
12/20/2024 14:00,95204,95483.36,94745.87,95218.75,1284.04256
12/20/2024 14:30,95218.75,96235.29,95053.71,95627.99,1961.07653
12/20/2024 15:00,95628,97143,95608.01,97065.35,1832.00886
12/20/2024 15:30,97065.34,97572,96759.26,96991.62,1662.15333
12/20/2024 16:00,96991.63,97700,96817.72,97395.99,1207.65672
12/20/2024 16:30,97395.99,97630.67,96300,96727.99,1686.44418
12/20/2024 17:00,96728,97285.71,96427,97275.73,1015.77195
12/20/2024 17:30,97275.73,97375.45,96846,97206.59,719.95302
12/20/2024 18:00,97206.6,97308.39,96602.69,96806.66,717.20969
12/20/2024 18:30,96806.67,97272,96614.45,96993.58,499.23845
12/20/2024 19:00,96992.26,97727.27,96840,97584.33,613.97227
12/20/2024 19:30,97584.34,97748,97048.33,97116,725.77668
12/20/2024 20:00,97116,97232,96852,97099.99,517.86669
12/20/2024 20:30,97100,97151.99,96422.06,96451.88,836.25932
12/20/2024 21:00,96451.88,96642.97,95393.84,96148.61,1068.79328
12/20/2024 21:30,96148.61,96647.36,96132,96623.29,535.81212
12/20/2024 22:00,96623.29,97260.61,96451.03,97160.76,552.29249
12/20/2024 22:30,97160.77,97513,96936,97463.93,426.04948
12/20/2024 23:00,97463.93,97793.27,97389.38,97783.43,429.9363
12/20/2024 23:30,97783.43,97816.44,97450.04,97805.44,395.17667
12/21/2024 0:00,97805.44,97813.59,97218.33,97240.01,595.81598
12/21/2024 0:30,97240,97680,97216.32,97525.77,345.45347
12/21/2024 1:00,97525.77,97668.68,97308,97478.43,544.78207
12/21/2024 1:30,97478.43,97496.64,97198.76,97357.23,395.11693
12/21/2024 2:00,97357.23,97532,97188.09,97407.83,285.58296
12/21/2024 2:30,97407.82,97610.54,97367.29,97396,222.32737
12/21/2024 3:00,97396,97435.24,97275.82,97377.2,221.19723
12/21/2024 3:30,97377.2,97487.47,97244,97487.46,268.39262
12/21/2024 4:00,97487.47,97599.99,97378.5,97435.44,231.11618
12/21/2024 4:30,97435.44,97643,97435.43,97588,193.41165
12/21/2024 5:00,97588,97752,97541.06,97601.93,278.64506
12/21/2024 5:30,97601.92,98692,97548.21,98691.98,888.87413
12/21/2024 6:00,98691.98,98837.49,98318.6,98409.53,905.15196
12/21/2024 6:30,98409.52,98745,98328.24,98726.76,863.0477
12/21/2024 7:00,98726.76,98932.52,98500,98930.1,757.60834
12/21/2024 7:30,98930.09,99540.61,98872,99040,1350.09506
12/21/2024 8:00,99040,99187.95,98588.1,98588.11,644.25258
12/21/2024 8:30,98588.11,98706.48,98438.01,98650,379.92433
12/21/2024 9:00,98650,98686.77,98339.15,98448.01,388.26587
12/21/2024 9:30,98448.01,98615.99,98296.01,98565.82,280.35759
12/21/2024 10:00,98565.82,98649.9,98392.6,98544,446.14314
12/21/2024 10:30,98543.99,98560.8,98043.12,98131.22,458.51744
12/21/2024 11:00,98131.22,98228.55,97800,97888.85,474.81888
12/21/2024 11:30,97888.85,98424.77,97821.51,98262.08,361.83971
12/21/2024 12:00,98262.08,98283.95,97688.94,97853.25,634.3482
12/21/2024 12:30,97853.25,97853.26,97105.26,97131.99,1127.93018
12/21/2024 13:00,97132,97500.48,96538.88,96655.49,1293.69966
12/21/2024 13:30,96655.49,97467.3,96398.39,97344.54,1250.34851
12/21/2024 14:00,97344.02,97755.35,97312.99,97493.96,463.99055
12/21/2024 14:30,97493.97,97665.61,97069.4,97083.11,504.12646
12/21/2024 15:00,97083.11,97574.05,97070.28,97504,296.82523
12/21/2024 15:30,97504,97719.86,97380.02,97527.97,358.83601
12/21/2024 16:00,97527.96,97718.8,96951.41,97576.03,567.29688
12/21/2024 16:30,97576.03,97632.31,97118.85,97292,440.60717
12/21/2024 17:00,97292,97614.46,97035.58,97452.71,485.22627
12/21/2024 17:30,97452.71,97695.8,97150,97595.28,320.60281
12/21/2024 18:00,97595.29,97723.18,97385.1,97532.01,177.80269
12/21/2024 18:30,97532.01,97584,97287.87,97400.01,200.59371
12/21/2024 19:00,97400.01,97436.69,96819.36,96936.96,423.84877
12/21/2024 19:30,96936.96,97281.5,96823.19,97269.03,317.75911
12/21/2024 20:00,97269.03,98057.51,97224.83,97826.37,640.58416
12/21/2024 20:30,97826.37,97826.37,97355.99,97456.91,241.4939
12/21/2024 21:00,97456.92,97577.99,97126.17,97261.84,272.52281
12/21/2024 21:30,97261.83,97336,96539.91,96892,430.53813
12/21/2024 22:00,96892,97216.93,96624,97209.29,475.09634
12/21/2024 22:30,97209.28,97399.99,96953.84,97147.46,404.09572
12/21/2024 23:00,97147.46,97216.93,96900,97151.39,225.96181
12/21/2024 23:30,97151.4,97313.26,96953.84,97291.99,148.6681
12/22/2024 0:00,97292,97372.98,97052,97208,241.1721
12/22/2024 0:30,97208,97448.08,97099.34,97253.01,181.20426
12/22/2024 1:00,97253.01,97432.69,97136,97326.06,189.71865
12/22/2024 1:30,97326.05,97326.06,96720,97060.01,258.01058
12/22/2024 2:00,97060,97236.18,96784,96979.99,152.13276
12/22/2024 2:30,96979.99,97012,96613.18,96719.99,219.67827
12/22/2024 3:00,96719.99,97320,96549.37,97160.39,434.82148
12/22/2024 3:30,97160.38,97236.67,96810.43,96994.37,171.78974
12/22/2024 4:00,96994.37,97071.97,96772.95,96861.45,140.55382
12/22/2024 4:30,96861.44,96891.57,96072,96076.01,572.91798
12/22/2024 5:00,96076.01,96321.82,95890.28,96290.11,686.54206
12/22/2024 5:30,96290.12,96409.64,96070.85,96156.19,435.55247
12/22/2024 6:00,96156.19,96608,96112,96554.56,322.11983
12/22/2024 6:30,96554.56,96749.99,96476.42,96739.99,269.04884
12/22/2024 7:00,96740,96847.99,96500,96535.99,192.52508
12/22/2024 7:30,96536,96569.25,96080,96210.24,362.15629
12/22/2024 8:00,96210.25,96689.55,96196.85,96572.01,334.24598
12/22/2024 8:30,96572.01,96663.08,96416,96534.5,169.63214
12/22/2024 9:00,96534.51,96800,96333.5,96712.46,186.6342
12/22/2024 9:30,96712.47,97256.02,96664.59,96940.27,590.62937
12/22/2024 10:00,96940.27,97192.47,96852,97142.13,298.07503
12/22/2024 10:30,97142.13,97351.57,97009.03,97009.03,224.4711
12/22/2024 11:00,97009.03,97309.82,96988,97258.31,192.86105
12/22/2024 11:30,97258.32,97334.25,97074.45,97101.28,188.43993
12/22/2024 12:00,97101.29,97186.22,96836.36,97129.76,254.8532
12/22/2024 12:30,97129.76,97300,96987.6,96987.61,187.74179
12/22/2024 13:00,96987.61,97250,96850,97221.38,258.33426
12/22/2024 13:30,97221.38,97245.82,96856,96976,253.73634
12/22/2024 14:00,96976,97044.02,95753.53,95848.01,744.26179
12/22/2024 14:30,95848.01,96219.79,95254.77,95363.44,1310.81406
12/22/2024 15:00,95363.44,95660.8,95166.16,95348.29,721.97861
12/22/2024 15:30,95348.3,95533.37,95109.13,95377.72,713.18669
12/22/2024 16:00,95377.71,95763.34,95200,95656.63,653.45725
12/22/2024 16:30,95656.64,95888.09,95500,95715.09,319.37782
12/22/2024 17:00,95715.09,95854.54,95457.62,95536.15,320.3265
12/22/2024 17:30,95536.15,95811.34,95528,95612.19,234.57778
12/22/2024 18:00,95612.18,96242.92,95371.96,96184.93,526.47285
12/22/2024 18:30,96184.93,96444.45,95910.99,95955.22,460.79856
12/22/2024 19:00,95955.23,96152,95647.27,95702.01,363.27685
12/22/2024 19:30,95702.01,95754.05,94700,94836.55,1032.02084
12/22/2024 20:00,94836.55,95155.47,94424,95000.01,654.78426
12/22/2024 20:30,95000.01,95624,94940,95592.49,434.6414
12/22/2024 21:00,95592.49,95740,95337.04,95486.5,431.62541
12/22/2024 21:30,95486.5,95555.43,95069.03,95203.11,302.66874
12/22/2024 22:00,95203.1,95227.99,94250.35,94962,1020.68194
12/22/2024 22:30,94962,95640,94940.01,95547.41,361.73236
12/22/2024 23:00,95547.42,95824,95225,95398.02,342.10044
12/22/2024 23:30,95398.01,95427.98,95024,95186.27,435.44761
12/23/2024 0:00,95186.28,95410.77,94636,94705.01,585.29689
12/23/2024 0:30,94705.01,94799.81,94333.33,94390.84,565.3241
12/23/2024 1:00,94390.83,94599.15,93771.37,94281.44,1032.66606
12/23/2024 1:30,94281.44,95130.01,94281.44,94449.99,775.39078
12/23/2024 2:00,94450,94709.2,93700.42,94035.03,923.93914
12/23/2024 2:30,94035.03,94786.45,93883.1,94723.96,696.94857
12/23/2024 3:00,94723.96,95690.14,94610.76,95540,795.53002
12/23/2024 3:30,95540.01,96043.99,95286.07,96025.15,653.34684
12/23/2024 4:00,96025.15,96509.98,95888.1,96090.91,597.1161
12/23/2024 4:30,96090.9,96297.49,95644,95832.03,315.0581
12/23/2024 5:00,95832.02,95961.53,95352.21,95713.52,1131.81535
12/23/2024 5:30,95713.52,95859.99,95524.3,95608.02,188.52171
12/23/2024 6:00,95608.01,95650.76,95082.52,95367.99,494.46343
12/23/2024 6:30,95368,95412.36,94705.07,94824.83,446.92404
12/23/2024 7:00,94824.83,95410.4,94824.83,95364.01,466.79445
12/23/2024 7:30,95364,95579.62,95224.56,95404.01,278.44162
12/23/2024 8:00,95404.01,95554.88,95079.08,95103.5,302.2667
12/23/2024 8:30,95103.5,95553.21,95036.77,95503.87,310.30424
12/23/2024 9:00,95503.87,96167.98,95493.22,95895.99,644.99958
12/23/2024 9:30,95896,96121.22,95842,96013.72,248.03569
12/23/2024 10:00,96013.72,96295.26,95976.14,96156.33,491.63566
12/23/2024 10:30,96156.33,96445.17,95962.26,96392.39,451.89182
12/23/2024 11:00,96392.4,96538.92,95942.16,95967.89,373.06216
12/23/2024 11:30,95967.89,96012,95819.79,95932.42,198.65687
12/23/2024 12:00,95932.41,96297.45,95864.8,96258.99,477.52379
12/23/2024 12:30,96259,96423,96099.7,96305,385.39886
12/23/2024 13:00,96305,96350,95723.07,95795.24,350.90225
12/23/2024 13:30,95795.25,95877.49,94832.93,94924.34,811.63535
12/23/2024 14:00,94924.35,95580,94847.05,95521.74,545.30647
12/23/2024 14:30,95522.18,95621.54,93700.01,94389.67,2806.20982
12/23/2024 15:00,94389.67,94430.89,93268.94,93432.2,1884.1638
12/23/2024 15:30,93432.18,93716.09,93107.52,93250.37,1055.84964
12/23/2024 16:00,93250.38,93500,92928.82,93439.06,1107.3663
12/23/2024 16:30,93439.07,94260,93000.38,93980.61,1248.65255
12/23/2024 17:00,93980.61,94135.47,93280.49,93789.22,773.27483
12/23/2024 17:30,93789.21,93846.9,93206.79,93364.26,555.19412
12/23/2024 18:00,93364.26,93747.66,93174.58,93260.07,525.20571
12/23/2024 18:30,93260.06,93424.16,92690,92758.55,772.72093
12/23/2024 19:00,92758.54,93710.03,92702,93440.26,720.74555
12/23/2024 19:30,93440.26,93644,92960,93044.79,533.13664
12/23/2024 20:00,93044.79,93111.99,92520,92943.46,1036.7032
12/23/2024 20:30,92943.45,93530.01,92800,93186.34,757.89772
12/23/2024 21:00,93186.34,94305.61,93181.83,94072.42,923.51389
12/23/2024 21:30,94072.42,94251.77,93791.14,93964.01,483.60686
12/23/2024 22:00,93964.01,94985.43,93911.5,94947.7,588.0201
12/23/2024 22:30,94947.7,95191.81,94556.21,95191.81,431.58565
12/23/2024 23:00,95191.8,95509.09,95046.15,95121.21,657.65507
12/23/2024 23:30,95121.22,95131.69,94683.81,94881.47,410.06801
12/24/2024 0:00,94881.47,94881.47,94131.11,94406.09,544.03074
12/24/2024 0:30,94406.1,94666.67,94234.08,94550.22,411.81005
12/24/2024 1:00,94550.23,94672,94351.22,94471.39,258.67357
12/24/2024 1:30,94471.4,94471.4,94036,94123.43,308.90799
12/24/2024 2:00,94123.43,94320,93569.02,93817.23,549.24831
12/24/2024 2:30,93817.23,94257.47,93796,93961.45,330.35464
12/24/2024 3:00,93961.45,94173.1,93810.02,94163.97,385.21072
12/24/2024 3:30,94163.96,94400,94111.5,94348.75,347.58798
12/24/2024 4:00,94348.75,94397.86,94114.99,94362.96,159.95836
12/24/2024 4:30,94362.95,94416,94052.7,94412.3,386.35398
12/24/2024 5:00,94412.3,94640,94311.55,94560.78,210.07535
12/24/2024 5:30,94560.78,94653.45,94431.38,94606.06,202.60141
12/24/2024 6:00,94606.06,94606.07,94200.01,94407.99,301.06286
12/24/2024 6:30,94407.98,94453.58,93830.47,93918.99,290.51494
12/24/2024 7:00,93918.99,94200,93810.45,94138.91,253.14425
12/24/2024 7:30,94138.9,94313.61,94111.05,94233.19,195.78183
12/24/2024 8:00,94233.2,94635.7,94125.42,94421.18,412.99097
12/24/2024 8:30,94421.19,94545.45,94267.62,94495.77,220.46507
12/24/2024 9:00,94495.77,94530.42,93952,94160.01,210.84145
12/24/2024 9:30,94160.01,94240,93991.52,94068.01,235.94771
12/24/2024 10:00,94068.01,94194.07,93840,93898.78,251.12599
12/24/2024 10:30,93898.78,94054.67,93864.01,93972.01,138.50303
12/24/2024 11:00,93972.01,94368.97,93934.69,94363.62,279.19001
12/24/2024 11:30,94363.63,94425.7,94246.08,94398.6,187.0364
12/24/2024 12:00,94398.6,94410.39,94075.1,94266.57,236.60125
12/24/2024 12:30,94266.58,94353.22,94091.1,94304.32,184.6066
12/24/2024 13:00,94305.84,94861.61,94289.24,94767.41,513.18387
12/24/2024 13:30,94767.41,96094,94767.4,96085.02,1106.91819
12/24/2024 14:00,96085.02,96904.93,95864.5,96833.86,1207.2657
12/24/2024 14:30,96833.86,97498.64,96554.97,97465.06,1430.47182
12/24/2024 15:00,97465.06,97741.88,97235.55,97542.07,1285.84588
12/24/2024 15:30,97542.06,98300,97376.77,98300,1005.47146
12/24/2024 16:00,98299.99,98600,98000,98493.11,1097.75953
12/24/2024 16:30,98493.12,98666,97964,98496.23,1074.4895
12/24/2024 17:00,98496.23,99030.72,98484.09,98714.11,1069.93771
12/24/2024 17:30,98714.11,99018.96,98325.78,98797.47,719.48327
12/24/2024 18:00,98797.47,99487.99,98418.16,98457.43,1028.84883
12/24/2024 18:30,98457.43,98851.79,98455.86,98618.66,450.43396
12/24/2024 19:00,98618.66,98743.52,98203.59,98203.59,354.95074
12/24/2024 19:30,98203.6,98415.63,97546.57,97581.09,651.00951
12/24/2024 20:00,97581.1,98056.27,97250,97817.88,796.73554
12/24/2024 20:30,97817.88,97980,97284.51,97298.01,451.92042
12/24/2024 21:00,97298.02,98267.62,97277.9,98128.5,506.25202
12/24/2024 21:30,98128.51,98462.28,98045.43,98397.96,285.72326
12/24/2024 22:00,98397.95,99068.9,98355.43,98621.6,505.68514
12/24/2024 22:30,98621.61,98863.82,98444.44,98777.11,245.74531
12/24/2024 23:00,98777.1,99019.1,98714.29,98739.99,214.84379
12/24/2024 23:30,98740,98855.99,98492.67,98663.58,178.62397
12/25/2024 0:00,98663.58,98753.25,98514.51,98514.52,261.94904
12/25/2024 0:30,98514.51,98878.44,98393.6,98418.42,453.47566
12/25/2024 1:00,98418.42,98597.6,98151.3,98170.98,313.60869
12/25/2024 1:30,98170.98,98231,97901.08,97983.18,284.39631
12/25/2024 2:00,97983.17,98124.43,97725.27,98019.74,318.09018
12/25/2024 2:30,98019.74,98353.99,97909.22,98131.07,275.73633
12/25/2024 3:00,98131.07,98273.62,97930.53,98202.96,245.98854
12/25/2024 3:30,98202.96,98280.02,97978.04,98029.48,193.78125
12/25/2024 4:00,98029.49,98201.4,97875.91,98167.47,203.69153
12/25/2024 4:30,98167.47,98354.39,98149.78,98236.01,133.29211
12/25/2024 5:00,98236.01,98322.75,98172.02,98251.28,104.46122
12/25/2024 5:30,98251.29,98360.65,98159.09,98279.28,151.02187
12/25/2024 6:00,98279.28,98581.9,97933.97,97984.66,279.86679
12/25/2024 6:30,97984.66,98143.13,97844.18,97884.38,174.84261
12/25/2024 7:00,97884.39,98366.79,97873.49,98088.06,220.2479
12/25/2024 7:30,98088.06,98198.8,97978.36,98084.33,187.21429
12/25/2024 8:00,98084.33,98271.76,97928.2,98251.65,192.17537
12/25/2024 8:30,98251.66,98259.52,97926.99,98069.71,197.72633
12/25/2024 9:00,98069.72,98190.81,98030.96,98190.8,109.41341
12/25/2024 9:30,98190.8,98265.07,98007.69,98189.54,223.19691
12/25/2024 10:00,98189.55,99349.31,98153.13,98910.97,795.36296
12/25/2024 10:30,98910.96,99138.57,98145.75,98457,492.59403
12/25/2024 11:00,98456.99,98866.77,98320.5,98831.33,260.90292
12/25/2024 11:30,98831.33,98850,97773.83,97907.61,754.99492
12/25/2024 12:00,97907.61,98277.69,97632.02,98152.47,579.53423
12/25/2024 12:30,98152.46,98610.11,98005.63,98176.03,729.52557
12/25/2024 13:00,98176.02,98548,98136,98320.01,220.63003
12/25/2024 13:30,98320,98609.89,98131.85,98462.56,234.91426
12/25/2024 14:00,98462.57,98760.92,98257.32,98579.52,296.40249
12/25/2024 14:30,98579.52,98832.89,98572.3,98710,254.42932
12/25/2024 15:00,98710,98724,98224.25,98310.68,247.84945
12/25/2024 15:30,98310.68,98715.37,98202.43,98519.98,280.06972
12/25/2024 16:00,98519.99,98696.4,98228,98417.78,224.53603
12/25/2024 16:30,98417.78,98540.44,98134.4,98425.51,284.46233
12/25/2024 17:00,98425.5,98583.36,98185.21,98500,185.59334
12/25/2024 17:30,98500,98659,98434.79,98570.82,158.52203
12/25/2024 18:00,98570.82,98965.9,98544.22,98948.88,266.56137
12/25/2024 18:30,98948.87,98978.18,98616,98756.26,301.03882
12/25/2024 19:00,98756.26,99193.92,98734.66,98946.2,252.92479
12/25/2024 19:30,98946.2,99299.99,98946.2,99018.52,421.20683
12/25/2024 20:00,99018.52,99400,99018.51,99339.65,259.65653
12/25/2024 20:30,99339.65,99372.05,98870.95,99144.62,282.80454
12/25/2024 21:00,99144.62,99555,98624.04,98670.44,606.38667
12/25/2024 21:30,98670.44,98718.99,98384.61,98506.36,266.94878
12/25/2024 22:00,98506.37,98739,98434.78,98739,213.36384
12/25/2024 22:30,98739,99100,98738.99,98811.16,253.32246
12/25/2024 23:00,98811.16,99460.62,98811.16,99137.58,434.68651
12/25/2024 23:30,99137.59,99569.15,99022.54,99429.6,390.76399
12/26/2024 0:00,99429.61,99963.7,99242.19,99316.73,710.95967
12/26/2024 0:30,99316.74,99401.75,98955.77,99028.66,401.70259
12/26/2024 1:00,99028.66,99143.92,98590,98796.5,551.83728
12/26/2024 1:30,98796.5,99250,98708.15,99057.01,290.84668
12/26/2024 2:00,99057.02,99194.21,98641.31,99115.01,373.71978
12/26/2024 2:30,99115,99127.18,98468.26,98750.34,382.03984
12/26/2024 3:00,98750.34,98902.72,98576.77,98829.49,276.24354
12/26/2024 3:30,98829.48,99167.12,98688.71,98995.17,351.68503
12/26/2024 4:00,98995.18,98995.18,98500,98542.29,312.20651
12/26/2024 4:30,98542.29,98571,98255,98300,317.72103
12/26/2024 5:00,98300,98383.99,98076.58,98272.34,456.42198
12/26/2024 5:30,98272.34,98460,98231.34,98375.01,178.17355
12/26/2024 6:00,98375.01,98484,98119.69,98198.81,220.08015
12/26/2024 6:30,98198.8,98255.55,98023.1,98121.2,251.33528
12/26/2024 7:00,98121.21,98292,97956.63,98043.52,295.49749
12/26/2024 7:30,98043.52,98104,97711.17,97719.99,507.49775
12/26/2024 8:00,97719.99,97772.13,96005,96181.05,2064.20089
12/26/2024 8:30,96181.06,96308.41,95616.18,95878.56,1254.04092
12/26/2024 9:00,95878.56,95978.52,95555,95660.01,515.09265
12/26/2024 9:30,95660.01,95829.49,95420.26,95439.25,569.21729
12/26/2024 10:00,95439.4,95642.32,95199.14,95511.55,461.28742
12/26/2024 10:30,95511.56,95777.4,95301,95500.02,375.2595
12/26/2024 11:00,95500.02,95917.63,95469.53,95853.91,433.76233
12/26/2024 11:30,95853.92,96035.5,95660,95695.81,383.39665
12/26/2024 12:00,95695.81,95880.6,95462.57,95815.59,276.14716
12/26/2024 12:30,95815.59,95832,95504.97,95680.71,249.97161
12/26/2024 13:00,95680.71,95748.74,95337.06,95403.86,462.28729
12/26/2024 13:30,95403.85,95772.9,95288,95704.44,457.69909
12/26/2024 14:00,95704.45,96280.25,95584,95796.58,691.23027
12/26/2024 14:30,95796.58,96012,95234.93,95449.36,965.04845
12/26/2024 15:00,95449.36,96214.27,95270,96129.13,648.86407
12/26/2024 15:30,96129.13,96216.91,95745.83,96042.88,516.32041
12/26/2024 16:00,96042.89,96543.4,95816.86,95921.16,659.08565
12/26/2024 16:30,95921.16,96621.95,95900,96519.47,359.67943
12/26/2024 17:00,96519.47,96547.99,95908.45,95947.2,432.01456
12/26/2024 17:30,95947.19,96204.82,95680,95824.27,340.54847
12/26/2024 18:00,95824.27,95986.4,95602.41,95915.53,283.80721
12/26/2024 18:30,95915.53,95980.2,95458.66,95743.44,247.14289
12/26/2024 19:00,95743.44,95835.21,95451,95551.51,237.92656
12/26/2024 19:30,95551.52,96198.58,95444.44,96102.25,331.98315
12/26/2024 20:00,96102.24,96114.46,95444.44,95542.17,248.82579
12/26/2024 20:30,95542.17,95873.5,95400,95589.6,381.85449
12/26/2024 21:00,95589.6,95800,95302,95746.85,374.61875
12/26/2024 21:30,95746.85,95933.74,95571.51,95812.63,223.03006
12/26/2024 22:00,95812.63,95963.86,95706.39,95766.15,156.89865
12/26/2024 22:30,95766.15,95940.14,95625,95821.92,169.40196
12/26/2024 23:00,95821.92,95887.99,95372.32,95675.99,329.94497
12/26/2024 23:30,95676,95856.71,95500,95791.6,213.81053
12/27/2024 0:00,95791.6,95930.39,95401.03,95712.77,411.96851
12/27/2024 0:30,95712.76,95853.17,95453.13,95794.56,215.73702
12/27/2024 1:00,95794.55,95922.49,95575.07,95682.59,285.9151
12/27/2024 1:30,95682.59,96250,95682.58,95917.03,440.42383
12/27/2024 2:00,95917.02,96443.68,95850.01,96443.27,544.90383
12/27/2024 2:30,96443.27,96443.28,95718.75,96073.77,428.14705
12/27/2024 3:00,96073.77,96350.82,95982.51,96234.94,222.49324
12/27/2024 3:30,96234.94,96443,96114.45,96417.84,385.65552
12/27/2024 4:00,96417.84,96575,96289.95,96375.28,508.97717
12/27/2024 4:30,96375.28,96595.98,96229.39,96300,383.69391
12/27/2024 5:00,96300.01,96333.77,96001,96021.35,387.35144
12/27/2024 5:30,96021.35,96265.07,96001,96238.89,236.39825
12/27/2024 6:00,96238.89,96391.54,96107.28,96343.14,170.42072
12/27/2024 6:30,96343.13,96594.44,96242.32,96594.16,219.13076
12/27/2024 7:00,96594.17,96604.24,95526.32,95549.65,496.49115
12/27/2024 7:30,95549.65,95569.58,94646.03,95104.76,2198.06562
12/27/2024 8:00,95104.76,96286.02,95104.76,96080.13,944.92216
12/27/2024 8:30,96080.14,96395,95695.52,95724.02,474.15592
12/27/2024 9:00,95724.01,97544.58,95674,96868.74,1896.4311
12/27/2024 9:30,96868.74,97034.93,96659.86,96774.13,449.0038
12/27/2024 10:00,96774.14,97029.25,96479.09,96585.34,343.80215
12/27/2024 10:30,96585.34,96656.62,96195.2,96605.46,388.2736
12/27/2024 11:00,96605.46,96656.63,96377.77,96561.43,186.5446
12/27/2024 11:30,96561.44,96953.71,96438.47,96952.38,280.37524
12/27/2024 12:00,96952.38,97035.8,96688.88,96733.46,367.40499
12/27/2024 12:30,96733.47,96900,96617.64,96686.75,249.58264
12/27/2024 13:00,96686.74,96686.74,96229.66,96423.2,547.85591
12/27/2024 13:30,96423.21,96578.56,96265.06,96407.99,244.03339
12/27/2024 14:00,96407.99,96480,96093.21,96348,355.56095
12/27/2024 14:30,96348,96380.71,95161.17,95691.99,1161.1833
12/27/2024 15:00,95692,95718.13,94525.63,94680.02,1472.17743
12/27/2024 15:30,94680.02,94790.88,94011.11,94573.75,2027.93475
12/27/2024 16:00,94573.75,94684.14,94150,94659.98,1008.14022
12/27/2024 16:30,94659.98,94996.16,94101.02,94165.92,627.28859
12/27/2024 17:00,94165.92,94354.82,93500.01,93766.36,1498.5712
12/27/2024 17:30,93766.37,94319.79,93752.55,94291.3,813.46657
12/27/2024 18:00,94291.3,94661.04,94212.3,94572.97,350.3262
12/27/2024 18:30,94572.98,94770.15,94352.94,94566.06,406.12906
12/27/2024 19:00,94566.05,94656.2,94252,94334.9,293.7151
12/27/2024 19:30,94334.89,94810.07,94255.68,94750,281.34023
12/27/2024 20:00,94750.11,94778.43,94313.82,94562.17,343.68762
12/27/2024 20:30,94562.17,94700,94340,94588.12,398.66783
12/27/2024 21:00,94588.12,94823.09,94472.39,94697.55,188.32001
12/27/2024 21:30,94697.55,94755.99,94379.35,94526.07,209.21727
12/27/2024 22:00,94526.07,94625.99,94200,94500.22,270.37156
12/27/2024 22:30,94500.21,94674.5,94392.41,94437.75,189.32358
12/27/2024 23:00,94437.75,94526.09,94252.42,94366.77,249.92622
12/27/2024 23:30,94366.78,94507.13,94100.6,94299.03,447.75798
12/28/2024 0:00,94299.03,94544.35,94243.32,94458.81,270.19074
12/28/2024 0:30,94458.8,94496.74,94314.5,94398.75,165.06008
12/28/2024 1:00,94398.75,94446.78,94135.66,94261.95,180.00231
12/28/2024 1:30,94261.96,94615.24,94150.01,94556.93,197.1694
12/28/2024 2:00,94556.92,94619,94467.39,94525.07,160.25281
12/28/2024 2:30,94525.07,94596,94276.01,94338,128.53487
12/28/2024 3:00,94338,94629.47,94335.88,94608.36,124.87616
12/28/2024 3:30,94608.36,94720,94517.5,94594.91,115.43968
12/28/2024 4:00,94594.91,94643.87,94512.74,94608.56,126.65899
12/28/2024 4:30,94608.56,94616.71,94511.71,94524,58.38275
12/28/2024 5:00,94524,94751.36,94523.99,94685.6,123.95844
12/28/2024 5:30,94685.59,94800,94610.54,94625.64,121.86016
12/28/2024 6:00,94625.64,94724.88,94518,94538.5,170.38213
12/28/2024 6:30,94538.49,94581.08,94405.28,94466.49,134.02901
12/28/2024 7:00,94466.49,94634.25,94466.48,94555.99,103.93855
12/28/2024 7:30,94555.99,94563.12,94307,94381.99,131.974
12/28/2024 8:00,94381.98,94487.1,94312.67,94408.63,100.84954
12/28/2024 8:30,94408.63,94539.43,94381.29,94488.01,88.307
12/28/2024 9:00,94488.01,94687.34,94488.01,94598.04,166.79015
12/28/2024 9:30,94598.03,94692.3,94589.27,94589.27,114.55712
12/28/2024 10:00,94589.28,94702.42,94502.21,94689.78,133.70565
12/28/2024 10:30,94689.78,94716.06,94566.68,94619.99,142.83449
12/28/2024 11:00,94620,94739.97,94600,94739.96,146.62908
12/28/2024 11:30,94739.96,94883,94640.01,94754.83,170.00456
12/28/2024 12:00,94754.83,94880,94625,94649.99,154.94482
12/28/2024 12:30,94649.99,94739.09,94577.66,94599.57,139.30653
12/28/2024 13:00,94599.56,94761.33,94529.87,94690.59,177.76726
12/28/2024 13:30,94690.59,94754.48,94496.73,94665.94,216.4675
12/28/2024 14:00,94665.29,95340.36,94584.78,94900,537.26546
12/28/2024 14:30,94900.01,94977.74,94411.76,94583.99,368.5664
12/28/2024 15:00,94583.99,94819.57,94496.73,94708.57,210.54497
12/28/2024 15:30,94708.57,94808.82,94375.8,94447.29,208.28004
12/28/2024 16:00,94447.28,94621.98,94389.45,94586.55,306.99042
12/28/2024 16:30,94586.55,94923.06,94574.16,94874.89,249.99144
12/28/2024 17:00,94874.89,95245.24,94810.51,95108.71,399.82735
12/28/2024 17:30,95108.72,95202.06,94936.95,95022.57,171.06256
12/28/2024 18:00,95022.58,95100,94891.26,94981.22,172.6406
12/28/2024 18:30,94981.22,95004.68,94715.16,94837.31,133.00716
12/28/2024 19:00,94837.31,95099.81,94837.3,95020.01,146.55045
12/28/2024 19:30,95020,95138.05,94980.01,95027.76,118.90947
12/28/2024 20:00,95027.75,95073.28,94878.26,94882.68,110.89896
12/28/2024 20:30,94882.67,95151.13,94878.26,95083.05,82.41521
12/28/2024 21:00,95083.05,95085.76,94968.86,95029.87,123.15286
12/28/2024 21:30,95029.87,95223.72,94985.34,95171.67,85.73973
12/28/2024 22:00,95171.67,95461.74,95047.11,95246.51,217.4449
12/28/2024 22:30,95246.51,95733.99,95058.21,95326.4,339.01929
12/28/2024 23:00,95326.4,95408.9,95112.43,95325.91,206.03506
12/28/2024 23:30,95325.9,95408,95164,95300,132.67679
12/29/2024 0:00,95300,95340,95140.09,95140.09,155.32858
12/29/2024 0:30,95140.1,95229.07,95042.6,95148.49,128.45213
12/29/2024 1:00,95148.49,95210.22,94880,95008.49,132.46326
12/29/2024 1:30,95008.5,95032,94808,94857.65,183.91004
12/29/2024 2:00,94857.66,95171.42,94851.25,95119.95,108.51264
12/29/2024 2:30,95119.95,95211.88,95063.7,95154.5,128.67025
12/29/2024 3:00,95154.5,95162.71,94978.33,95124.01,102.00581
12/29/2024 3:30,95124.02,95221.69,95080,95172.4,113.76893
12/29/2024 4:00,95172.41,95283.99,95116,95145.82,116.30645
12/29/2024 4:30,95145.82,95180.45,95063.4,95126.39,95.52555
12/29/2024 5:00,95126.39,95199.97,95071.21,95168.09,66.1581
12/29/2024 5:30,95168.1,95168.1,95071.21,95118.89,69.75091
12/29/2024 6:00,95118.89,95165.18,94971.44,95165.17,124.62429
12/29/2024 6:30,95165.18,95212,95100,95181.7,146.35247
12/29/2024 7:00,95181.7,95271.56,95098.98,95118.87,149.39642
12/29/2024 7:30,95118.88,95272.05,95076.68,95272.04,107.81667
12/29/2024 8:00,95272.05,95315.5,95103.09,95131.66,107.64562
12/29/2024 8:30,95131.65,95156.86,95078.5,95123.33,76.94059
12/29/2024 9:00,95123.33,95183.45,95048.3,95183.45,76.29451
12/29/2024 9:30,95183.44,95211.41,95099.27,95190.49,98.78961
12/29/2024 10:00,95190.5,95275.77,95110,95110,124.68113
12/29/2024 10:30,95110.01,95278.85,95102.76,95167.83,159.39293
12/29/2024 11:00,95167.83,95179.99,95066.23,95129.88,71.50559
12/29/2024 11:30,95129.87,95183.61,95010,95032.57,73.2529
12/29/2024 12:00,95032.58,95130.24,95000,95000,105.59798
12/29/2024 12:30,95000.01,95012.86,94900.82,94907.89,158.4571
12/29/2024 13:00,94907.88,95015.18,94842.7,94876.5,265.49622
12/29/2024 13:30,94876.51,94966.31,94800,94928.2,218.56821
12/29/2024 14:00,94928.2,95231.58,94520.23,94657.26,641.93875
12/29/2024 14:30,94657.26,94820,94010,94623.67,932.5671
12/29/2024 15:00,94623.68,94692.36,94404.9,94650.31,294.9863
12/29/2024 15:30,94650.32,94794.79,94511.11,94511.12,263.60254
12/29/2024 16:00,94511.11,94578.89,93900.01,93980.01,1034.15181
12/29/2024 16:30,93980,94039.93,93600,93900.01,539.71408
12/29/2024 17:00,93900.01,94117.5,93800.37,93865.07,375.76851
12/29/2024 17:30,93865.08,94050,93830,93945.01,235.38772
12/29/2024 18:00,93945,93945.01,93693.85,93768.45,299.6977
12/29/2024 18:30,93768.46,93927.71,93600,93652,564.05807
12/29/2024 19:00,93652,93880,93616.67,93726.3,225.41878
12/29/2024 19:30,93726.31,93795.49,93367.52,93612.89,766.28354
12/29/2024 20:00,93612.89,93665.98,93392.01,93498.71,308.17854
12/29/2024 20:30,93498.71,93880,93345,93858.55,413.66799
12/29/2024 21:00,93858.55,93949.52,93600,93872.26,376.86521
12/29/2024 21:30,93872.26,93944.94,93121,93352.65,657.19931
12/29/2024 22:00,93352.65,93507.99,93087.97,93310.01,615.30639
12/29/2024 22:30,93310,93770.41,93088.04,93135.32,528.35102
12/29/2024 23:00,93135.32,93520,93009.52,93500.55,630.55187
12/29/2024 23:30,93500.55,93871.02,93488.83,93738.2,406.64566
12/30/2024 0:00,93738.19,93908.24,93510,93671.68,375.27474
12/30/2024 0:30,93671.69,93722.99,93500,93583.96,200.49524
12/30/2024 1:00,93583.96,93916.62,93368.93,93861.89,450.3061
12/30/2024 1:30,93861.89,94274.29,93438.99,93948.42,702.16599
12/30/2024 2:00,93948.41,93973.61,93436.17,93532,429.3995
12/30/2024 2:30,93532,93936.24,93413.72,93906.41,338.05245
12/30/2024 3:00,93906.41,94080,93780,93890.62,250.34362
12/30/2024 3:30,93890.62,93919.9,93639.87,93722.71,152.5926
12/30/2024 4:00,93722.72,93979.45,93434.82,93555.98,302.216
12/30/2024 4:30,93555.98,93673.86,93264.14,93280.26,261.57009
12/30/2024 5:00,93280.27,93527.57,93240.03,93249.95,221.90653
12/30/2024 5:30,93249.95,93581.53,93246.96,93581.53,250.54873
12/30/2024 6:00,93581.53,94060.35,93517.38,93886.19,359.11006
12/30/2024 6:30,93886.19,93949.75,93733.69,93901.29,273.72611
12/30/2024 7:00,93901.29,93947.99,93500.01,93546.71,202.79512
12/30/2024 7:30,93546.71,93764,93319.99,93731.65,568.10977
12/30/2024 8:00,93731.66,93917.77,93723.29,93835.7,221.44363
12/30/2024 8:30,93835.71,93967.21,93725.15,93851.11,151.76957
12/30/2024 9:00,93851.1,93950.27,93686.68,93902.45,214.23048
12/30/2024 9:30,93902.45,94023.84,93857.84,93892.35,245.27123
12/30/2024 10:00,93892.35,94068.56,93864,93919.99,162.35945
12/30/2024 10:30,93920,93920.01,93730.95,93793.27,141.68482
12/30/2024 11:00,93793.27,93938.07,93469.56,93880.98,347.51774
12/30/2024 11:30,93880.98,93953.09,93832.04,93923.14,199.62577
12/30/2024 12:00,93923.14,94277.23,93889.69,94121.31,292.61905
12/30/2024 12:30,94121.31,94178.67,93722.06,93750.69,353.93254
12/30/2024 13:00,93750.68,93820.9,93215,93293.48,896.67312
12/30/2024 13:30,93293.47,93396.1,92613,92680.52,1386.79023
12/30/2024 14:00,92680.52,93100,92586.01,93099.98,720.94713
12/30/2024 14:30,93099.99,93120,91820.46,91883.99,2416.06102
12/30/2024 15:00,91884,92256,91530.45,91688.66,1696.79715
12/30/2024 15:30,91688.66,92473.32,91638.63,92130.21,1532.14226
12/30/2024 16:00,92130.21,92227.17,91800,91994.35,663.28167
12/30/2024 16:30,91994.13,92179.87,91883.32,92120.6,521.76055
12/30/2024 17:00,92120.6,92576.91,91980.53,92538.03,533.08789
12/30/2024 17:30,92538.03,94200,92475.23,93832.83,1554.29849
12/30/2024 18:00,93832.82,94684.09,93570,94347.99,1302.8755
12/30/2024 18:30,94347.99,94675.51,94222,94583.99,659.86732
12/30/2024 19:00,94583.98,94622.75,93939.29,94143.62,603.11074
12/30/2024 19:30,94143.62,94441.8,94143.62,94417.04,292.69801
12/30/2024 20:00,94417.04,95024.5,94409,94632.88,706.5242
12/30/2024 20:30,94632.88,94712.16,94296.75,94338.8,439.51637
12/30/2024 21:00,94338.8,94376.3,93828.6,93928.98,400.46097
12/30/2024 21:30,93928.98,93928.98,91901.57,92076,1874.33752
12/30/2024 22:00,92076,92774.65,91948,92597.02,792.75236
12/30/2024 22:30,92597.02,93027.69,92597.01,92784.75,377.86723
12/30/2024 23:00,92784.76,92786.15,92389.28,92684.26,274.80487
12/30/2024 23:30,92684.26,92893.4,92592.85,92792.05,303.70097
12/31/2024 0:00,92792.05,92907.03,92505.01,92564.29,261.11111
12/31/2024 0:30,92564.29,92868.22,92375.15,92450,322.9366
12/31/2024 1:00,92450,92575.76,92065,92145.75,1016.21576
12/31/2024 1:30,92145.74,92543.74,92033.73,92435.57,226.90631
12/31/2024 2:00,92435.73,92610.54,92303.21,92596.73,176.76245
12/31/2024 2:30,92596.73,92702.43,92474.37,92476.35,236.81888
12/31/2024 3:00,92476.35,92654.74,92250,92555.28,272.75453
12/31/2024 3:30,92555.29,92631.97,92355.4,92509.59,159.76098
12/31/2024 4:00,92509.6,92832.29,92500.17,92608.56,245.4388
12/31/2024 4:30,92608.56,92733.31,92344.07,92448,263.43509
12/31/2024 5:00,92448,92711,92357.71,92601.14,181.98657
12/31/2024 5:30,92601.14,92750,92548,92596.08,148.98371
12/31/2024 6:00,92596.08,93040.1,92568.5,92813.02,388.22985
12/31/2024 6:30,92813.01,92839.94,92611.82,92816,197.46328
12/31/2024 7:00,92816,92910.01,92770,92856.66,223.73354
12/31/2024 7:30,92856.66,92910.03,92782.56,92860.75,261.50211
12/31/2024 8:00,92860.75,94196,92842.88,94097.36,713.86384
12/31/2024 8:30,94097.36,94741.68,93766.39,93933.38,1064.55031
12/31/2024 9:00,93933.38,94151.52,93831.24,93968,441.0286
12/31/2024 9:30,93968.47,94119.04,93889.38,94023.88,253.59296
12/31/2024 10:00,94023.88,94090.82,93664.06,94022,441.32498
12/31/2024 10:30,94022,94271.29,93952.18,94113.69,273.84448
12/31/2024 11:00,94113.69,94270.44,93992.6,94065.6,321.87367
12/31/2024 11:30,94065.6,94285.12,93984,94232.68,218.34927
12/31/2024 12:00,94232.68,94818.49,94232.67,94802.96,754.07895
12/31/2024 12:30,94802.95,94958.85,94504.21,94539.85,498.1011
12/31/2024 13:00,94539.86,96054.79,94524.43,95744,946.44188
12/31/2024 13:30,95744,95973.95,95436,95587.12,857.05999
12/31/2024 14:00,95587.12,95926.44,95484.69,95848.3,558.20426
12/31/2024 14:30,95848.3,96250,95372.35,95679.17,946.13291
12/31/2024 15:00,95679.17,95823.29,94909.12,95575.76,886.47806
12/31/2024 15:30,95575.76,95982.62,95327.77,95412,475.89548
12/31/2024 16:00,95412,95590.52,94930.47,94957.28,449.49554
12/31/2024 16:30,94957.28,94990.56,94606.4,94868.42,592.98943
12/31/2024 17:00,94868.41,95047.71,94500,94538.08,291.55651
12/31/2024 17:30,94538.08,94563.2,93189.59,94120.94,1040.84722
12/31/2024 18:00,94120.92,94416.72,93779.8,93979.48,575.08934
12/31/2024 18:30,93979.49,94200,93818.18,93875.68,241.72083
12/31/2024 19:00,93875.69,94290.91,93857.29,93930.14,294.2629
12/31/2024 19:30,93930.14,94166.89,93712.45,94166.88,168.53052
12/31/2024 20:00,94166.88,94222.5,93876.74,94091.4,201.03936
12/31/2024 20:30,94091.39,94102.63,93450.17,93564.04,532.00211
12/31/2024 21:00,93564.01,93773.77,93504.67,93609.85,215.33654
12/31/2024 21:30,93609.84,93964.15,93599.98,93899.68,122.19061
12/31/2024 22:00,93899.67,93899.67,93569.7,93722.23,144.54837
12/31/2024 22:30,93722.23,93833.46,93375.58,93488.84,170.98435
12/31/2024 23:00,93488.83,93756,93375.38,93731.05,175.87593
12/31/2024 23:30,93731.06,93734.91,93456,93576,160.70402
1/1/2025 0:00,93576,93898.05,93489.03,93761.9,271.27422
1/1/2025 0:30,93761.9,94509.42,93761.89,94401.14,484.71588
1/1/2025 1:00,94401.13,94408.72,93819.6,93825.86,387.2325
1/1/2025 1:30,93825.86,93989.37,93578.77,93607.74,199.30206
1/1/2025 2:00,93607.74,93805.16,93594.56,93742.52,152.93592
1/1/2025 2:30,93742.51,94105.12,93742.51,94098.91,123.84453
1/1/2025 3:00,94098.9,94098.91,93766.23,93830.89,112.48847
1/1/2025 3:30,93830.9,93891.15,93728.22,93838.04,108.50455
1/1/2025 4:00,93838.04,93838.04,93679.07,93738.09,141.00467
1/1/2025 4:30,93738.09,93738.1,93500,93553.91,138.46442
1/1/2025 5:00,93553.91,93933.33,93547.4,93891.74,141.23578
1/1/2025 5:30,93891.74,93937.19,93792.01,93792.02,67.94362
1/1/2025 6:00,93792.02,93792.02,93603.21,93654.5,94.66068
1/1/2025 6:30,93654.5,93757.58,93568.38,93757.58,177.61778
1/1/2025 7:00,93757.57,93786.04,93664.08,93786.03,72.64035
1/1/2025 7:30,93786.03,93800,93664.09,93684.1,125.29423
1/1/2025 8:00,93684.11,93756.02,93304,93416.41,317.3764
1/1/2025 8:30,93416.41,93547.83,93320,93428.46,164.33533
1/1/2025 9:00,93428.47,93486.29,92888,93141.91,431.78652
1/1/2025 9:30,93141.91,93446.48,93001,93413.06,366.71121
1/1/2025 10:00,93413.07,93536.75,93357.67,93410.25,138.8758
1/1/2025 10:30,93410.25,93509.74,93284,93326.23,126.67612
1/1/2025 11:00,93326.24,93485.88,93200,93485.88,159.94019
1/1/2025 11:30,93485.88,93705.08,93402,93444.64,161.78206
1/1/2025 12:00,93444.65,93972,93407.07,93888.31,334.71719
1/1/2025 12:30,93888.3,93909.1,93700.73,93820.76,164.63894
1/1/2025 13:00,93820.75,93900,93600.28,93729.3,162.40121
1/1/2025 13:30,93729.3,94058.79,93724,94031.76,177.96266
1/1/2025 14:00,94031.77,94450.85,93883.66,93919.99,406.18562
1/1/2025 14:30,93919.99,94225.58,93671.48,94175.89,345.72135
1/1/2025 15:00,94175.89,94265.75,93900,94160.5,221.49823
1/1/2025 15:30,94160.5,94500,94089.16,94432.94,264.58572
1/1/2025 16:00,94432.94,94492,94096.01,94149.98,324.97033
1/1/2025 16:30,94149.99,94188.77,93922,94090.49,255.30351
1/1/2025 17:00,94090.5,94131.66,93760.93,93973.11,183.80447
1/1/2025 17:30,93973.12,94189.16,93897.75,94143.85,120.06348
1/1/2025 18:00,94143.84,94240.44,93936.44,94208.43,98.05808
1/1/2025 18:30,94208.43,94380.44,94191.73,94340.06,193.73023
1/1/2025 19:00,94340.06,94398.74,94168.01,94261.99,147.69316
1/1/2025 19:30,94261.99,94823.75,94148.34,94627.07,397.43056
1/1/2025 20:00,94627.08,94836,94579.83,94711.84,221.39956
1/1/2025 20:30,94711.84,94852.7,94644.15,94786.23,203.02512
1/1/2025 21:00,94786.23,95151.15,94687.87,94955.98,391.22645
1/1/2025 21:30,94955.99,95000,94734.57,94978.48,245.58511
1/1/2025 22:00,94978.48,94997.32,94685.81,94735.5,216.26985
1/1/2025 22:30,94735.49,94970.34,94735.49,94802.98,193.50417
1/1/2025 23:00,94802.99,94952.29,94600,94637.69,243.52171
1/1/2025 23:30,94637.69,94757.29,94542,94591.79,193.38613
1/2/2025 0:00,94591.78,95200,94392,94928.71,499.57699
1/2/2025 0:30,94928.71,95381.7,94724,95128.59,682.18874
1/2/2025 1:00,95128.59,95516,95020,95081.09,749.11483
1/2/2025 1:30,95081.08,95081.09,94699.69,94862.72,394.25134
1/2/2025 2:00,94862.73,95136.37,94803.03,95026.52,237.45587
1/2/2025 2:30,95026.51,95234.37,94829,95234.36,218.19413
1/2/2025 3:00,95234.37,95299.24,94960.36,95075.77,178.83169
1/2/2025 3:30,95075.77,95093.83,94913.75,95010.33,111.45417
1/2/2025 4:00,95010.34,95273.45,94984.84,95173.88,234.24722
1/2/2025 4:30,95173.87,96000,95173.87,95708.07,691.37197
1/2/2025 5:00,95708.07,95800,95395.21,95760.99,514.15945
1/2/2025 5:30,95760.98,95775.37,95508.11,95596.48,187.95776
1/2/2025 6:00,95596.48,95697.01,95380.04,95460,191.52706
1/2/2025 6:30,95460,95594.15,95384.57,95574.99,325.94066
1/2/2025 7:00,95575,95836,95505.35,95773.3,210.2624
1/2/2025 7:30,95773.3,95880,95692.46,95822,242.36533
1/2/2025 8:00,95822.01,96050.03,95650.78,95721.42,415.70016
1/2/2025 8:30,95721.43,96211.54,95640.05,96150,429.06147
1/2/2025 9:00,96150,96435.67,96036.86,96393.5,466.48033
1/2/2025 9:30,96393.51,96799.86,96287.87,96755.51,509.54495
1/2/2025 10:00,96755.51,96808.37,96563.77,96697.95,541.37536
1/2/2025 10:30,96697.95,96764.02,96538.77,96708,285.3715
1/2/2025 11:00,96708,96876.38,96469.46,96556.16,364.31216
1/2/2025 11:30,96556.16,96789.47,96550.69,96732.99,169.35158
1/2/2025 12:00,96733,96895,96609.42,96754.72,360.02599
1/2/2025 12:30,96754.72,96865.05,96611,96850.01,317.27911
1/2/2025 13:00,96850.01,96988.05,96630,96763.6,514.14349
1/2/2025 13:30,96763.61,96794.97,96436,96458.17,389.13098
1/2/2025 14:00,96458.17,96491.15,95924.6,96474.83,755.54623
1/2/2025 14:30,96474.83,97440.91,96267.45,97256.49,2251.55833
1/2/2025 15:00,97256.48,97323.16,96313,96666.85,1061.20662
1/2/2025 15:30,96666.85,96744.82,96164.78,96455.01,945.84038
1/2/2025 16:00,96455.01,97387.15,96040.04,97387.15,918.03444
1/2/2025 16:30,97387.14,97650,97152.89,97229.74,806.99546
1/2/2025 17:00,97229.75,97591.84,97033.95,97084.41,484.47787
1/2/2025 17:30,97084.41,97099.46,96325.44,96757.57,788.27988
1/2/2025 18:00,96757.57,97113.44,96400,96903,479.15018
1/2/2025 18:30,96902.99,97350,96634.61,97319.74,360.75442
1/2/2025 19:00,97319.74,97777,97212.81,97600,405.85314
1/2/2025 19:30,97600,97600,97200,97317.74,308.55651
1/2/2025 20:00,97317.74,97839.5,97317.74,97600,341.7144
1/2/2025 20:30,97600.01,97728.93,97300,97306.46,377.1324
1/2/2025 21:00,97306.46,97355.77,97060.52,97124.48,216.47964
1/2/2025 21:30,97124.48,97265.28,97040.16,97212.68,177.66763
1/2/2025 22:00,97212.69,97212.69,96666.66,96882.8,272.84023
1/2/2025 22:30,96882.8,97042.26,96841.69,96911.04,145.94069
1/2/2025 23:00,96911.04,97022.76,96758.17,96973.53,278.22109
1/2/2025 23:30,96973.52,97077.78,96847.16,96984.79,163.56325
1/3/2025 0:00,96984.79,97080.96,96796.56,97025.92,188.41298
1/3/2025 0:30,97025.92,97068.14,96799.96,96825.82,126.59675
1/3/2025 1:00,96825.83,96907.13,96650,96907.12,188.29666
1/3/2025 1:30,96907.13,97000,96682.69,96985.47,154.06248
1/3/2025 2:00,96985.47,97342.44,96856.98,97259,221.42404
1/3/2025 2:30,97258.99,97262.19,96952.66,96966.85,167.21604
1/3/2025 3:00,96966.85,97084.25,96833.99,96941.88,158.04488
1/3/2025 3:30,96941.87,97090.91,96876.8,97062.3,97.70432
1/3/2025 4:00,97062.3,97066.18,96878.52,96920.26,122.48991
1/3/2025 4:30,96920.27,96962.56,96766.51,96813.41,143.03222
1/3/2025 5:00,96813.49,96860.48,96590.28,96678.76,189.01206
1/3/2025 5:30,96678.76,96813.77,96639.7,96765.34,127.45125
1/3/2025 6:00,96765.35,96918.56,96619.98,96668,197.25757
1/3/2025 6:30,96667.55,96739.67,96512,96539.49,185.14506
1/3/2025 7:00,96539.49,96645.83,96411.54,96452.07,219.93922
1/3/2025 7:30,96452.06,96472.94,96280.65,96304,326.93007
1/3/2025 8:00,96304,96529.84,96304,96341.01,229.13033
1/3/2025 8:30,96341.01,96341.02,96100.01,96129.97,314.26088
1/3/2025 9:00,96129.97,96570.62,96107.84,96491.86,336.47425
1/3/2025 9:30,96491.87,96702.48,96450,96554.32,191.5206
1/3/2025 10:00,96554.32,96561.36,96402.82,96537,198.78626
1/3/2025 10:30,96537,96640.01,96454.36,96488.53,156.59043
1/3/2025 11:00,96488.53,96816.11,96482.51,96750,223.87521
1/3/2025 11:30,96750,96830,96661.68,96757.58,224.53987
1/3/2025 12:00,96757.57,96901.06,96717.36,96893.04,227.27631
1/3/2025 12:30,96893.03,96921.36,96666.66,96666.66,160.30609
1/3/2025 13:00,96666.66,96839.71,96482.52,96538.96,337.05348
1/3/2025 13:30,96538.95,96716.92,96472.43,96504.79,293.75025
1/3/2025 14:00,96504.8,97131,96504.79,97084.6,370.38839
1/3/2025 14:30,97084.6,97342.44,96624.5,97016.01,1020.20235
1/3/2025 15:00,97016,97450,96759.12,97263.78,833.48377
1/3/2025 15:30,97263.79,97660,97138.14,97521.35,754.11782
1/3/2025 16:00,97521.36,98444.42,97406.54,98066,1197.51627
1/3/2025 16:30,98066,98368.85,97720.31,97868.2,702.39871
1/3/2025 17:00,97868.21,98263.13,97837.63,98164.02,467.63787
1/3/2025 17:30,98164.02,98299.76,97944.44,98026,332.07357
1/3/2025 18:00,98025.99,98481.74,98000,98481.73,345.50984
1/3/2025 18:30,98481.73,98697.86,98290.75,98527.98,468.1334
1/3/2025 19:00,98527.97,98976.91,98491.53,98697.85,763.35955
1/3/2025 19:30,98697.85,98838.18,98554.3,98592.01,307.06756
1/3/2025 20:00,98592.02,98748,98300,98618.09,426.34055
1/3/2025 20:30,98618.08,98629.05,98311.51,98311.52,419.82916
1/3/2025 21:00,98311.51,98369.56,98196.96,98274.48,341.03029
1/3/2025 21:30,98274.47,98419.14,98209.95,98272.7,166.35008
1/3/2025 22:00,98272.7,98512.94,98272.7,98460.37,174.29159
1/3/2025 22:30,98460.38,98485.83,98250,98296.37,143.25685
1/3/2025 23:00,98296.37,98382.19,98101,98101.01,171.16678
1/3/2025 23:30,98101.01,98184.6,98067.99,98174.18,143.09549
1/4/2025 0:00,98174.17,98288,98016.69,98094.02,256.92558
1/4/2025 0:30,98094.02,98094.02,97887.2,97950.01,208.21763
1/4/2025 1:00,97950.01,98005.69,97800,97960.15,175.38433
1/4/2025 1:30,97960.15,98095.06,97909.09,98040,116.71426
1/4/2025 2:00,98040,98042.02,97848.48,97900.67,173.84382
1/4/2025 2:30,97900.67,98314.15,97874.64,98304.51,195.05776
1/4/2025 3:00,98304.51,98304.51,98052.97,98086.8,139.14915
1/4/2025 3:30,98086.8,98269.39,98078.48,98200,135.53935
1/4/2025 4:00,98200.01,98200.01,97900,97948.87,156.41186
1/4/2025 4:30,97948.87,98012.91,97862.87,98001,148.08771
1/4/2025 5:00,98001,98164.75,97988.76,98143.44,108.86877
1/4/2025 5:30,98143.45,98196.51,98063.34,98126.21,141.1091
1/4/2025 6:00,98126.21,98140.98,98047.79,98073.02,108.27212
1/4/2025 6:30,98073.03,98209.7,98039.91,98127.54,103.65126
1/4/2025 7:00,98127.53,98350.04,98095.17,98193.71,288.71588
1/4/2025 7:30,98193.71,98323.28,98169.92,98271.88,165.74553
1/4/2025 8:00,98271.87,98306.22,98112.55,98185.85,137.61829
1/4/2025 8:30,98185.85,98270.07,97905.26,97906.07,166.05749
1/4/2025 9:00,97906.08,97980,97713.11,97873.39,261.61372
1/4/2025 9:30,97873.39,97899.07,97532.58,97690.37,410.17778
1/4/2025 10:00,97690.37,97762.33,97600,97736.17,194.34169
1/4/2025 10:30,97736.17,97859.6,97736.16,97789.32,136.34391
1/4/2025 11:00,97789.32,97789.32,97711.54,97758.89,139.23648
1/4/2025 11:30,97758.89,97923.07,97758.88,97889.39,139.8747
1/4/2025 12:00,97889.4,98016.97,97800,97921.89,186.52785
1/4/2025 12:30,97921.9,97993.49,97801.49,97888.12,150.26907
1/4/2025 13:00,97888.12,97967.35,97770.74,97849.51,185.73781
1/4/2025 13:30,97849.51,98068.46,97750,97973.05,277.46273
1/4/2025 14:00,97973.05,98013.32,97828.38,98000,172.8449
1/4/2025 14:30,98000.01,98080.15,97940.64,98035.04,156.5967
1/4/2025 15:00,98035.05,98152.02,97625.6,97832.06,262.40947
1/4/2025 15:30,97832.07,97832.07,97514.79,97657.94,475.37478
1/4/2025 16:00,97657.95,97874.68,97623.99,97703.12,205.33172
1/4/2025 16:30,97703.11,97729.14,97549.99,97704.6,369.78729
1/4/2025 17:00,97704.6,97826.81,97687.77,97780.29,105.5756
1/4/2025 17:30,97780.28,98049.99,97752.02,98016.26,145.87145
1/4/2025 18:00,98016.26,98139.13,97962.67,98057.28,142.22652
1/4/2025 18:30,98057.27,98098.39,97909.85,97961.56,94.99145
1/4/2025 19:00,97961.56,98350,97931.23,98167.17,215.07358
1/4/2025 19:30,98167.17,98264.24,98093.66,98166.26,115.4081
1/4/2025 20:00,98166.26,98490,98166.25,98456.37,183.24185
1/4/2025 20:30,98456.37,98671.02,98400,98599.02,258.45288
1/4/2025 21:00,98599.02,98778.43,98502.77,98532.81,360.71599
1/4/2025 21:30,98532.81,98532.82,98344,98362.43,175.65991
1/4/2025 22:00,98362.43,98406.27,98266.33,98268,143.37617
1/4/2025 22:30,98268.01,98484.85,98265.91,98417.25,146.3313
1/4/2025 23:00,98417.25,98419.14,98143.2,98240,144.71746
1/4/2025 23:30,98240,98311.24,98208,98220.5,109.11376
1/5/2025 0:00,98220.51,98391.59,98154.18,98272.31,165.26249
1/5/2025 0:30,98272.31,98343.9,98200.36,98213.43,89.17103
1/5/2025 1:00,98213.44,98322.35,98151.51,98213.61,99.19419
1/5/2025 1:30,98213.61,98213.62,98050,98123.53,138.16828
1/5/2025 2:00,98123.53,98212.13,98123.52,98181.82,102.92484
1/5/2025 2:30,98181.81,98227.49,98105.41,98227.48,84.61195
1/5/2025 3:00,98227.49,98227.49,98115.3,98152.01,62.38217
1/5/2025 3:30,98152.01,98187.97,98069,98187.96,88.85558
1/5/2025 4:00,98187.97,98522.76,98187.96,98487.16,178.31655
1/5/2025 4:30,98487.17,98487.17,98348.15,98357.46,60.34022
1/5/2025 5:00,98357.46,98425.97,98264.78,98425.96,97.80036
1/5/2025 5:30,98425.96,98500,98305.03,98358.98,114.84962
1/5/2025 6:00,98358.98,98393.94,98304.82,98370.35,62.43212
1/5/2025 6:30,98370.34,98500,98339.57,98451.47,87.17918
1/5/2025 7:00,98451.48,98464.84,98339.97,98339.97,71.85578
1/5/2025 7:30,98339.98,98355.83,98268.77,98268.77,46.45591
1/5/2025 8:00,98268.77,98268.78,97777.77,97897.1,392.43105
1/5/2025 8:30,97897.11,97941.97,97822,97861.04,119.30825
1/5/2025 9:00,97861.04,97943.02,97814.72,97819.33,96.74407
1/5/2025 9:30,97819.32,97910.74,97637.93,97652.2,244.39139
1/5/2025 10:00,97652.21,97776.68,97600,97600.02,235.85863
1/5/2025 10:30,97600.02,97748.84,97600.01,97737.48,95.93199
1/5/2025 11:00,97737.48,97822.16,97685.53,97727.27,90.97828
1/5/2025 11:30,97727.27,97735.96,97615.13,97641.63,95.73943
1/5/2025 12:00,97641.62,97922.89,97569.04,97717.27,163.73852
1/5/2025 12:30,97717.26,97956.66,97673.67,97770.01,152.73674
1/5/2025 13:00,97770.01,97965.31,97737.2,97965.3,119.24848
1/5/2025 13:30,97965.3,98018.96,97680.18,97689.96,162.69471
1/5/2025 14:00,97689.96,97779.96,97276.79,97484.97,540.0203
1/5/2025 14:30,97484.97,97967.08,97372.99,97855.06,236.63844
1/5/2025 15:00,97855.06,98024.48,97702.3,97908.1,207.34019
1/5/2025 15:30,97908.1,98281.89,97908.1,98028.98,284.89055
1/5/2025 16:00,98028.98,98332.54,97988.88,98082.34,315.28803
1/5/2025 16:30,98082.34,98113.29,97937.82,98035.17,139.27578
1/5/2025 17:00,98035.17,98078.94,97880.39,97967.99,161.52147
1/5/2025 17:30,97968,98023.84,97673.57,97731.08,197.1345
1/5/2025 18:00,97731.09,97777.46,97577.46,97706.91,217.38967
1/5/2025 18:30,97706.91,97927.98,97695.58,97918.91,83.90066
1/5/2025 19:00,97918.91,98109,97854.99,98056.22,171.95994
1/5/2025 19:30,98056.22,98079.64,97975.24,98079.63,134.8969
1/5/2025 20:00,98079.64,98678,98024,98482.49,470.53676
1/5/2025 20:30,98482.49,98497.32,98161.38,98275.71,209.92491
1/5/2025 21:00,98275.71,98419.94,98216.58,98303.61,213.75521
1/5/2025 21:30,98303.62,98522.46,98283.29,98496.52,114.02847
1/5/2025 22:00,98496.52,98556.3,98344,98550.18,114.76408
1/5/2025 22:30,98550.17,98745.45,98516.27,98695.21,293.08867
1/5/2025 23:00,98695.21,98836.85,98366.12,98475.09,344.33388
1/5/2025 23:30,98475.09,98504,98322.72,98363.61,125.34701
1/6/2025 0:00,98363.61,98773.48,98300,98477.68,286.21077
1/6/2025 0:30,98477.68,98561.96,98190.75,98217.23,208.01988
1/6/2025 1:00,98217.23,98345.68,97920,98121.23,261.85346
1/6/2025 1:30,98121.24,98816.28,98116,98759.43,305.52518
1/6/2025 2:00,98759.42,99333,98649.97,98757.01,1199.70175
1/6/2025 2:30,98757.01,99118.24,98670.27,98815.39,413.71811
1/6/2025 3:00,98815.39,99124.24,98759.55,99099.09,327.24839
1/6/2025 3:30,99099.09,99235.99,99000,99037.57,194.94576
1/6/2025 4:00,99037.57,99444,99037.57,99250,314.81934
1/6/2025 4:30,99250,99500.88,99184.98,99466.09,330.68726
1/6/2025 5:00,99466.09,99666,99400,99660.12,332.02966
1/6/2025 5:30,99660.13,99892,99502,99600,607.3505
1/6/2025 6:00,99600,99700,99382.31,99484.83,404.61171
1/6/2025 6:30,99484.84,99763.99,99440.64,99512.21,399.23762
1/6/2025 7:00,99512.21,99529.87,99161.14,99322.68,367.86588
1/6/2025 7:30,99322.67,99423.68,99240.24,99318.7,188.0313
1/6/2025 8:00,99318.7,99625.69,99318.7,99395.09,236.52082
1/6/2025 8:30,99395.08,99426.38,99000,99043.49,437.81149
1/6/2025 9:00,99043.49,99250,99020,99114.26,240.72099
1/6/2025 9:30,99114.26,99145.63,98942.46,98999.99,206.67012
1/6/2025 10:00,99000,99057.95,98802.01,99010.43,308.44553
1/6/2025 10:30,99010.42,99010.43,98709.28,98767.96,217.42174
1/6/2025 11:00,98767.96,99312,98712,99248.69,429.1917
1/6/2025 11:30,99248.69,99410.23,99165.43,99259.99,238.67605
1/6/2025 12:00,99259.99,99713.13,99259.99,99572.49,344.62628
1/6/2025 12:30,99572.49,99572.5,99142.43,99157.12,279.51781
1/6/2025 13:00,99157.12,99363.6,98909.82,99320.03,376.83974
1/6/2025 13:30,99320.03,99575.85,99137.47,99492.51,254.38499
1/6/2025 14:00,99492.5,99600,98711.94,99055.01,649.22156
1/6/2025 14:30,99055,101295.23,98870.55,100737.03,2838.66381
1/6/2025 15:00,100737.03,101700.62,100481.99,101678.1,2022.22758
1/6/2025 15:30,101678.11,102468.92,101636.36,102147.95,1642.74181
1/6/2025 16:00,102147.95,102480,101973.11,102440.02,1131.76921
1/6/2025 16:30,102440.01,102469.35,101719.59,102158.67,1013.82095
1/6/2025 17:00,102158.67,102158.68,101717.44,101830.53,712.63377
1/6/2025 17:30,101830.54,101983.19,101250,101831.95,804.41836
1/6/2025 18:00,101831.95,102029.02,101578.12,101933.84,478.79988
1/6/2025 18:30,101933.84,102053.61,101671.39,101738.8,355.50572
1/6/2025 19:00,101738.81,102032,101639.6,101892.96,345.67601
1/6/2025 19:30,101892.96,102030.3,101737.5,101817.22,285.50413
1/6/2025 20:00,101817.22,102318.5,101804,102114.94,544.51983
1/6/2025 20:30,102114.94,102300,101800,102127.38,914.024
1/6/2025 21:00,102126.9,102329.98,101950,102060.6,662.57152
1/6/2025 21:30,102060.61,102070.32,101600.05,101611.92,347.62638
1/6/2025 22:00,101611.92,101970,101600.06,101928.58,219.46376
1/6/2025 22:30,101928.58,102084.13,101928.58,102011.98,145.6938
1/6/2025 23:00,102011.98,102176.87,101896.87,102082.76,280.84943
1/6/2025 23:30,102082.76,102239.58,101980.02,102235.6,155.01841
1/7/2025 0:00,102235.6,102423.57,101950,102380.85,354.36739
1/7/2025 0:30,102380.85,102724.38,101969.8,102042.46,626.00339
1/7/2025 1:00,102042.47,102071.9,101684.95,101685.27,302.34138
1/7/2025 1:30,101685.27,102026.6,101685.26,101915.66,255.96451
1/7/2025 2:00,101915.66,102018.98,101848.49,101848.49,178.99443
1/7/2025 2:30,101848.5,101876.27,101651.67,101677.66,213.41479
1/7/2025 3:00,101677.66,101818.19,101637,101655.51,223.46229
1/7/2025 3:30,101655.51,101798.42,101512.91,101708.08,202.8672
1/7/2025 4:00,101708.09,101878.79,101708.08,101878.78,140.98608
1/7/2025 4:30,101878.79,101925.77,101667.01,101667.02,148.11348
1/7/2025 5:00,101667.02,101786.07,101582.79,101718.53,176.67218
1/7/2025 5:30,101718.53,101749.15,101629.06,101743.47,164.91611
1/7/2025 6:00,101743.47,101894.47,101648.56,101832.89,168.83422
1/7/2025 6:30,101832.9,101858.2,101780.2,101820.53,167.168
1/7/2025 7:00,101820.53,102015.01,101771.65,101773.95,185.10868
1/7/2025 7:30,101773.94,101801.6,101640.47,101664.81,340.96924
1/7/2025 8:00,101664.81,101812.29,101618.04,101789.6,248.52967
1/7/2025 8:30,101789.61,101995.64,101783.13,101905.08,207.09207
1/7/2025 9:00,101905.08,101914.11,101736.29,101765.07,167.64352
1/7/2025 9:30,101765.06,101769.93,101632.06,101723.19,322.75921
1/7/2025 10:00,101723.18,101723.19,101379.45,101529.89,502.54666
1/7/2025 10:30,101529.88,101573.94,101391.17,101406.78,213.82231
1/7/2025 11:00,101406.78,101453,101300,101364.55,313.40411
1/7/2025 11:30,101364.54,101364.55,100472.45,100830.86,1259.07777
1/7/2025 12:00,100830.86,100956.99,100628.43,100635.12,439.8898
1/7/2025 12:30,100635.12,100919.23,100633.61,100750.89,285.20485
1/7/2025 13:00,100750.88,100944.26,100672.53,100939.29,360.4936
1/7/2025 13:30,100939.28,100960.06,100615.63,100636.8,383.55269
1/7/2025 14:00,100636.8,100862.91,100508.19,100759.69,334.37484
1/7/2025 14:30,100759.68,100849.99,99732,99979.69,2156.38235
1/7/2025 15:00,99979.69,100142.99,98113.8,98457.16,5165.7219
1/7/2025 15:30,98457.16,98546.55,97153.5,97952.26,3526.40742
1/7/2025 16:00,97952.26,98132,97586.41,98013.38,1484.53305
1/7/2025 16:30,98013.37,98347.81,97727.62,97733.58,918.25025
1/7/2025 17:00,97733.58,97806.03,97225,97320.81,857.75888
1/7/2025 17:30,97320.8,97571.15,96577,97277.31,1527.14586
1/7/2025 18:00,97277.32,97541.6,97013.5,97061.84,718.45776
1/7/2025 18:30,97061.84,97127.75,96600,96750.86,832.70093
1/7/2025 19:00,96750.86,97200.01,96708.77,96862.16,596.82761
1/7/2025 19:30,96862.16,96866.81,96323.67,96451.98,885.24271
1/7/2025 20:00,96451.99,96715.18,96181.81,96272.74,791.8398
1/7/2025 20:30,96272.74,96870.52,96191.53,96533.35,1028.63053
1/7/2025 21:00,96533.34,97028.08,96509.21,96920.01,578.61516
1/7/2025 21:30,96920.01,97094.19,96400,96501.22,583.33492
1/7/2025 22:00,96501.23,97000,96412,96921,382.10582
1/7/2025 22:30,96921,97220.76,96842.03,97164,326.60389
1/7/2025 23:00,97163.99,97169.65,96800.8,97066.89,444.40547
1/7/2025 23:30,97066.9,97167.43,96857.64,96954.61,366.33659
1/8/2025 0:00,96954.6,97127.97,96707.77,96928.42,380.76039
1/8/2025 0:30,96928.42,97268.65,96770.95,97268.49,437.06211
1/8/2025 1:00,97268.49,97268.5,96892.31,96978.44,273.3906
1/8/2025 1:30,96978.44,97090.91,96608.14,96907.15,477.65644
1/8/2025 2:00,96907.16,97181.82,96778.57,96979.6,417.77393
1/8/2025 2:30,96979.59,97176.11,96878.14,96878.14,259.49043
1/8/2025 3:00,96878.14,96878.14,96443.88,96612.25,648.80298
1/8/2025 3:30,96612.26,96800,96216.83,96525.2,608.91579
1/8/2025 4:00,96525.2,96634.58,96200.4,96500.01,558.58291
1/8/2025 4:30,96500.01,96510.17,96057.48,96274.81,546.5298
1/8/2025 5:00,96274.8,96631.85,96102.94,96620.89,432.27921
1/8/2025 5:30,96620.9,96654.61,96375.76,96492.01,273.58145
1/8/2025 6:00,96492.01,96636.37,96204.9,96204.91,320.50554
1/8/2025 6:30,96204.91,96206.93,95259.3,95284.31,1550.28335
1/8/2025 7:00,95284.31,95706.58,95250.76,95481.5,712.35596
1/8/2025 7:30,95481.5,95815.52,95374.37,95657.09,614.15391
1/8/2025 8:00,95657.09,95976.77,95528.56,95838.06,542.18602
1/8/2025 8:30,95838.07,96132.47,95803.47,95945.99,375.4129
1/8/2025 9:00,95946,96098.1,95906.63,95912.72,273.18332
1/8/2025 9:30,95912.72,95919.46,95412,95432.82,340.04072
1/8/2025 10:00,95432.83,95879.94,95432.43,95862.26,371.22073
1/8/2025 10:30,95862.27,96000,95687.24,95961.02,342.38068
1/8/2025 11:00,95961.03,96052,95508,95555.3,297.06187
1/8/2025 11:30,95555.31,95587.39,94543.86,95134.92,1538.57807
1/8/2025 12:00,95134.92,95376.56,94944,95117.81,541.77566
1/8/2025 12:30,95117.56,95347.38,94852.23,94888.01,506.58535
1/8/2025 13:00,94888.01,95679.69,94888,95561.77,754.56393
1/8/2025 13:30,95561.76,95659.98,95147.43,95384,523.22293
1/8/2025 14:00,95384.01,95685.18,95202.77,95439.08,636.56238
1/8/2025 14:30,95439.07,95865.71,94888.88,95288.01,1494.96461
1/8/2025 15:00,95288,96079.32,94710,94797.37,1781.63338
1/8/2025 15:30,94797.38,95523.02,94624.43,95493.77,1284.80339
1/8/2025 16:00,95493.77,95555.25,94852.94,94886.24,724.16957
1/8/2025 16:30,94886.23,95149.61,94556.21,94787.87,821.01631
1/8/2025 17:00,94787.87,94847.99,92899.02,93016.38,2985.42755
1/8/2025 17:30,93016.38,94132.94,92500.9,94030.82,2310.57381
1/8/2025 18:00,94030.81,95106.33,93977,94921.4,1243.78532
1/8/2025 18:30,94921.4,94933.04,93753.99,94242.61,847.13912
1/8/2025 19:00,94242.62,94859.54,94059.33,94752,806.99858
1/8/2025 19:30,94752,94752,94053.82,94243.89,524.27256
1/8/2025 20:00,94243.89,94404,93755.48,94012.5,607.95094
1/8/2025 20:30,94012.49,94277.38,93868.92,93980,442.47617
1/8/2025 21:00,93982.01,94317.04,93600,94180.46,485.78164
1/8/2025 21:30,94180.46,94596,94107.8,94468.97,467.82606
1/8/2025 22:00,94468.97,94939.4,94460.86,94785.75,369.61562
1/8/2025 22:30,94785.75,95290.99,94723.68,95290.93,374.03184
1/8/2025 23:00,95290.93,95310.94,94950,95028.47,307.94653
1/8/2025 23:30,95028.47,95239.99,94900,95060.61,269.36658
1/9/2025 0:00,95060.61,95077.09,94809.07,94880,242.04061
1/9/2025 0:30,94880,95150,94823.52,95135.3,310.12158
1/9/2025 1:00,95135.3,95382.32,94973.78,95261.84,344.20049
1/9/2025 1:30,95261.83,95261.84,94966.66,94983.82,252.56129
1/9/2025 2:00,94983.82,95030.31,93422.89,94484.36,2588.41838
1/9/2025 2:30,94484.36,94878.52,94263.15,94776.99,630.79837
1/9/2025 3:00,94777,94800.69,94256.44,94356.5,703.32603
1/9/2025 3:30,94356.5,94366.99,94017.93,94027.9,348.21833
1/9/2025 4:00,94027.91,94198.36,93796.99,94170.93,429.97156
1/9/2025 4:30,94170.93,94487.74,94129.99,94424.24,256.17649
1/9/2025 5:00,94424.24,94537.98,94280.65,94492.01,203.97826
1/9/2025 5:30,94492.01,94566.64,94371.06,94472.58,143.95538
1/9/2025 6:00,94472.59,94618.63,94277.16,94393.13,271.29657
1/9/2025 6:30,94393.14,94438.94,94048.07,94095.03,244.34564
1/9/2025 7:00,94095.04,94299.22,93741.26,93741.26,407.77108
1/9/2025 7:30,93741.26,93800,93186.38,93221.59,866.82516
1/9/2025 8:00,93221.59,93312.44,92800,92990,1060.27223
1/9/2025 8:30,92990.01,93400.98,92750,93030.87,836.91663
1/9/2025 9:00,93030.88,93597.3,92970.96,93490.7,520.85498
1/9/2025 9:30,93490.69,93787.75,93432.5,93516.62,491.24827
1/9/2025 10:00,93516.63,93660,93202.6,93300.76,435.56417
1/9/2025 10:30,93300.76,93470,93016.55,93462.43,522.73444
1/9/2025 11:00,93462.43,93877.46,93312.52,93720.01,344.21667
1/9/2025 11:30,93720.01,93764.83,93224,93465.23,362.57923
1/9/2025 12:00,93465.23,93696.97,93284.45,93620,316.72417
1/9/2025 12:30,93620.01,93679.58,93155.25,93421.94,393.65751
1/9/2025 13:00,93421.94,93486.19,92684.02,92872.01,821.21729
1/9/2025 13:30,92872.02,92918.83,91900.12,91986.42,2653.21831
1/9/2025 14:00,91986.41,92741.15,91800,92440.96,1499.40707
1/9/2025 14:30,92440.95,92900,92099.47,92863.8,863.65261
1/9/2025 15:00,92863.81,93556.59,92671.67,93540.53,975.4351
1/9/2025 15:30,93540.52,94588.23,93452,94244.02,1585.03857
1/9/2025 16:00,94244.02,94685.25,93905.18,94027.11,1004.38885
1/9/2025 16:30,94027.1,94399.99,93846.15,94250.95,592.67884
1/9/2025 17:00,94250.96,94293.96,93649.41,93802.25,494.95232
1/9/2025 17:30,93802.25,93842.39,92325,92693.11,1433.02892
1/9/2025 18:00,92693.11,92939.32,92403.77,92756.01,882.27608
1/9/2025 18:30,92756.01,93239.51,92615.38,93020.11,558.14169
1/9/2025 19:00,93020.1,93291.96,92752.38,92842.5,403.56472
1/9/2025 19:30,92842.5,93035.4,91900.01,91909.59,1255.63256
1/9/2025 20:00,91909.59,92371.32,91203.67,91291.69,2026.0501
1/9/2025 20:30,91291.69,92200,91220.5,91903.22,922.04961
1/9/2025 21:00,91903.21,92497.66,91781.09,92277.94,701.68719
1/9/2025 21:30,92277.93,92350,91921.28,92108.84,412.11335
1/9/2025 22:00,92108.84,92287.63,91624,92185.92,590.36474
1/9/2025 22:30,92186.66,92720.67,92186.66,92456.32,536.517
1/9/2025 23:00,92456.32,92689.38,92185.49,92227.36,428.72355
1/9/2025 23:30,92227.36,92562.47,92034.55,92552.49,375.92486
1/10/2025 0:00,92552.49,92766.64,92431.73,92567,520.16348
1/10/2025 0:30,92567.01,92850,92457.65,92775.84,245.44314
1/10/2025 1:00,92775.85,92916.66,92590.33,92789.78,303.98427
1/10/2025 1:30,92789.78,93159.16,92763.55,93102.52,342.52047
1/10/2025 2:00,93102.52,93548.76,93033.5,93515.41,352.68881
1/10/2025 2:30,93515.41,93726.87,93252.6,93364.36,557.36915
1/10/2025 3:00,93364.36,93588,93312.58,93554.99,300.86377
1/10/2025 3:30,93555,93727.83,93429.68,93696.13,305.00757
1/10/2025 4:00,93696.13,93908.85,93529.59,93567.69,320.87693
1/10/2025 4:30,93567.7,93845.83,93500,93837.69,218.86256
1/10/2025 5:00,93837.69,93895.62,93642.85,93808,281.4501
1/10/2025 5:30,93808,94250.07,93808,93956.83,522.20223
1/10/2025 6:00,93956.83,94141.91,93880.65,93946.06,380.80568
1/10/2025 6:30,93946.06,94319,93733.83,94252.83,503.01976
1/10/2025 7:00,94252.83,94366.49,94070,94356.71,261.85986
1/10/2025 7:30,94356.72,95000,94272,94492.63,1113.20666
1/10/2025 8:00,94492.62,94766.12,94388.5,94692.73,396.75721
1/10/2025 8:30,94692.73,94735.96,94468.76,94680.01,390.16923
1/10/2025 9:00,94680,94958.64,94582.03,94941.24,336.13575
1/10/2025 9:30,94941.24,95000.55,94771.45,94793.08,414.58732
1/10/2025 10:00,94793.07,94981.53,94781.25,94788.99,254.30361
1/10/2025 10:30,94788.99,95293.4,94757.57,95215.73,345.03322
1/10/2025 11:00,95215.73,95267.16,94802.34,94804.45,324.38104
1/10/2025 11:30,94803.89,95083.46,94600.49,95073.95,385.19995
1/10/2025 12:00,95073.95,95117.26,94737.19,94776.87,373.10314
1/10/2025 12:30,94776.87,95063.67,94702.49,95023.44,212.57875
1/10/2025 13:00,95023.44,95046,94733.49,94818.18,300.06863
1/10/2025 13:30,94818.18,94834.77,92715.85,93557.23,4136.53868
1/10/2025 14:00,93557.23,94680.76,93379.93,94409.6,1285.52447
1/10/2025 14:30,94409.59,94568,93570,94115.63,1752.06263
1/10/2025 15:00,94115.62,94115.62,92206.02,93269.55,2546.98658
1/10/2025 15:30,93269.55,94524,93035.04,93730.92,1401.24613
1/10/2025 16:00,93730.93,94014.21,93344.7,93424.25,1098.83801
1/10/2025 16:30,93424.25,94062.94,93177.4,93645.05,1068.10409
1/10/2025 17:00,93645.06,94363.64,93318.07,94363.64,886.91659
1/10/2025 17:30,94363.63,95836,94045.45,95793.05,1728.7688
1/10/2025 18:00,95793.04,95793.04,94832,94962.27,1264.01534
1/10/2025 18:30,94962.28,95135.5,94581.87,94861.62,725.45431
1/10/2025 19:00,94861.62,95188.06,94373.85,94984.52,641.42476
1/10/2025 19:30,94984.52,95386.74,94942.75,95327.06,547.06949
1/10/2025 20:00,95327.07,95442.15,94790.97,94925.58,490.33651
1/10/2025 20:30,94924.84,94985.63,94586.02,94672.05,560.40549
1/10/2025 21:00,94669.06,94917.6,94603.72,94872,276.21406
1/10/2025 21:30,94871.99,94923.05,94613.25,94613.26,167.54742
1/10/2025 22:00,94613.26,94818.19,94586.03,94803.53,158.24729
1/10/2025 22:30,94803.54,94955.54,94600.13,94767.7,184.47543
1/10/2025 23:00,94767.69,94894.81,94657.39,94876.21,157.45811
1/10/2025 23:30,94876.21,94890.12,94695.86,94726.11,142.58776
1/11/2025 0:00,94726.1,94746.37,94360.65,94496.8,231.88996
1/11/2025 0:30,94496.81,94616,94379.19,94600.69,128.27337
1/11/2025 1:00,94600.7,94696.97,94516.26,94526.42,136.06097
1/11/2025 1:30,94526.43,94575.76,94214.38,94424.26,199.73028
1/11/2025 2:00,94424.26,94495.9,94212,94275.48,174.02699
1/11/2025 2:30,94275.47,94483.18,94180,94424.24,130.37958
1/11/2025 3:00,94424.24,94429.84,94106.49,94161.94,156.7938
1/11/2025 3:30,94161.95,94272.73,94126.35,94206.95,118.67876
1/11/2025 4:00,94206.96,94316.09,94071.21,94071.21,133.18473
1/11/2025 4:30,94071.22,94097.4,93831.73,94063.29,276.21985
1/11/2025 5:00,94063.29,94212.1,94013.51,94189.66,114.40787
1/11/2025 5:30,94189.65,94381.08,94151.51,94366.69,120.73318
1/11/2025 6:00,94366.7,94441.87,94322.4,94406.52,80.62905
1/11/2025 6:30,94406.52,94419.5,94216.25,94216.25,69.97234
1/11/2025 7:00,94216.26,94333.34,94169.74,94187.88,97.97204
1/11/2025 7:30,94187.87,94275.02,94151.51,94246.36,96.4406
1/11/2025 8:00,94246.36,94408.34,94202,94357.86,91.52141
1/11/2025 8:30,94357.86,94361.94,94031.22,94074.79,135.40357
1/11/2025 9:00,94074.8,94231.57,94044.82,94231.56,88.92816
1/11/2025 9:30,94231.57,94329.8,94217.68,94329.45,108.72498
1/11/2025 10:00,94329.46,94415.99,94320.05,94362.35,120.08037
1/11/2025 10:30,94362.35,94528.27,94300.01,94488.86,151.25689
1/11/2025 11:00,94488.87,94660.97,94455.04,94597.02,165.49527
1/11/2025 11:30,94597.03,94791.67,94580.51,94625.65,148.28074
1/11/2025 12:00,94625.66,94655.2,94528.01,94601.26,101.67334
1/11/2025 12:30,94601.26,94631.06,94545.21,94550.01,92.97677
1/11/2025 13:00,94550,94606.11,94364.93,94451.02,140.50266
1/11/2025 13:30,94451.02,94475.39,94342.63,94400.01,92.9412
1/11/2025 14:00,94400.01,94460.44,94307.25,94389.25,96.45533
1/11/2025 14:30,94389.26,94638.44,94389.25,94620,182.12542
1/11/2025 15:00,94620,94647.05,94410.25,94451.9,107.68474
1/11/2025 15:30,94451.89,94487.41,94377.57,94410.26,77.42015
1/11/2025 16:00,94410.26,94499.12,94312.56,94432.54,123.91825
1/11/2025 16:30,94432.54,94708.12,94432.53,94448.14,154.55139
1/11/2025 17:00,94448.14,94448.14,93984.55,94112.85,324.83804
1/11/2025 17:30,94112.85,94243.9,94048.96,94151.52,97.17261
1/11/2025 18:00,94151.51,94306.62,94121,94289.09,102.04038
1/11/2025 18:30,94289.08,94298.95,94159.99,94275.79,69.46548
1/11/2025 19:00,94275.79,94327.4,94198.25,94246.6,55.90659
1/11/2025 19:30,94246.6,94257.22,94084.64,94249.26,88.45654
1/11/2025 20:00,94249.27,94483.04,94200.89,94483.04,96.33268
1/11/2025 20:30,94483.04,94668.31,94381.92,94586.11,185.76723
1/11/2025 21:00,94586.12,94877.99,94575.75,94808.93,345.72959
1/11/2025 21:30,94808.93,95050.94,94658.18,94940.76,472.32804
1/11/2025 22:00,94940.75,95005,94724.05,94724.06,320.31149
1/11/2025 22:30,94724.06,94799.4,94561,94593.8,212.3844
1/11/2025 23:00,94593.8,94705,94567.41,94677.45,107.82722
1/11/2025 23:30,94677.45,94753.37,94541.66,94599.99,124.01
1/12/2025 0:00,94599.99,94655.22,94500.56,94516.58,151.56299
1/12/2025 0:30,94516.57,94575.76,94422.13,94452.07,169.19285
1/12/2025 1:00,94452.08,94485.26,94296.99,94350.17,149.7023
1/12/2025 1:30,94350.18,94589.46,94350.17,94580,150.97065
1/12/2025 2:00,94580,94584.79,94480.58,94545.45,75.10246
1/12/2025 2:30,94545.45,94670,94510.49,94625.25,77.0495
1/12/2025 3:00,94625.25,94699,94432.65,94453.67,107.30049
1/12/2025 3:30,94453.67,94622.4,94418.56,94622.4,103.60415
1/12/2025 4:00,94622.4,94650,94575.75,94632.42,64.37659
1/12/2025 4:30,94632.43,94641.11,94500,94587.99,67.89607
1/12/2025 5:00,94587.99,94627.8,94550,94592.54,42.31138
1/12/2025 5:30,94592.54,94600.42,94500,94571.43,50.22739
1/12/2025 6:00,94571.43,94616,94472,94488.73,90.10454
1/12/2025 6:30,94488.74,94521.49,94357.14,94381.78,73.39928
1/12/2025 7:00,94381.78,94441.42,94274.01,94392.2,98.41158
1/12/2025 7:30,94392.2,94439.94,94290.66,94323.85,68.44993
1/12/2025 8:00,94323.85,94393.57,94323.84,94342.44,55.59298
1/12/2025 8:30,94342.43,94342.44,94109,94170.01,200.31766
1/12/2025 9:00,94170.01,94222.41,94000,94000.01,249.65035
1/12/2025 9:30,94000.01,94029.43,93711.19,93906.22,292.0717
1/12/2025 10:00,93906.21,94056.04,93842.07,93935.63,287.63394
1/12/2025 10:30,93935.63,94040.14,93836.51,94015.16,150.50655
1/12/2025 11:00,94015.17,94325.03,94015.16,94285.96,188.84701
1/12/2025 11:30,94285.95,94348.64,94255.1,94255.1,117.70069
1/12/2025 12:00,94255.1,94600,94173.48,94442.03,277.16765
1/12/2025 12:30,94442.03,94475.07,94328.2,94328.2,136.92937
1/12/2025 13:00,94328.21,94721.29,94303.03,94648.28,319.16436
1/12/2025 13:30,94648.29,94730.04,94533.33,94663.78,283.14104
1/12/2025 14:00,94663.77,94980.21,94663.77,94824.54,243.44801
1/12/2025 14:30,94824.53,94994.49,94771.61,94811,200.73453
1/12/2025 15:00,94811,95450.1,94675.54,95267.2,485.33738
1/12/2025 15:30,95267.19,95309.39,94974.91,95071.9,182.21508
1/12/2025 16:00,95071.91,95131.05,94791.43,94882,165.3618
1/12/2025 16:30,94882.01,95063.89,94882.01,95046.76,104.5567
1/12/2025 17:00,95046.76,95206.07,95021.8,95089.55,139.55088
1/12/2025 17:30,95089.55,95271.56,94984.36,95139.45,181.43494
1/12/2025 18:00,95139.46,95314.12,95090.9,95102.8,115.2264
1/12/2025 18:30,95102.8,95107.7,94916,94992.64,106.97634
1/12/2025 19:00,94992.65,95055.93,94666,94708.48,371.84451
1/12/2025 19:30,94708.48,94805.08,94578.54,94650.26,136.64232
1/12/2025 20:00,94650.26,94800,94639.22,94772.31,88.44525
1/12/2025 20:30,94772.32,94777.43,94612,94687.69,95.11001
1/12/2025 21:00,94687.69,94727.28,94387.73,94609.1,166.89166
1/12/2025 21:30,94609.09,94647.99,94302.9,94352.7,169.31905
1/12/2025 22:00,94352.7,94362.92,93850.01,93916.09,441.89133
1/12/2025 22:30,93916.09,94163.15,93800,93962.91,389.16078
1/12/2025 23:00,93962.91,94291.57,93946.96,94287.16,555.97986
1/12/2025 23:30,94287.16,94563.82,94287.16,94545.06,168.35394
1/13/2025 0:00,94545.07,95592.11,94463.32,95261.67,510.00523
1/13/2025 0:30,95261.67,95940,95226.12,95325.43,749.97937
1/13/2025 1:00,95325.43,95400,94821.17,95176.41,439.4108
1/13/2025 1:30,95176.41,95243.14,94081.38,94218.01,561.09952
1/13/2025 2:00,94218.01,94500,94094.04,94326.54,300.46049
1/13/2025 2:30,94326.53,94350,93899.99,94217.43,322.52546
1/13/2025 3:00,94217.43,94408.17,94011.31,94300.02,219.18803
1/13/2025 3:30,94300.02,94384.55,93972.54,94269.23,383.88873
1/13/2025 4:00,94269.23,94880,94202.76,94807.18,308.48302
1/13/2025 4:30,94807.18,94913.03,94434.05,94503.34,196.62458
1/13/2025 5:00,94503.34,94543.28,94200,94249.27,165.83012
1/13/2025 5:30,94249.27,94275.95,94045.45,94181.37,249.814
1/13/2025 6:00,94181.37,94327.35,94072.06,94114,213.05071
1/13/2025 6:30,94114,94123.81,93281,93637.37,858.53796
1/13/2025 7:00,93637.38,93789.91,93469.2,93702.23,372.06622
1/13/2025 7:30,93702.23,93947.3,93536.09,93590.24,287.43199
1/13/2025 8:00,93590.24,93661.55,92904.35,93237.25,614.99231
1/13/2025 8:30,93237.24,93336.26,92950.01,93039.1,491.32167
1/13/2025 9:00,93039.11,93195.99,92762,92813.86,628.61187
1/13/2025 9:30,92813.86,93185.34,92644.11,92846.79,679.70388
1/13/2025 10:00,92846.79,92889.06,91889.78,92006.73,1624.93349
1/13/2025 10:30,92006.73,92006.73,91372.17,91644.96,1836.64583
1/13/2025 11:00,91644.96,91776.04,91305.35,91462.93,1447.30351
1/13/2025 11:30,91462.92,91532.59,90833.12,90851.22,2747.13179
1/13/2025 12:00,90851.23,91350,90555,90849.15,1953.15088
1/13/2025 12:30,90849.16,91017.41,90300,90732,1894.4139
1/13/2025 13:00,90732,91780,90583.24,91409.96,1758.2809
1/13/2025 13:30,91409.96,91529.41,91000,91131.41,877.32752
1/13/2025 14:00,91131.41,91155.46,90651.13,90947.74,1083.20174
1/13/2025 14:30,90947.73,92300,89256.69,91833.03,5208.73766
1/13/2025 15:00,91833.03,93100,91570,92215.11,1971.50501
1/13/2025 15:30,92215.11,92720,91933.49,92123.75,1022.20958
1/13/2025 16:00,92123.75,92289.07,91450.62,91693.49,1085.15526
1/13/2025 16:30,91693.49,92189.04,91250,91343.2,882.31564
1/13/2025 17:00,91343.21,92133.6,91250,92027.84,756.35098
1/13/2025 17:30,92027.84,92300,91581.19,91983.96,536.48696
1/13/2025 18:00,91983.96,92405.39,91593.85,91717.09,579.89483
1/13/2025 18:30,91717.09,92244.17,91717.09,92077.65,566.3532
1/13/2025 19:00,92077.65,92332,91600,92172,588.28182
1/13/2025 19:30,92172,92534.1,92007.6,92312.18,602.28828
1/13/2025 20:00,92312.18,92394.95,91908.2,92129.32,430.54353
1/13/2025 20:30,92129.33,93783.12,92105.89,93575.53,1332.71957
1/13/2025 21:00,93575.53,93938.37,93401.84,93855.98,871.08055
1/13/2025 21:30,93855.98,94472,93738.75,94193.49,891.65034
1/13/2025 22:00,94193.49,94727.15,94152,94555.61,615.13103
1/13/2025 22:30,94555.61,94593.92,94200,94399.98,303.68815
1/13/2025 23:00,94399.99,94486.63,94164.77,94265.55,270.57011
1/13/2025 23:30,94265.54,94612.7,94244.88,94536.1,329.18621
1/14/2025 0:00,94536.11,94880,94369.15,94584.48,607.56331
1/14/2025 0:30,94584.48,94638.04,94346.22,94470.77,482.23299
1/14/2025 1:00,94470.76,95041.17,94462.59,94928.5,498.58347
1/14/2025 1:30,94928.51,94991.6,94588.51,94834.5,295.35071
1/14/2025 2:00,94834.5,95280.8,94749.57,95209.98,538.60788
1/14/2025 2:30,95209.99,95222,94865.38,94882.65,322.54569
1/14/2025 3:00,94882.65,95112.61,94828.46,95038.78,301.65281
1/14/2025 3:30,95038.78,95093.75,94842.1,94861.4,256.74692
1/14/2025 4:00,94861.39,95149.32,94861.39,94938.32,332.04178
1/14/2025 4:30,94938.33,95122,94830.25,95119.19,220.58035
1/14/2025 5:00,95119.18,95464.71,95105.8,95171.79,462.42554
1/14/2025 5:30,95171.8,95233.3,94861.39,94916.08,218.21142
1/14/2025 6:00,94916.08,94990.51,94757.3,94823.11,270.20575
1/14/2025 6:30,94823.11,95031.94,94753.42,95031.94,258.63325
1/14/2025 7:00,95031.93,95168.6,94962.47,95030.83,369.9614
1/14/2025 7:30,95030.84,95100,94838.56,94864,226.70071
1/14/2025 8:00,94863.99,95750,94860.11,95350.99,859.33937
1/14/2025 8:30,95350.99,95819.7,95247.81,95488.5,695.92935
1/14/2025 9:00,95488.51,96475.44,95469.51,96407.72,1297.31777
1/14/2025 9:30,96407.72,97371,96265.4,97159.44,1422.72839
1/14/2025 10:00,97159.43,97194.26,96644.51,96753.68,860.69977
1/14/2025 10:30,96753.68,96814.13,96579.31,96697.08,533.79984
1/14/2025 11:00,96686.09,96687.15,96336.92,96462.8,445.50552
1/14/2025 11:30,96462.8,96680,96382,96548.04,380.5071
1/14/2025 12:00,96548.04,96700,95972.58,96168.88,1007.80945
1/14/2025 12:30,96168.88,96320.97,95988,95988,362.13629
1/14/2025 13:00,95988.01,96110,95748.93,95898.65,503.53642
1/14/2025 13:30,95898.66,97263.02,95898.65,96336,2040.5204
1/14/2025 14:00,96336,96839.99,96029.73,96791.75,621.71189
1/14/2025 14:30,96791.75,97265.48,96140.6,96293.6,1513.93176
1/14/2025 15:00,96293.61,96974.82,96184.02,96494.95,960.90806
1/14/2025 15:30,96494.96,96900,96390,96471.65,1383.77796
1/14/2025 16:00,96471.65,96471.66,95650.01,95867.98,1352.75274
1/14/2025 16:30,95867.98,95989.5,95351.76,95745.43,866.49458
1/14/2025 17:00,95745.42,96215.86,95584.83,96038.81,592.56805
1/14/2025 17:30,96038.82,96550.46,95708.44,96527.96,457.92459
1/14/2025 18:00,96527.96,96697.48,96290.85,96642.25,559.64221
1/14/2025 18:30,96642.25,96958.97,96561.53,96777.8,436.98984
1/14/2025 19:00,96777.79,97033.76,96619.82,96872,439.4294
1/14/2025 19:30,96871.99,97088.57,96466.03,96537.8,428.78113
1/14/2025 20:00,96537.23,96921.13,96152.31,96897.91,498.90694
1/14/2025 20:30,96897.91,96913.79,96355.14,96505.04,532.2052
1/14/2025 21:00,96505.98,96678.18,96450,96517.22,336.90135
1/14/2025 21:30,96517.21,96517.21,96315.38,96486.09,224.63979
1/14/2025 22:00,96486.1,96657.78,96450,96650,145.84132
1/14/2025 22:30,96650.23,96741.95,96535.89,96691.91,164.79156
1/14/2025 23:00,96691.91,96780.02,96512.68,96522.08,135.58843
1/14/2025 23:30,96522.07,96721.68,96500.49,96560.86,120.95708
1/15/2025 0:00,96560.85,97266.36,96500,97208.22,520.60957
1/15/2025 0:30,97208.21,97332.52,96766.02,96889.36,478.33045
1/15/2025 1:00,96889.36,97213.95,96789.38,97116.45,326.174
1/15/2025 1:30,97116.45,97554.63,96993.35,97349.62,675.96917
1/15/2025 2:00,97349.61,97464.8,96943.96,96948.84,358.98997
1/15/2025 2:30,96948.85,97062.83,96746.71,96824.06,288.3738
1/15/2025 3:00,96824.06,97225,96751.47,96926.65,363.08699
1/15/2025 3:30,96926.65,97324,96917.48,97317.12,278.43556
1/15/2025 4:00,97317.12,97724.96,97072.7,97260.96,703.81376
1/15/2025 4:30,97260.96,97374.38,97152.86,97189.71,422.17356
1/15/2025 5:00,97189.71,97242.29,96750,96973.31,673.03858
1/15/2025 5:30,96973.31,97077.72,96885.61,97029.97,136.62981
1/15/2025 6:00,97029.97,97100,96859.99,96860,226.95299
1/15/2025 6:30,96860,97147.95,96851.5,97105.48,230.29538
1/15/2025 7:00,97105.48,97566.32,97105.47,97539.57,324.84879
1/15/2025 7:30,97539.57,97600.31,97173.32,97301.35,342.10572
1/15/2025 8:00,97301.35,97487.42,97153.48,97487.42,446.00413
1/15/2025 8:30,97487.42,97524,97184.61,97202.26,330.87958
1/15/2025 9:00,97202.27,97366.11,96889.14,96889.15,359.32518
1/15/2025 9:30,96889.14,97054.23,96766.57,96816.47,416.39444
1/15/2025 10:00,96816.47,97100,96721.39,97072.01,312.35182
1/15/2025 10:30,97072.01,97136.28,96889.14,96933.59,175.02156
1/15/2025 11:00,96933.59,96942.37,96521,96641.12,405.92708
1/15/2025 11:30,96641.11,96781.9,96552,96762.18,216.79989
1/15/2025 12:00,96762.19,96795.14,96539.77,96591.96,244.25243
1/15/2025 12:30,96591.97,97194.35,96575.51,96942.93,403.82369
1/15/2025 13:00,96942.92,97333,96852.38,97286.61,457.90179
1/15/2025 13:30,97286.6,99073.39,97276.91,98964,4391.33228
1/15/2025 14:00,98963.99,99451,98613.99,98729.41,1736.58304
1/15/2025 14:30,98729.41,99499,98644.78,99434.41,1442.18153
1/15/2025 15:00,99434.8,99799.98,99135.48,99714.21,1906.43305
1/15/2025 15:30,99712.45,99712.45,98964.71,98992.42,996.44316
1/15/2025 16:00,98992.42,99479.53,98992.42,99274.64,752.25544
1/15/2025 16:30,99274.64,99274.64,98888.98,98995.58,655.72724
1/15/2025 17:00,98995.58,99335.91,98976.37,99102.01,514.6128
1/15/2025 17:30,99102.02,99307.69,98602.05,98645.65,576.43153
1/15/2025 18:00,98645.65,99152.67,98645.65,99087.21,324.65477
1/15/2025 18:30,99087.21,99483.87,99000.01,99446.14,476.33904
1/15/2025 19:00,99446.15,99600,99297.41,99365.92,691.62793
1/15/2025 19:30,99365.93,99990,99347.29,99844.9,1046.17102
1/15/2025 20:00,99844.91,100681.94,99733.49,100179.63,1521.39822
1/15/2025 20:30,100179.62,100200.02,99460.8,99566.4,943.24858
1/15/2025 21:00,99566.34,99876.4,99476.16,99782.7,467.15545
1/15/2025 21:30,99782.71,99838.77,99568.73,99672,342.07314
1/15/2025 22:00,99671.99,99701.2,99564,99580.03,228.02046
1/15/2025 22:30,99580.02,99838.28,99580.02,99713.46,306.53075
1/15/2025 23:00,99713.45,100161.73,99632.73,100138.26,454.71719
1/15/2025 23:30,100138.25,100510.05,99901.85,100497.35,617.54548
1/16/2025 0:00,100497.35,100866.66,100070.13,100353.38,965.51326
1/16/2025 0:30,100353.39,100427.89,99658.78,99869.26,1078.3729
1/16/2025 1:00,99869.26,100119.71,99814.91,99982.09,568.19087
1/16/2025 1:30,99982.09,100200,99867.17,100082.35,412.50184
1/16/2025 2:00,100082.35,100112,99724.02,99729.07,335.80137
1/16/2025 2:30,99729.06,99882.95,99471.48,99637.77,536.65845
1/16/2025 3:00,99637.78,99848,99513.49,99540,334.67876
1/16/2025 3:30,99540,99545.45,99170,99478.03,533.03604
1/16/2025 4:00,99478.04,99688.75,99478.03,99610.02,269.47388
1/16/2025 4:30,99610.01,99698.7,99554.54,99610,193.92591
1/16/2025 5:00,99610,99610,99355.23,99516,221.28039
1/16/2025 5:30,99515.99,99613.99,99372.5,99382.11,183.49939
1/16/2025 6:00,99382.11,99680.46,99322.19,99680.46,234.22291
1/16/2025 6:30,99680.45,99921.86,99680.45,99801.23,465.87715
1/16/2025 7:00,99801.22,99850,99650.33,99715.52,205.81666
1/16/2025 7:30,99715.52,99800,99665.7,99799.99,197.76209
1/16/2025 8:00,99800,99820,99410.23,99549.99,323.1733
1/16/2025 8:30,99549.99,99550,98617.55,98955.8,1141.89332
1/16/2025 9:00,98955.81,99079.99,98649.41,98947.46,915.85348
1/16/2025 9:30,98947.45,99315,98824.19,99152.93,339.47905
1/16/2025 10:00,99152.93,99368,99122.07,99345.62,301.48674
1/16/2025 10:30,99345.63,99405.74,99200.01,99214.25,157.73141
1/16/2025 11:00,99214.26,99333.24,98699.99,99064.8,771.5855
1/16/2025 11:30,99064.8,99277.72,98924.63,99158.71,273.29324
1/16/2025 12:00,99158.7,99474.4,98886.95,99210.12,430.77434
1/16/2025 12:30,99210.12,99517.93,99203.1,99392.09,430.04902
1/16/2025 13:00,99392.09,99424.81,98777.87,98830.7,617.73928
1/16/2025 13:30,98830.71,99461.93,98830.7,99084.04,868.03641
1/16/2025 14:00,99084.05,99424.96,98860.44,99345.27,519.58016
1/16/2025 14:30,99345.27,99345.27,97489.74,97618.89,2505.28444
1/16/2025 15:00,97618.88,98436.82,97335.13,98414.57,1650.41929
1/16/2025 15:30,98414.57,99299,98041.66,99296.17,931.04708
1/16/2025 16:00,99296.17,99815.27,99079.05,99714.85,1222.39295
1/16/2025 16:30,99714.85,99873.37,99179.1,99346.39,822.83595
1/16/2025 17:00,99346.39,99884.66,99178.3,99868.92,457.11228
1/16/2025 17:30,99868.92,100361.54,99728,99838.54,922.55728
1/16/2025 18:00,99838.55,100070.8,99461.52,99495.33,491.29888
1/16/2025 18:30,99495.33,99647.75,99260.45,99584.24,418.3066
1/16/2025 19:00,99584.23,99862.66,99408,99772.05,308.98909
1/16/2025 19:30,99772.05,100448.72,99698.71,100417.2,702.22306
1/16/2025 20:00,100417.2,100615.65,100256.85,100615.64,860.51044
1/16/2025 20:30,100615.64,100641.99,100290.6,100343.99,647.18733
1/16/2025 21:00,100344,100399.33,99717.6,99880.09,521.43374
1/16/2025 21:30,99880.09,100230.76,99815.16,100156.98,340.48716
1/16/2025 22:00,100156.98,100156.98,99567.82,99596.8,287.20439
1/16/2025 22:30,99596.8,99842.69,99377,99838.25,256.37462
1/16/2025 23:00,99838.25,100115.87,99746,99891.23,498.32045
1/16/2025 23:30,99891.23,100115.87,99821.19,99987.3,161.58102
1/17/2025 0:00,99987.3,100434.96,99950.77,100156,531.72307
1/17/2025 0:30,100155.99,100300,100064.85,100120.58,201.76959
1/17/2025 1:00,100120.58,100300,100050,100215.07,312.68617
1/17/2025 1:30,100215.07,101833.28,100204.83,101659.8,2816.35088
1/17/2025 2:00,101659.8,102148.13,101467.36,101858.15,1353.06118
1/17/2025 2:30,101858.15,101928.64,100780.54,101100,916.32186
1/17/2025 3:00,101100,101271.74,100943.77,100983.56,399.0732
1/17/2025 3:30,100983.57,101258.17,100982.26,101051.73,360.55819
1/17/2025 4:00,101051.73,101282.76,100952.1,101194,393.44195
1/17/2025 4:30,101194,101490.78,101030,101481.29,292.01442
1/17/2025 5:00,101481.28,101782.02,101404.16,101624.99,452.88319
1/17/2025 5:30,101624.99,101698.85,101301.4,101334.05,452.97365
1/17/2025 6:00,101334.06,101586.96,101334.05,101435.39,210.67958
1/17/2025 6:30,101435.39,101481.58,101302.6,101408.99,203.1971
1/17/2025 7:00,101409,101697.99,101408.99,101629.72,326.594
1/17/2025 7:30,101629.72,101899.49,101401,101440.5,866.70141
1/17/2025 8:00,101440.51,101900,101439.77,101899.99,713.21274
1/17/2025 8:30,101900,102220.14,101695,102136.01,1251.57577
1/17/2025 9:00,102136,102288,101992.37,102026.07,730.96906
1/17/2025 9:30,102026.07,102038.53,101743.19,101861.26,446.24901
1/17/2025 10:00,101861.26,102250,101794.14,102232.64,671.4089
1/17/2025 10:30,102232.64,102581.45,102173.59,102321.53,878.18054
1/17/2025 11:00,102321.54,102443.5,102082.64,102338.66,398.01555
1/17/2025 11:30,102338.66,102385.49,102211.45,102237.6,290.8716
1/17/2025 12:00,102237.6,102666,102195.9,102529.24,455.62207
1/17/2025 12:30,102529.24,102959.66,102374.25,102745.69,912.01807
1/17/2025 13:00,102745.68,102980,102513.03,102552,533.83065
1/17/2025 13:30,102552.01,102839.02,102422.45,102474.14,557.21243
1/17/2025 14:00,102474.14,102782.2,102470.81,102751.39,501.4732
1/17/2025 14:30,102751.38,103395.47,102279.41,103378.95,2365.91932
1/17/2025 15:00,103379.23,104254.19,103285.79,103963.32,2679.6732
1/17/2025 15:30,103963.32,104127.91,103648.59,104000,1292.62614
1/17/2025 16:00,104000,104777,103841.18,104601.95,1940.1309
1/17/2025 16:30,104601.95,105000,104500,104972.81,1140.89524
1/17/2025 17:00,104972.81,105269.24,104650.34,105015.11,1352.00469
1/17/2025 17:30,105015.12,105152.52,104025.49,104125.46,1282.4364
1/17/2025 18:00,104125.46,104740,104039.05,104613.95,712.66927
1/17/2025 18:30,104613.96,104946.01,104514.15,104835.68,595.06361
1/17/2025 19:00,104835.68,105772.98,104684.21,105409.29,1354.34171
1/17/2025 19:30,105409.29,105865.22,105140.95,105834.93,959.31183
1/17/2025 20:00,105834.93,105847.02,105260.09,105310.01,1091.7145
1/17/2025 20:30,105310.01,105338.77,104539.18,104692.7,1154.76262
1/17/2025 21:00,104692.7,105041.05,104539.64,104988.67,926.39182
1/17/2025 21:30,104988.66,105027.21,104462.02,104604.49,504.73175
1/17/2025 22:00,104604.49,104694.42,104344,104586.3,453.56248
1/17/2025 22:30,104586.3,104650,104204,104410.39,384.79193
1/17/2025 23:00,104410.4,104526.32,104240.66,104425.24,288.86507
1/17/2025 23:30,104425.24,104425.24,104065.25,104077.48,261.29141
1/18/2025 0:00,104077.47,104476.55,104075.34,104224.88,426.724
1/18/2025 0:30,104224.88,104656.87,104210.52,104656.87,212.05311
1/18/2025 1:00,104656.87,104656.87,104312.95,104585.01,361.9255
1/18/2025 1:30,104585.01,104585.01,104082.19,104268.14,471.51187
1/18/2025 2:00,104268.14,104460.6,104268.14,104398,181.80275
1/18/2025 2:30,104398,104500,104259.98,104327.98,250.84375
1/18/2025 3:00,104327.99,104479.31,104073.99,104190.72,336.99926
1/18/2025 3:30,104190.71,104235.22,103000.25,103559.82,1276.96534
1/18/2025 4:00,103559.82,103726.23,102666.55,103010.34,1012.4266
1/18/2025 4:30,103010.34,103600,103010.34,103599.27,453.55802
1/18/2025 5:00,103599.27,103771.21,103309.48,103660.77,553.77777
1/18/2025 5:30,103660.77,103696,102818,102829.27,824.30693
1/18/2025 6:00,102829.27,103390,102822.16,103182.66,549.84681
1/18/2025 6:30,103182.65,103636.91,103014.62,103440.39,579.63244
1/18/2025 7:00,103440.39,103488.9,102958.93,103193.66,406.16856
1/18/2025 7:30,103193.66,103193.67,102602.48,102821.75,557.41427
1/18/2025 8:00,102821.75,102821.75,102277.55,102804,898.19455
1/18/2025 8:30,102803.99,103344.7,102787.2,103272,597.53943
1/18/2025 9:00,103271.99,103455.89,103160.5,103455.17,466.23746
1/18/2025 9:30,103455.17,103455.18,103059.11,103159.29,277.77833
1/18/2025 10:00,103159.29,103294.35,102828.95,103167.32,397.25471
1/18/2025 10:30,103167.33,103278.28,102837.19,103184.64,507.88411
1/18/2025 11:00,103184.64,103387.96,102932.01,103355.17,322.20513
1/18/2025 11:30,103355.18,103883.01,103230.24,103589.29,647.02176
1/18/2025 12:00,103589.29,104035.28,103500,103609.45,519.29021
1/18/2025 12:30,103609.44,103688.88,103372.08,103457.34,332.52101
1/18/2025 13:00,103457.34,103520,103107.65,103488.98,358.87362
1/18/2025 13:30,103488.98,104395.92,103456.78,104365.81,804.87356
1/18/2025 14:00,104365.81,104562.5,104123.09,104187.87,650.38701
1/18/2025 14:30,104187.87,104187.88,103722,103993.03,696.65983
1/18/2025 15:00,103993.02,104350.34,103761.05,104253.18,765.93635
1/18/2025 15:30,104253.17,104988.88,104215.03,104568.96,873.63642
1/18/2025 16:00,104568.96,104719.29,103777.84,103973.69,1062.97062
1/18/2025 16:30,103973.69,104199.74,103156.02,103253.66,885.63135
1/18/2025 17:00,103253.65,104091.32,103253.65,103894.74,487.10765
1/18/2025 17:30,103894.74,104207.97,103775.93,103826.16,318.84528
1/18/2025 18:00,103826.16,104117,103779.76,104004.07,408.34305
1/18/2025 18:30,104004.07,104395.92,103961.82,104084.74,451.73547
1/18/2025 19:00,104084.74,104295.79,104080.71,104156.01,298.70448
1/18/2025 19:30,104156,104486.93,104116.58,104382.01,283.81782
1/18/2025 20:00,104382,104488,103808.14,103921.06,375.26449
1/18/2025 20:30,103921.05,104091.29,103765.44,104035.42,403.21464
1/18/2025 21:00,104035.42,104276.34,104000.65,104131.4,341.85639
1/18/2025 21:30,104131.39,104131.4,103878.87,103889.29,265.48653
1/18/2025 22:00,103888.96,104200.48,103860.91,104199.61,258.57509
1/18/2025 22:30,104199.6,104307,104148,104291.3,159.60736
1/18/2025 23:00,104291.3,104750,104291.3,104464.99,475.4743
1/18/2025 23:30,104465,104692.89,104351.77,104556.23,258.94499
1/19/2025 0:00,104556.23,104556.23,104175.22,104267.94,340.73268
1/19/2025 0:30,104267.93,104411.64,104108,104108,291.05055
1/19/2025 1:00,104108.01,104410.4,104013.51,104410.4,238.62151
1/19/2025 1:30,104410.39,104684.22,104410.39,104486.83,293.28234
1/19/2025 2:00,104486.83,105315.23,104486.83,105190.62,720.85569
1/19/2025 2:30,105190.61,105458.55,104821.02,104877.96,551.00964
1/19/2025 3:00,104877.97,104999,104560,104783.49,408.1664
1/19/2025 3:30,104783.49,105183.51,104741.08,104984.01,427.61551
1/19/2025 4:00,104984.01,105267.67,104676.48,105052.01,642.31758
1/19/2025 4:30,105052.01,105089.82,104804.47,105032.03,537.05401
1/19/2025 5:00,105032.04,105032.04,104191.19,104739.13,772.13349
1/19/2025 5:30,104739.12,105131.7,104665.41,105116.52,428.09209
1/19/2025 6:00,105116.51,105345.5,105030,105308.37,449.13119
1/19/2025 6:30,105308.36,105634.78,105223.9,105568.29,759.15369
1/19/2025 7:00,105568.29,105594.63,105205.56,105259.47,576.91892
1/19/2025 7:30,105259.47,105316.19,104960.26,105167.12,620.71225
1/19/2025 8:00,105167.11,105167.12,104622.4,104644.75,620.07158
1/19/2025 8:30,104644.76,104965.96,104305.36,104428.24,981.54186
1/19/2025 9:00,104428.23,104497.52,103450.69,104307.56,1885.30624
1/19/2025 9:30,104307.56,105496.03,104247.39,105299.81,1349.92399
1/19/2025 10:00,105299.81,105299.81,104405.13,104495.97,703.26485
1/19/2025 10:30,104495.97,105176,104468.42,104823.86,696.40376
1/19/2025 11:00,104823.86,105350,104823.86,104936.15,684.42218
1/19/2025 11:30,104936.15,105028.59,104209.56,104363.23,974.93968
1/19/2025 12:00,104363.24,104879.68,104300.75,104441.76,895.89965
1/19/2025 12:30,104441.76,105040.3,104343.7,104936.54,480.22403
1/19/2025 13:00,104936.54,105321.87,104850.58,105052.87,637.17074
1/19/2025 13:30,105052.88,105222,104876.31,104964.71,510.86662
1/19/2025 14:00,104964.72,105706.48,104789.6,105448.02,1161.22277
1/19/2025 14:30,105448.03,105618.5,104900,105160,829.87946
1/19/2025 15:00,105159.99,105247.4,104500.01,105042.85,958.88693
1/19/2025 15:30,105042.84,105216.67,104675.05,104936.35,551.96455
1/19/2025 16:00,104936.35,105159,104725.68,105158.63,495.50337
1/19/2025 16:30,105158.62,105228.27,104836,104963.11,355.0731
1/19/2025 17:00,104963.11,104963.12,104556,104556,560.26278
1/19/2025 17:30,104556.01,105148.42,104520.01,105115.8,340.68516
1/19/2025 18:00,105115.8,105250,105028,105084.12,349.9602
1/19/2025 18:30,105084.12,105118.37,104902.27,105042.9,255.1423
1/19/2025 19:00,105042.9,105329.09,104967.66,105189.66,299.79167
1/19/2025 19:30,105189.66,106200.74,105152.36,106200,923.37698
1/19/2025 20:00,106200,106361.39,105486,105894.84,963.91552
1/19/2025 20:30,105894.84,106422.43,105803.26,106275.49,665.09222
1/19/2025 21:00,106275.49,106368.33,104130.98,104389.99,1187.3216
1/19/2025 21:30,104390.01,105301,103684.21,103684.44,2406.01924
1/19/2025 22:00,103684.43,104500,102714.64,104177.47,2693.5266
1/19/2025 22:30,104177.48,104199.99,101104.71,103414,2362.89348
1/19/2025 23:00,103414,103414,100300,100538.35,3395.53905
1/19/2025 23:30,100538.02,101963.43,99651.6,101331.57,4164.34328
1/20/2025 0:00,101331.57,101677.71,100654.8,101088,2243.60804
1/20/2025 0:30,101088,101232.66,99550,99794.51,3491.28952
1/20/2025 1:00,99794.51,100518.05,99629.86,100320,2024.15663
1/20/2025 1:30,100320,100999.99,99965.6,100692.82,1342.50776
1/20/2025 2:00,100692.82,101713.59,100600,101713.58,1357.52018
1/20/2025 2:30,101713.59,102321.42,101388.64,101926.42,1355.13637
1/20/2025 3:00,101926.56,102211.08,101465.08,101653.97,1064.67014
1/20/2025 3:30,101653.97,101958.65,101411.2,101891.93,1060.3716
1/20/2025 4:00,101891.94,102070.57,101535.28,101768.23,690.64013
1/20/2025 4:30,101768.24,102800.27,101678.31,102232.34,663.67977
1/20/2025 5:00,102232.34,102825.73,102127.99,102480.01,724.80528
1/20/2025 5:30,102480.01,102772.3,102297.86,102344.2,506.39224
1/20/2025 6:00,102344.2,102785.75,102220.8,102640,535.65896
1/20/2025 6:30,102640,109588,102606.03,107486.5,9362.123462
1/20/2025 7:00,107482.36,109499.99,107357.22,108706.15,6377.1192
1/20/2025 7:30,108706.15,108928.58,106923,107120.65,2344.16862
1/20/2025 8:00,107120.65,108288,107093.33,108038.55,1367.29808
1/20/2025 8:30,108038.55,108381.92,107821.74,108320.01,1105.99819
1/20/2025 9:00,108320,109193.23,107964.95,108238.04,2015.37219
1/20/2025 9:30,108238.03,108325.24,107548,108132.05,1251.84402
1/20/2025 10:00,108132.05,108731.92,107911.29,108501.8,828.15281
1/20/2025 10:30,108501.8,108630.4,107769.18,107964.56,892.93553
1/20/2025 11:00,107964.56,108550,107780.51,108405.33,791.02642
1/20/2025 11:30,108405.34,108535.9,108038.24,108239.19,758.27061
1/20/2025 12:00,108239.19,108700.01,105472.95,106655.98,3419.94386
1/20/2025 12:30,106655.98,107347.58,106020,106917.59,1436.83179
1/20/2025 13:00,106918.83,107476,106651.11,107338.17,992.797
1/20/2025 13:30,107338.16,108125,107221.27,107956.31,1404.72418
1/20/2025 14:00,107956.31,108130.08,107420.69,107486.02,1053.46046
1/20/2025 14:30,107486.02,108075.6,107277.28,107866.65,966.91948
1/20/2025 15:00,107866.65,107990,106250.03,107020.14,1717.98595
1/20/2025 15:30,107020.14,107021.5,104480,104957.99,2718.58041
1/20/2025 16:00,104957.99,105831.52,103708,105620.01,3226.50147
1/20/2025 16:30,105620.01,107050,105285,106670.38,1972.71066
1/20/2025 17:00,106670.37,106778.05,101401.01,104176.54,7104.18813
1/20/2025 17:30,104176.53,104753.43,100333,102963.32,7837.26662
1/20/2025 18:00,102963.31,104133.01,102738.23,103724,2264.29165
1/20/2025 18:30,103724,104469.15,103500,103930.66,1470.70677
1/20/2025 19:00,103930.66,103964.43,103017.71,103231.82,1199.78647
1/20/2025 19:30,103231.82,103959.99,102733.77,103691.63,887.45083
1/20/2025 20:00,103691.64,104296.4,103352,103958.4,675.92272
1/20/2025 20:30,103958.4,104331,103632.26,103647.16,424.89567
1/20/2025 21:00,103647.16,104080,103603.85,103710.18,303.15151
1/20/2025 21:30,103710.18,103889.96,102562.99,102596,935.87796
1/20/2025 22:00,102596,103200,101846.15,103099.99,1003.71215
1/20/2025 22:30,103099.99,103815.98,102938.8,103608,539.788
1/20/2025 23:00,103607.99,103728.52,102252.98,103232.9,771.2298
1/20/2025 23:30,103232.9,103383.77,101701.01,102260.01,1045.76244
1/21/2025 0:00,102260,102580,101720.49,101974.5,1147.78871
1/21/2025 0:30,101974.51,102672,101086.12,101187.75,1668.96496
1/21/2025 1:00,101187.75,102233.26,100200,100480,1907.90148
1/21/2025 1:30,100480,101864.85,100119.04,101498.24,1916.03522
1/21/2025 2:00,101498.23,102763.33,101064.87,102428.14,1290.53119
1/21/2025 2:30,102428.13,102674.4,101805.57,102545.56,761.42817
1/21/2025 3:00,102545.57,103260.1,102300,102898,794.97985
1/21/2025 3:30,102898.01,103230.76,102752.32,102936.01,646.06341
1/21/2025 4:00,102936.01,102974.14,102376.49,102716.6,725.28445
1/21/2025 4:30,102716.6,102716.6,101928.58,102344.2,652.41889
1/21/2025 5:00,102344.21,102527.39,101801.8,101995.99,686.24596
1/21/2025 5:30,101995.99,102056,101339.49,101365.98,676.62009
1/21/2025 6:00,101365.98,101989.67,101111.68,101824,872.47558
1/21/2025 6:30,101823.99,102186.15,101388,102176.04,650.35359
1/21/2025 7:00,102176.04,102480,102032.62,102446.21,603.07041
1/21/2025 7:30,102446.21,102446.22,101799.57,101989.05,533.68961
1/21/2025 8:00,101989.06,102490.13,101740.82,102237.65,514.32712
1/21/2025 8:30,102237.66,102496.74,102001,102466.81,672.99515
1/21/2025 9:00,102466.82,102894.29,102072.13,102338.48,1152.53701
1/21/2025 9:30,102338.98,102807.25,102302.33,102707.08,874.22725
1/21/2025 10:00,102707.07,103226.9,102582,103182.64,764.85572
1/21/2025 10:30,103182.63,103364.74,102961.22,103160.85,538.4586
1/21/2025 11:00,103160.85,103850,103073.86,103676.28,841.81091
1/21/2025 11:30,103676.29,103973.02,103468.62,103758.25,876.44897
1/21/2025 12:00,103758.25,104708.41,103610.77,104454.7,1154.44126
1/21/2025 12:30,104454.7,104700,104310,104519.98,872.7648
1/21/2025 13:00,104519.98,104999.99,104149.18,104646.35,1035.75242
1/21/2025 13:30,104646.35,104833.69,104360.02,104457.07,563.31016
1/21/2025 14:00,104457.08,105270.36,104404.01,105240.37,757.44242
1/21/2025 14:30,105240.38,105320,103001,103260.91,2608.26596
1/21/2025 15:00,103260.9,103826.73,102803.43,103720.08,1904.7719
1/21/2025 15:30,103720.08,104109.98,103360.17,103943,1002.50174
1/21/2025 16:00,103942.99,106500.99,103822.02,105412.85,3326.85002
1/21/2025 16:30,105412.86,105867.99,104822.27,104965.99,1040.11819
1/21/2025 17:00,104965.99,105815.5,104888.24,105685.88,652.95798
1/21/2025 17:30,105684.47,106400,105512.03,106173.26,1078.26974
1/21/2025 18:00,106173.27,106500,105892,106395.74,838.75286
1/21/2025 18:30,106395.73,107240.81,106260.88,106861.18,1483.43808
1/21/2025 19:00,106861.18,106958.95,106263.84,106877.63,749.02841
1/21/2025 19:30,106877.64,107150,106476.81,107031.34,587.8185
1/21/2025 20:00,107031.34,107199.99,106686.39,107027.96,773.01842
1/21/2025 20:30,107027.97,107092,105924.24,106137.51,866.23078
1/21/2025 21:00,106137.51,106415.33,105772,106235.31,569.53741
1/21/2025 21:30,106235.3,106814.37,106220,106772.23,622.3123
1/21/2025 22:00,106772.23,106772.24,106358.36,106448,349.04007
1/21/2025 22:30,106448,106478.86,105971.99,105996.01,241.02408
1/21/2025 23:00,105996.01,106109.79,105420,105724.15,725.69803
1/21/2025 23:30,105724.15,106284,105724.12,106143.82,368.16219
1/22/2025 0:00,106143.82,106322,105834.36,105986.6,440.916
1/22/2025 0:30,105986.6,106061.07,105807.08,105948,344.79482
1/22/2025 1:00,105948.01,106394.46,105625.34,105684.44,408.39617
1/22/2025 1:30,105684.44,105891.01,105448.99,105799.99,341.06053
1/22/2025 2:00,105800,106202.82,105663.79,106027.32,443.36249
1/22/2025 2:30,106027.33,106110.48,105556.05,105583.89,440.2448
1/22/2025 3:00,105583.9,105912.18,105583.89,105839.06,360.12872
1/22/2025 3:30,105839.05,105839.06,105600,105600.01,240.3548
1/22/2025 4:00,105600.01,105793.11,105566.75,105749,239.39098
1/22/2025 4:30,105749,105812,105277.24,105578.41,324.92394
1/22/2025 5:00,105578.41,105882.89,105498.83,105628.01,375.41036
1/22/2025 5:30,105628,105767.44,105500,105689.15,294.20728
1/22/2025 6:00,105689.15,105952,105359.02,105515.36,502.05435
1/22/2025 6:30,105515.36,105594.99,105186.71,105379.81,372.46875
1/22/2025 7:00,105379.82,105678.57,105320,105476.1,245.2448
1/22/2025 7:30,105476.1,105476.11,105043.88,105084.77,540.89229
1/22/2025 8:00,105084.77,105163.14,104730.72,104805.01,520.90728
1/22/2025 8:30,104805.01,105343.28,104700,105270.03,518.76925
1/22/2025 9:00,105270.03,105270.03,104916.43,105015.42,303.12642
1/22/2025 9:30,105015.42,105198,104947.51,104984.83,183.04352
1/22/2025 10:00,104984.82,105010.48,104647.75,104983,347.09847
1/22/2025 10:30,104983.01,105161.76,104881.33,105142.76,192.25296
1/22/2025 11:00,105142.14,105247.2,104758.62,104795.34,480.02358
1/22/2025 11:30,104795.34,105464.83,104789.99,105100.39,462.79314
1/22/2025 12:00,105100.38,105584.23,105060.35,105365.55,549.07431
1/22/2025 12:30,105365.55,105464.35,105252.35,105275.86,190.09367
1/22/2025 13:00,105275.87,105363.76,104867.22,104907.1,502.32896
1/22/2025 13:30,104907.1,104953.92,103768.14,104073.94,1077.90908
1/22/2025 14:00,104074.43,104687.66,103700,104662.98,941.25171
1/22/2025 14:30,104662.97,104949,103662.58,104393.66,1294.35908
1/22/2025 15:00,104393.67,105148.95,104121.14,104387.02,876.3888
1/22/2025 15:30,104387.01,104663.97,103982,104180.01,576.44305
1/22/2025 16:00,104180.01,104232.64,103700,103987.21,791.27988
1/22/2025 16:30,103987.21,104063.21,103339.12,103704.64,891.3625
1/22/2025 17:00,103704.65,104384.5,103665.73,104265.98,581.25763
1/22/2025 17:30,104265.98,104604.76,104127.44,104345.8,484.82224
1/22/2025 18:00,104345.8,104684,104068.96,104310,386.41768
1/22/2025 18:30,104310.01,104572.12,103756.48,103896.01,412.90935
1/22/2025 19:00,103896.01,104734.21,103853.66,104490,325.89564
1/22/2025 19:30,104489.99,104754.64,104301.13,104630,488.52617
1/22/2025 20:00,104630,104830.12,104316,104456.57,634.92262
1/22/2025 20:30,104456.56,104612,104070.61,104321.1,618.20663
1/22/2025 21:00,104321.11,104369.12,103611.66,103902.27,475.42412
1/22/2025 21:30,103902.28,104139.63,103900,104088.03,234.45654
1/22/2025 22:00,104086.95,104110.71,103770.01,104013.42,234.37045
1/22/2025 22:30,104013.42,104514.8,103813.33,103866.79,321.07772
1/22/2025 23:00,103866.79,104143.99,103679.46,103845,285.46943
1/22/2025 23:30,103845.01,103982.46,103654,103706.66,152.57958
1/23/2025 0:00,103706.66,103819.99,103102,103376.13,573.65755
1/23/2025 0:30,103376.14,103634.09,103052.82,103307.51,386.01912
1/23/2025 1:00,103307.51,103578.14,103105.05,103540.82,409.79272
1/23/2025 1:30,103540.82,103653.84,102588.15,102931.94,862.46826
1/23/2025 2:00,102931.94,102983.39,102129.31,102391.09,1276.33738
1/23/2025 2:30,102391.09,102775.86,102100,102655.34,666.80069
1/23/2025 3:00,102655.34,103004.58,102608.69,102973.84,375.29851
1/23/2025 3:30,102973.83,103007.75,102197.34,102461.25,409.90741
1/23/2025 4:00,102461.24,102493.15,101780,101810,968.51238
1/23/2025 4:30,101809.99,102142.4,101575.5,102075.22,660.6105
1/23/2025 5:00,102075.21,102263.93,102000,102025.89,348.32049
1/23/2025 5:30,102025.89,102639.36,102021.35,102532.52,541.97153
1/23/2025 6:00,102532.52,102968.31,102532.51,102857.24,288.37632
1/23/2025 6:30,102857.24,102857.25,102209.23,102256.7,307.7369
1/23/2025 7:00,102256.71,102523.5,102084.51,102325.33,324.0012
1/23/2025 7:30,102325.33,102803.2,102149.82,102710.27,482.65121
1/23/2025 8:00,102710.28,102724.94,102284,102394.95,307.65763
1/23/2025 8:30,102394.95,102517.24,102060,102215.75,305.65414
1/23/2025 9:00,102215.75,102467.73,102184.2,102307.25,288.87238
1/23/2025 9:30,102307.26,102307.26,101650,101672.01,607.51266
1/23/2025 10:00,101672,102072.72,101600.66,101950.01,389.09833
1/23/2025 10:30,101950,102027.31,101262.28,101683.61,633.12111
1/23/2025 11:00,101683.61,102158.93,101683.6,102025.41,455.35637
1/23/2025 11:30,102025.4,102195.03,101854.86,101944.49,226.68913
1/23/2025 12:00,101944.5,102135.05,101401.31,101706.59,465.914
1/23/2025 12:30,101706.58,101942.52,101460.48,101635.58,412.70897
1/23/2025 13:00,101635.59,101784,101281.62,101523.19,363.50689
1/23/2025 13:30,101523.19,102709.93,101523.18,102512.28,925.06733
1/23/2025 14:00,102512.28,102535.01,101989.81,102442.48,438.50302
1/23/2025 14:30,102442.48,106050.86,102352.83,105213.5,5418.96295
1/23/2025 15:00,105213.6,105792,102643.49,104214.49,6717.12683
1/23/2025 15:30,104217.41,105429.85,104214.28,105263.52,2499.23812
1/23/2025 16:00,105263.52,106850,105052,105965.28,3584.53862
1/23/2025 16:30,105965.27,106438.29,105028,105139.18,1576.33089
1/23/2025 17:00,105139.18,105364.55,104211,105286.94,1065.09847
1/23/2025 17:30,105286.94,106230.42,105224.13,105927.78,914.28734
1/23/2025 18:00,105927.78,106142.46,105170.46,105755.08,653.50534
1/23/2025 18:30,105755.08,105927.92,105100,105424.39,540.40785
1/23/2025 19:00,105424.39,105514.73,104448.27,104890.37,844.32281
1/23/2025 19:30,104890.37,104915.23,103399.98,103770.04,996.77385
1/23/2025 20:00,103770.05,106421.03,103150,105769.22,5043.11424
1/23/2025 20:30,105769.21,105834.59,102559.2,103284.48,4259.04613
1/23/2025 21:00,103284.01,103410.57,102195.7,102734,1697.19235
1/23/2025 21:30,102734,103283.26,102298.91,103079.08,872.60901
1/23/2025 22:00,103079.08,104181.02,102981.07,104140,1019.3324
1/23/2025 22:30,104140,104700,103657.16,103978.82,825.91744
1/23/2025 23:00,103978.82,104544.48,103776.06,104299.99,434.04235
1/23/2025 23:30,104299.99,104344.15,103848.44,103910.34,289.14919
1/24/2025 0:00,103910.35,104157.98,103520.09,103661.36,474.30134
1/24/2025 0:30,103661.37,103780,103424.58,103446.62,320.42644
1/24/2025 1:00,103446.62,103900,103420.56,103632.05,326.32062
1/24/2025 1:30,103632.05,103672.52,103039.87,103234.3,406.72669
1/24/2025 2:00,103234.3,103487.77,103004.26,103386.51,425.01808
1/24/2025 2:30,103386.51,103545.39,102956.72,103016.01,365.60148
1/24/2025 3:00,103016,103812.86,102750,103479.98,673.04426
1/24/2025 3:30,103479.97,104298,103430.65,103891.75,793.79478
1/24/2025 4:00,103891.75,104134.58,103804.77,103988.5,294.69453
1/24/2025 4:30,103988.5,104924.4,103900.01,104631.99,629.96108
1/24/2025 5:00,104631.98,105052,104543.21,104879.77,505.98891
1/24/2025 5:30,104879.77,105262.13,104808.17,105222.15,379.70873
1/24/2025 6:00,105222.15,105355,104800,104901.34,410.22358
1/24/2025 6:30,104901.35,104997.59,104628,104991.01,267.68468
1/24/2025 7:00,104991.01,105181.82,104660,104719.75,281.2379
1/24/2025 7:30,104719.75,105089.3,104668,105046.8,372.9975
1/24/2025 8:00,105046.79,105560.67,104922.41,105546.62,425.34537
1/24/2025 8:30,105546.61,105650,105260,105500.76,513.30337
1/24/2025 9:00,105500.76,105759,105381.91,105611.99,421.57521
1/24/2025 9:30,105611.99,105625.08,105053.8,105146.67,431.55049
1/24/2025 10:00,105146.67,105325.08,105051.46,105270,237.32274
1/24/2025 10:30,105270.01,105428,105110.09,105416.75,434.5747
1/24/2025 11:00,105416.75,105527.69,105326.88,105374.9,228.12755
1/24/2025 11:30,105374.91,105474.29,105214.15,105420.1,288.59477
1/24/2025 12:00,105420.11,105586.29,105183.65,105316.54,355.28526
1/24/2025 12:30,105316.54,105535.49,105300,105526.58,272.12969
1/24/2025 13:00,105526.58,105793.61,104982.03,105279.97,444.51182
1/24/2025 13:30,105279.98,105290,104993.5,105118.07,308.09888
1/24/2025 14:00,105118.06,105322.23,104880,105266.02,370.52644
1/24/2025 14:30,105266.01,106321.66,104669.17,105758,1839.81847
1/24/2025 15:00,105758,105990.5,105259.49,105665.03,792.8502
1/24/2025 15:30,105665.03,105972.9,105420,105859.98,539.09427
1/24/2025 16:00,105859.99,106126.06,105720.87,105989.41,769.07692
1/24/2025 16:30,105989.41,106174.99,105589,105645.89,663.43896
1/24/2025 17:00,105645.88,106498.41,105612,106478.23,694.99214
1/24/2025 17:30,106478.22,106699.99,106224.13,106458.46,677.5382
1/24/2025 18:00,106458.47,107120,106426.12,106917.98,1196.41862
1/24/2025 18:30,106917.99,106983.29,106056.95,106327.72,558.71745
1/24/2025 19:00,106327.31,106606.01,105875.4,106369.85,480.65019
1/24/2025 19:30,106369.85,106434.21,105687,105760.94,442.53784
1/24/2025 20:00,105760.93,105781,105100.69,105205.11,548.16107
1/24/2025 20:30,105205.12,105404.45,104736.84,104859.11,793.40864
1/24/2025 21:00,104859.4,105391.47,104859.4,105289.33,457.9942
1/24/2025 21:30,105289.33,105382.88,105030.51,105124.61,290.98939
1/24/2025 22:00,105124.61,105477,104950.01,104971.97,318.1174
1/24/2025 22:30,104971.96,105229.9,104706.08,104777.25,222.17405
1/24/2025 23:00,104777.25,104925.2,104456.89,104580.16,464.62548
1/24/2025 23:30,104580.15,104872.16,104488.42,104870.5,199.95979
1/25/2025 0:00,104870.51,104870.51,104507.99,104623.93,356.21509
1/25/2025 0:30,104623.93,104748,104361.89,104419.59,416.21046
1/25/2025 1:00,104419.58,104751.18,104380.15,104712.12,277.88064
1/25/2025 1:30,104712.12,104815.01,104672.41,104738,172.08298
1/25/2025 2:00,104738.01,104830.27,104550,104668.22,121.88289
1/25/2025 2:30,104668.22,104741.45,104473.67,104559.54,145.08437
1/25/2025 3:00,104559.54,104760.37,104461,104696.7,168.52392
1/25/2025 3:30,104696.7,105280.82,104696.7,105202.4,371.97804
1/25/2025 4:00,105202.4,105202.4,104844.82,104905.12,157.54397
1/25/2025 4:30,104905.11,104905.13,104620,104648,174.6722
1/25/2025 5:00,104647.99,104701.18,104380.85,104623.16,165.91371
1/25/2025 5:30,104623.16,104671.01,104236.95,104365.97,202.30932
1/25/2025 6:00,104365.96,104480,104216.81,104367.8,224.22264
1/25/2025 6:30,104367.81,104386.09,104234.18,104308,240.6448
1/25/2025 7:00,104308,104523.25,104287.24,104448.23,148.22448
1/25/2025 7:30,104448.23,104499.5,104369.99,104385.98,93.6734
1/25/2025 8:00,104385.99,104497.54,104301.09,104340.04,173.59086
1/25/2025 8:30,104340.04,104358.11,104135.71,104341.98,186.59384
1/25/2025 9:00,104341.99,104432.99,104276.41,104300,139.58635
1/25/2025 9:30,104300.01,104450.48,104286.71,104366.63,122.87009
1/25/2025 10:00,104366.62,104458.34,104106.09,104272.6,226.91354
1/25/2025 10:30,104272.6,104661.04,104272.6,104540,140.75487
1/25/2025 11:00,104540,104618.25,104391.27,104446.2,138.79053
1/25/2025 11:30,104446.2,104700.01,104431.14,104670.99,125.49682
1/25/2025 12:00,104670.99,104676.33,104456,104456,113.36509
1/25/2025 12:30,104456.01,104792,104456,104753.07,145.50592
1/25/2025 13:00,104753.08,104868,104682.15,104725.61,292.99444
1/25/2025 13:30,104725.6,104799.63,104629.31,104717.04,102.6401
1/25/2025 14:00,104717.05,104721.99,104541.5,104606.48,123.1147
1/25/2025 14:30,104606.48,104644,104473.16,104600.01,145.79367
1/25/2025 15:00,104600,105111.11,104594.01,104929.53,377.71652
1/25/2025 15:30,104929.52,105031.98,104751.46,104897.79,162.98618
1/25/2025 16:00,104897.79,104989.49,104726.29,104786.48,172.74172
1/25/2025 16:30,104786.49,104815.99,104591.67,104654.9,251.65485
1/25/2025 17:00,104654.91,104850.01,104449.75,104780.01,310.26954
1/25/2025 17:30,104780.01,104934.39,104563.35,104899.71,236.08761
1/25/2025 18:00,104899.72,105094.08,104843.25,105038.08,272.31589
1/25/2025 18:30,105038.08,105286.52,104917.11,104983.49,213.9366
1/25/2025 19:00,104983.5,105187.5,104983.49,105002.91,261.07042
1/25/2025 19:30,105002.95,105071.17,104909.09,105055.16,113.50112
1/25/2025 20:00,105055.16,105200,105031.31,105086.95,100.4137
1/25/2025 20:30,105086.95,105170,104965.7,104965.71,116.0173
1/25/2025 21:00,104965.71,105000,104866.66,104973.55,172.15606
1/25/2025 21:30,104973.56,105123.5,104891.73,105102.84,219.28093
1/25/2025 22:00,105102.84,105250,105030.06,105030.07,136.26445
1/25/2025 22:30,105030.06,105172.8,105004.53,105077.54,84.88318
1/25/2025 23:00,105077.54,105134.9,104860,104978.97,130.00222
1/25/2025 23:30,104978.96,104978.97,104696,104746.85,121.95175
1/26/2025 0:00,104746.86,104841.84,104637.55,104664.36,183.8429
1/26/2025 0:30,104664.36,104736,104515.44,104599.96,195.50276
1/26/2025 1:00,104599.95,104701.58,104503.7,104701.57,213.23903
1/26/2025 1:30,104701.57,104772,104552,104621.37,94.66521
1/26/2025 2:00,104621.37,104700,104520.03,104699.99,98.61174
1/26/2025 2:30,104699.99,104718.16,104568,104696.25,76.29457
1/26/2025 3:00,104696.25,104844.83,104696.24,104786.64,96.23849
1/26/2025 3:30,104786.64,105273.24,104777.89,105062.42,357.21272
1/26/2025 4:00,105062.41,105500,104978.82,105380,319.41902
1/26/2025 4:30,105380,105392.74,105115.76,105174.27,152.67882
1/26/2025 5:00,105174.28,105200,105023,105055.14,162.53119
1/26/2025 5:30,105055.13,105190,105013.6,105094.12,142.11063
1/26/2025 6:00,105094.13,105118.78,105035.08,105055.8,102.82427
1/26/2025 6:30,105055.81,105073,104959.2,104990.75,141.02644
1/26/2025 7:00,104990.75,105100,104950,105013.7,128.27601
1/26/2025 7:30,105013.69,105050,104960,104998.35,80.08071
1/26/2025 8:00,104998.36,105221.36,104890.56,104985.73,187.59302
1/26/2025 8:30,104985.74,105125.59,104863.31,105030.4,95.90922
1/26/2025 9:00,105030.4,105030.41,104800,104856.08,101.57475
1/26/2025 9:30,104856.08,104856.09,104444.01,104630.03,519.66248
1/26/2025 10:00,104630.02,104699.99,104522.69,104621.9,111.67708
1/26/2025 10:30,104621.9,104722.9,104500,104715.29,140.92648
1/26/2025 11:00,104715.29,104847.69,104679.91,104700,100.83623
1/26/2025 11:30,104700,104837.88,104662.05,104818.69,82.3876
1/26/2025 12:00,104818.68,104818.69,104703.58,104761.49,87.74681
1/26/2025 12:30,104761.5,104890,104713.8,104890,106.73135
1/26/2025 13:00,104890,105126.11,104838.43,104922.99,403.32517
1/26/2025 13:30,104922.99,105049.34,104848.72,104961.73,120.30779
1/26/2025 14:00,104961.74,104961.75,104804,104844.82,100.23914
1/26/2025 14:30,104844.82,105003.54,104843.97,104944,113.01403
1/26/2025 15:00,104944,105093.22,104887.7,105010.01,105.39643
1/26/2025 15:30,105010.01,105075.75,104961.02,104967.01,100.19727
1/26/2025 16:00,104967.02,105022.07,104896,104952.32,84.06382
1/26/2025 16:30,104952.32,105040.64,104938,104938.02,81.90389
1/26/2025 17:00,104938.01,105023.24,104912.53,104950,91.89054
1/26/2025 17:30,104950,105050,104945.11,104945.11,90.4911
1/26/2025 18:00,104945.12,105260.36,104906.89,105194.02,280.90551
1/26/2025 18:30,105194.01,105256.38,105090,105175.11,74.19396
1/26/2025 19:00,105175.11,105240,105052.53,105080.01,82.15192
1/26/2025 19:30,105080.01,105156,105040,105081.63,80.83428
1/26/2025 20:00,105081.64,105200,104960,105180.75,94.31138
1/26/2025 20:30,105180.75,105180.76,104918.52,104949.99,112.29708
1/26/2025 21:00,104949.99,105006,104709.6,104895.19,226.64051
1/26/2025 21:30,104895.19,104917.42,104552.48,104557.19,166.35663
1/26/2025 22:00,104557.19,104676.82,104324.32,104527.82,316.38529
1/26/2025 22:30,104527.82,104730.98,104300.01,104330.22,183.23059
1/26/2025 23:00,104330.21,104330.21,102678,103136.42,2045.59117
1/26/2025 23:30,103136.42,103136.42,102520.44,102620,779.18535
1/27/2025 0:00,102620.01,103260,102313.12,102840.03,962.5219
1/27/2025 0:30,102840.03,102902,101600,101728,1438.01451
1/27/2025 1:00,101728,102085.04,101168.8,101665.93,1565.97744
1/27/2025 1:30,101665.92,101976.19,101300.03,101308.29,804.61018
1/27/2025 2:00,101308.29,101688,100835.25,101328.5,1394.01275
1/27/2025 2:30,101328.5,101362.31,100856.86,101000,924.01876
1/27/2025 3:00,100999.99,101858.19,100720.53,101816.79,928.27261
1/27/2025 3:30,101816.79,101816.79,101300,101395.64,336.45904
1/27/2025 4:00,101395.64,101399.99,100600,100923,825.67983
1/27/2025 4:30,100923,101000.59,100227.01,100410.04,1183.40832
1/27/2025 5:00,100410.04,100732,100293.86,100459.99,612.5054
1/27/2025 5:30,100460,100524,99713.37,100374.08,2017.22773
1/27/2025 6:00,100374.07,100491.99,99736.12,99980.01,1325.16914
1/27/2025 6:30,99980.02,99980.02,98721,98956.32,2508.42572
1/27/2025 7:00,98956.31,99239,97777.77,97808.1,2178.17237
1/27/2025 7:30,97808.1,99415.92,97792,99048.02,2001.04568
1/27/2025 8:00,99048.01,99367.73,98700,99143.5,1050.36386
1/27/2025 8:30,99143.5,99143.5,98700,99043.77,790.12365
1/27/2025 9:00,99043.78,99533.33,98806,98817.7,857.44494
1/27/2025 9:30,98817.71,99436.11,98800,99424.38,712.42086
1/27/2025 10:00,99424.37,99454.76,98962.51,99108.01,532.37986
1/27/2025 10:30,99108.01,99153.99,98263.49,98392.74,1261.29775
1/27/2025 11:00,98392.74,99131.42,98324.01,99057.06,1072.46812
1/27/2025 11:30,99057.05,99362.03,98761.12,98761.13,513.89015
1/27/2025 12:00,98761.12,99250,98714.28,99098.01,546.65866
1/27/2025 12:30,99098,100910.27,99016.16,100619.68,1618.20581
1/27/2025 13:00,100619.68,101666.66,100316.44,100882.99,2388.72564
1/27/2025 13:30,100882.99,101244.63,100000,100483.99,1346.97231
1/27/2025 14:00,100483.98,100830.9,100105.54,100765.4,624.23377
1/27/2025 14:30,100765.41,102317.94,100416,101920.89,2488.32097
1/27/2025 15:00,101920.88,102118.49,100852,101658.99,1486.60583
1/27/2025 15:30,101658.98,101830.9,101100,101112.03,846.35161
1/27/2025 16:00,101112.03,101250.56,100564,100829.22,867.75582
1/27/2025 16:30,100829.17,100829.17,99566.25,99744,1471.3096
1/27/2025 17:00,99744,100050.02,99049.98,99575.13,898.00222
1/27/2025 17:30,99575.12,99980.08,99142.46,99150.01,854.65747
1/27/2025 18:00,99150.01,99753.89,99049.94,99171.43,633.15811
1/27/2025 18:30,99171.44,99545.42,98864,99180,913.81222
1/27/2025 19:00,99180,99779,99175.03,99690,743.49381
1/27/2025 19:30,99690.04,99952,99400.71,99700.02,491.40848
1/27/2025 20:00,99700.01,100412.18,99606.46,100351.68,478.71088
1/27/2025 20:30,100351.99,101750.4,100351.99,101386.5,1058.8908
1/27/2025 21:00,101386.11,102405,101324.63,101672.55,1286.57404
1/27/2025 21:30,101672.54,101724.53,100954,101349.67,541.00198
1/27/2025 22:00,101349.67,101677.51,101277.77,101474,261.22311
1/27/2025 22:30,101474,101961.09,101421.36,101637.18,286.98767
1/27/2025 23:00,101637.18,102123.25,101637.18,101739.95,410.62423
1/27/2025 23:30,101739.96,102183.21,101734.4,102082.83,418.53849
1/28/2025 0:00,102082.83,102892,102067.8,102191,747.80524
1/28/2025 0:30,102190.99,102350.7,101777,101856.01,438.16476
1/28/2025 1:00,101856,102000,101466,101475.05,339.78553
1/28/2025 1:30,101475.04,101844.35,101382.66,101382.67,479.1048
1/28/2025 2:00,101382.66,102104,101334.55,101975.84,500.34364
1/28/2025 2:30,101975.84,102436.79,101848.89,102402.01,319.67077
1/28/2025 3:00,102402.01,102459.31,102026.02,102353.14,365.57959
1/28/2025 3:30,102353.15,102880,102285.48,102636.32,479.78204
1/28/2025 4:00,102636.32,103022.3,102600,103013.79,337.18335
1/28/2025 4:30,103013.78,103371.24,102899.9,102901.45,505.12743
1/28/2025 5:00,102901.45,103168.36,102812.9,103035.99,336.74715
1/28/2025 5:30,103036,103339.61,102911.2,103014.59,263.58054
1/28/2025 6:00,103014.6,103200,102757.17,102849.98,222.0827
1/28/2025 6:30,102849.99,102911.51,102599.2,102744.38,242.01432
1/28/2025 7:00,102744.39,103320,102527.39,103272.66,353.44155
1/28/2025 7:30,103272.66,103343.65,102616.23,102789.72,394.28042
1/28/2025 8:00,102789.72,103028.53,102607.34,102832.99,243.17166
1/28/2025 8:30,102832.99,102878.79,102637.75,102851.23,184.87473
1/28/2025 9:00,102851.23,102965.28,102393.94,102474.87,308.77033
1/28/2025 9:30,102474.87,102962.66,102444.11,102955.99,359.63168
1/28/2025 10:00,102955.99,103181.82,102821.71,102953.89,262.3554
1/28/2025 10:30,102953.9,103000,102600.79,102745.36,218.63284
1/28/2025 11:00,102745.37,102943.07,102641.87,102693.47,215.4344
1/28/2025 11:30,102693.48,102870,102564.77,102762.01,258.7311
1/28/2025 12:00,102762.02,102988.6,102620,102683.79,260.65488
1/28/2025 12:30,102683.8,102727.89,102476.63,102599.99,271.65337
1/28/2025 13:00,102599.99,102938.71,102564,102820,178.44985
1/28/2025 13:30,102820,102820,102482.35,102597.36,237.36582
1/28/2025 14:00,102597.37,102619.99,101815.26,102580.26,726.53807
1/28/2025 14:30,102580.26,102891.33,102058.99,102641.99,1216.29262
1/28/2025 15:00,102642,103315.79,102625.01,103210.22,975.52292
1/28/2025 15:30,103210.22,103800,102504,102777.99,1239.97347
1/28/2025 16:00,102777.99,102907.98,101906.24,102041.99,997.21105
1/28/2025 16:30,102042,102576.93,101972.84,102250.01,548.92374
1/28/2025 17:00,102250.01,103098,102220.07,102848.86,832.35554
1/28/2025 17:30,102848.87,102928,102338,102572.82,569.94449
1/28/2025 18:00,102572.82,103108,102375,102854.56,677.85022
1/28/2025 18:30,102854.57,102955.89,102160,102205.79,361.07748
1/28/2025 19:00,102205.78,102400,101820.15,102237.13,465.16975
1/28/2025 19:30,102237.12,102660,102043.53,102424.24,243.52176
1/28/2025 20:00,102424.24,102538,101955.49,101972.09,295.86172
1/28/2025 20:30,101972.1,102150.23,101197.04,101264.48,669.27045
1/28/2025 21:00,101264.02,101547.22,101090.71,101470.95,478.55732
1/28/2025 21:30,101470.94,101496.66,100272.68,100334.01,896.1445
1/28/2025 22:00,100334,101119.54,100274.96,100735.81,571.07718
1/28/2025 22:30,100735.8,101404,100568.01,101265.63,285.10194
1/28/2025 23:00,101265.63,101424.07,100908.51,100953.78,331.02708
1/28/2025 23:30,100953.78,101450,100750,101335.52,316.21646
1/29/2025 0:00,101335.52,101682.58,101328.01,101478.01,301.15752
1/29/2025 0:30,101478.01,101819.67,101396,101702.59,202.42956
1/29/2025 1:00,101702.6,101993.68,101616.39,101677.15,203.44958
1/29/2025 1:30,101677.14,101884,101461.12,101845.02,262.11007
1/29/2025 2:00,101845.02,102319.69,101787.92,101848.55,289.03078
1/29/2025 2:30,101848.55,101978.32,101696.01,101795.4,76.76656
1/29/2025 3:00,101795.41,102089.8,101764.24,102002.18,166.365
1/29/2025 3:30,102002.19,102162.8,101881.03,102038.2,195.07429
1/29/2025 4:00,102038.21,102146.45,101955.51,102133.33,155.88702
1/29/2025 4:30,102133.33,102190,101976.19,102001.06,167.62446
1/29/2025 5:00,102001.06,102384.61,101980.27,102171.99,251.99795
1/29/2025 5:30,102172,102308.68,102133.9,102262,162.72639
1/29/2025 6:00,102262,102600,102237.05,102523.08,287.00563
1/29/2025 6:30,102523.09,102853.53,102523.08,102801.64,285.47049
1/29/2025 7:00,102801.64,102815.66,102449.97,102531.52,219.62502
1/29/2025 7:30,102531.52,102755.82,102486.85,102755.82,233.86947
1/29/2025 8:00,102755.81,103000,102680,102895.36,326.32804
1/29/2025 8:30,102895.36,102976,102712,102732.03,201.34633
1/29/2025 9:00,102732.03,102770,102346.67,102350,481.6894
1/29/2025 9:30,102350,102555.09,102303.68,102334.4,154.46196
1/29/2025 10:00,102334.41,102700,102180.65,102552.95,222.71164
1/29/2025 10:30,102552.95,102726.77,102484.62,102547.01,157.81296
1/29/2025 11:00,102547.01,102620,102425.87,102619.99,326.73828
1/29/2025 11:30,102620,102809.52,102539.88,102646,338.62517
1/29/2025 12:00,102646,102842.04,102384,102420,477.63851
1/29/2025 12:30,102419.99,102544,102220.13,102229.85,311.0254
1/29/2025 13:00,102229.85,102330.81,101818.25,101896.01,1369.17163
1/29/2025 13:30,101896.01,102112.5,101699.59,101836.23,384.05973
1/29/2025 14:00,101836.23,102186.58,101751.53,102166.65,289.07024
1/29/2025 14:30,102166.64,102380,101582.37,102029.93,745.73584
1/29/2025 15:00,102029.94,102531.64,101867.31,101990,498.40708
1/29/2025 15:30,101990,102112.5,101798.01,101980.78,307.55433
1/29/2025 16:00,101980.78,102122.86,101675.62,101877.99,351.25015
1/29/2025 16:30,101877.99,102150,101814.18,102092.01,278.89697
1/29/2025 17:00,102092,102444,101995.37,102409.1,290.51115
1/29/2025 17:30,102409.1,102777.78,102359.37,102406.98,521.84156
1/29/2025 18:00,102406.97,102590.59,102008,102581.4,397.00667
1/29/2025 18:30,102581.4,103000,102581.39,102854.15,544.93667
1/29/2025 19:00,102854.14,102896.92,101400.01,101547.87,1744.7874
1/29/2025 19:30,101547.86,103999,101474.11,103583.99,3130.68723
1/29/2025 20:00,103584,104689.17,102868,104364.59,1923.45458
1/29/2025 20:30,104365.99,104782.68,103945.75,104193.93,1034.78346
1/29/2025 21:00,104193.92,104374.68,103743.45,104111,1076.53876
1/29/2025 21:30,104111,104393.93,103715.5,103741.11,437.42789
1/29/2025 22:00,103741.11,103831.56,103405.77,103771.28,344.74719
1/29/2025 22:30,103771.29,104010.94,103440,103492.06,371.06845
1/29/2025 23:00,103492.07,104344.64,103460,104194.64,427.39299
1/29/2025 23:30,104194.65,104205,103646.47,103733.24,227.06057
1/30/2025 0:00,103733.25,103818.69,103486,103546,385.10392
1/30/2025 0:30,103546,104123.36,103278.54,104026.04,412.41534
1/30/2025 1:00,104026.05,104499,103925,104372.22,334.93783
1/30/2025 1:30,104372.23,104555,104148.79,104264.15,438.82562
1/30/2025 2:00,104264.15,104360.13,103994.46,104360.13,286.86286
1/30/2025 2:30,104360.13,104668.35,104300,104663.19,536.90217
1/30/2025 3:00,104663.19,104748,104493.16,104683.55,368.86551
1/30/2025 3:30,104683.56,105300,104676,105196,1112.98992
1/30/2025 4:00,105196,105288.63,104897.86,105069.61,363.64699
1/30/2025 4:30,105069.62,105595.81,104842.37,105478,495.18613
1/30/2025 5:00,105478,105520,105210.5,105304.76,382.8045
1/30/2025 5:30,105304.76,105375.71,104996.97,105375.7,423.0957
1/30/2025 6:00,105375.7,105580.16,105208.01,105212.76,337.57777
1/30/2025 6:30,105212.76,105297.59,105163.44,105184.37,214.9287
1/30/2025 7:00,105184.38,105348,104831.98,105007.97,331.13727
1/30/2025 7:30,105007.96,105160.95,104799.66,105132.07,246.70788
1/30/2025 8:00,105132.07,105368.84,104925.26,105167.01,303.02872
1/30/2025 8:30,105167.01,105291.14,105014.9,105060.01,169.10944
1/30/2025 9:00,105060.01,105293.95,105021.36,105293.94,204.4306
1/30/2025 9:30,105293.95,105534,105278.05,105412.05,296.74529
1/30/2025 10:00,105412.05,105412.06,105117.63,105258.02,253.93572
1/30/2025 10:30,105258.01,105364,105186.55,105345.4,109.35489
1/30/2025 11:00,105345.41,105345.41,105078.01,105123.99,172.09774
1/30/2025 11:30,105123.99,105392,105109.65,105300.63,181.51343
1/30/2025 12:00,105300.63,105312.93,105000,105036.08,216.21327
1/30/2025 12:30,105036.09,105110.37,104836.85,105020,223.87129
1/30/2025 13:00,105020.01,105367.57,104929.72,105259.15,331.81538
1/30/2025 13:30,105259.14,105337.43,104836.58,104879.99,474.25524
1/30/2025 14:00,104879.99,105044.4,104660,104909.42,502.80011
1/30/2025 14:30,104909.42,106222.08,104768.48,105920.57,1709.33734
1/30/2025 15:00,105920.57,106457.44,105353.85,105498.3,1428.315
1/30/2025 15:30,105498.3,106165.15,105450,105564,700.20385
1/30/2025 16:00,105563.99,106004.48,105455.3,105948.73,597.44883
1/30/2025 16:30,105948.73,106013.01,105624.53,105696.96,394.86513
1/30/2025 17:00,105696.96,105698.27,105111,105131.77,421.00374
1/30/2025 17:30,105131.76,105333.06,104900.14,105300.01,437.48325
1/30/2025 18:00,105300.01,105330.95,104762.59,104910.75,349.1427
1/30/2025 18:30,104910.75,105583.39,104888.85,105578.95,320.32691
1/30/2025 19:00,105578.96,105632.25,105231.58,105410.77,340.33109
1/30/2025 19:30,105410.78,105776.87,105244.47,105711.27,282.15148
1/30/2025 20:00,105711.28,105821.62,105642.06,105653.05,351.84932
1/30/2025 20:30,105653.05,105669.48,104815.82,104907.15,766.57821
1/30/2025 21:00,104907.1,105200,104805.15,105006.73,281.97391
1/30/2025 21:30,105006.73,105217.17,104929.86,105048.89,206.87944
1/30/2025 22:00,105048.89,105126.28,104962.11,105087.17,131.14231
1/30/2025 22:30,105087.17,105351.29,105079.2,105094.56,148.38336
1/30/2025 23:00,105094.57,105254,105049.94,105202.44,135.23557
1/30/2025 23:30,105202.44,105202.45,104693.82,104722.94,260.26405
1/31/2025 0:00,104722.94,104850,104400,104763.56,425.99318
1/31/2025 0:30,104763.56,105029.72,104679.41,104898.49,226.02588
1/31/2025 1:00,104898.48,104908.15,104420.97,104499.17,195.61998
1/31/2025 1:30,104499.17,104767.67,104499.16,104729.58,198.13064
1/31/2025 2:00,104729.95,104851.99,104331,104368.72,284.31858
1/31/2025 2:30,104368.49,104485,104255.01,104341.72,299.47135
1/31/2025 3:00,104341.73,104341.73,103930.09,104106.01,597.15068
1/31/2025 3:30,104106,104377.76,104000,104344.46,283.83758
1/31/2025 4:00,104344.46,104547.24,104177.16,104500.36,136.63003
1/31/2025 4:30,104500.35,104520.39,103972.13,104007.58,258.42127
1/31/2025 5:00,104007.59,104484.09,104007.59,104418.86,179.30246
1/31/2025 5:30,104418.87,104441.8,104258.29,104319.87,180.17333
1/31/2025 6:00,104319.87,104557.34,104298.73,104539.84,145.07514
1/31/2025 6:30,104539.83,104745.1,104509.8,104511.02,182.77803
1/31/2025 7:00,104511.03,104814.46,104470.58,104676.71,164.78991
1/31/2025 7:30,104676.71,104676.72,104002.01,104188.56,621.7685
1/31/2025 8:00,104188.57,104321.98,104013.63,104083.56,280.74641
1/31/2025 8:30,104083.55,104252.6,104023.91,104028.78,161.2453
1/31/2025 9:00,104028.79,104230.52,103936.54,104193.63,357.10336
1/31/2025 9:30,104193.64,104329.73,104119.15,104256.56,320.83024
1/31/2025 10:00,104256.57,104310.53,104080.1,104153.96,140.67465
1/31/2025 10:30,104153.96,104431.49,104100.64,104284.1,157.90308
1/31/2025 11:00,104284.1,104848.65,104284.1,104823.5,369.03413
1/31/2025 11:30,104823.5,104823.5,104551.35,104736,205.27303
1/31/2025 12:00,104736.01,104918.3,104612.07,104705.89,293.95056
1/31/2025 12:30,104705.89,104773.04,104553.71,104704.68,319.53774
1/31/2025 13:00,104704.69,105036.03,104704.68,104862.74,335.46111
1/31/2025 13:30,104862.74,104939.99,104551.09,104664.02,324.60649
1/31/2025 14:00,104664.01,104768.71,104470.58,104721.31,309.54677
1/31/2025 14:30,104721.31,104860,104106,104442.79,755.06915
1/31/2025 15:00,104443.99,105200,104443.99,105166.25,969.92369
1/31/2025 15:30,105166.24,106012,105104.53,105464.01,1521.55671
1/31/2025 16:00,105464,105574.4,104696.23,104804.01,762.96914
1/31/2025 16:30,104804.01,105101.06,104795.26,105081.87,488.19766
1/31/2025 17:00,105081.86,105081.87,104542,104995.75,403.10705
1/31/2025 17:30,104995.75,105025.92,104580.87,104580.87,297.39116
1/31/2025 18:00,104580.87,104820,104000,104018.68,565.56022
1/31/2025 18:30,104018.67,104018.67,102605,102627.29,1892.51367
1/31/2025 19:00,102627.29,103016.66,102138.8,102508.33,1163.16249
1/31/2025 19:30,102508.33,102659.45,102122,102312.32,803.94693
1/31/2025 20:00,102312.31,102312.31,101694.87,101938.43,967.73455
1/31/2025 20:30,101938.42,102321.42,101603.23,101680.02,1041.80582
1/31/2025 21:00,101680.02,101948.96,101608,101625.31,550.95546
1/31/2025 21:30,101625.32,102166.11,101560,102148.73,496.61921
1/31/2025 22:00,102148.72,102380.66,101918.46,102366.06,322.4752
1/31/2025 22:30,102366.07,102482.94,102050,102261.3,437.48202
1/31/2025 23:00,102261.29,102268.05,101955,102268.05,364.39134
1/31/2025 23:30,102268.04,102439.31,102089.84,102429.56,222.92105
2/1/2025 0:00,102429.56,102575.06,102274.5,102282.28,271.11823
2/1/2025 0:30,102282.29,102515,102213.07,102494.94,267.00353
2/1/2025 1:00,102494.94,102710.38,102460.33,102710.38,222.92584
2/1/2025 1:30,102710.37,102780.27,102532.5,102566,278.51246
2/1/2025 2:00,102566,102783.71,102408.95,102706.53,200.99715
2/1/2025 2:30,102706.53,102711.69,102400,102467.77,235.03803
2/1/2025 3:00,102466.96,102518.42,102300,102346,151.87827
2/1/2025 3:30,102346,102360,102198.52,102249.19,182.86934
2/1/2025 4:00,102249.19,102331.16,102118.56,102238.06,171.78237
2/1/2025 4:30,102238.07,102503.03,102236.55,102316.16,150.51294
2/1/2025 5:00,102316.15,102479.48,102235.29,102479.47,135.86124
2/1/2025 5:30,102479.47,102588.57,102437.11,102500,118.82373
2/1/2025 6:00,102500,102577.12,102313.72,102354.9,104.11323
2/1/2025 6:30,102354.89,102446.14,102184.46,102402.91,127.8576
2/1/2025 7:00,102402.91,102494.69,102265.55,102301.44,122.43674
2/1/2025 7:30,102301.44,102380,102161.82,102166.49,120.83016
2/1/2025 8:00,102166.49,102276.99,101952,102009.26,366.47871
2/1/2025 8:30,102009.27,102053.14,101836.43,102016.85,283.17146
2/1/2025 9:00,102016.85,102016.85,101800.01,101865.14,192.6892
2/1/2025 9:30,101865.14,101889.99,101412,101675.99,445.31884
2/1/2025 10:00,101675.99,101939.49,101675.99,101872.03,215.87768
2/1/2025 10:30,101872.02,101984.99,101626.82,101638,195.99689
2/1/2025 11:00,101638,102026.79,101638,101980.68,155.74974
2/1/2025 11:30,101980.67,102055.98,101879.75,102028.81,173.86252
2/1/2025 12:00,102028.82,102205.3,102009.12,102178.6,221.3111
2/1/2025 12:30,102178.61,102329.01,102156.22,102277.71,228.47525
2/1/2025 13:00,102277.71,102278,102163.56,102246,155.61559
2/1/2025 13:30,102245.99,102284.46,101799.9,101869.02,292.23188
2/1/2025 14:00,101869.04,102119.24,101812,102111.18,213.46933
2/1/2025 14:30,102111.17,102173.45,101827.52,101827.53,220.81076
2/1/2025 15:00,101827.53,102059.66,101730.79,102005.33,203.06999
2/1/2025 15:30,102005.34,102185.94,101959.57,102073.89,169.69129
2/1/2025 16:00,102073.89,102209.98,101906.59,102086.24,185.2779
2/1/2025 16:30,102086.24,102113.91,101863.77,101892.32,128.56881
2/1/2025 17:00,101892.32,102297.99,101892.32,102212.44,237.45256
2/1/2025 17:30,102212.45,102287.3,102094,102262.49,83.4494
2/1/2025 18:00,102262.5,102279.52,102107.93,102154.24,100.06019
2/1/2025 18:30,102154.23,102200.79,101965.24,102003.7,111.08809
2/1/2025 19:00,102003.7,102023.63,101777.56,101806.86,225.02377
2/1/2025 19:30,101806.86,101856.44,101448,101669.6,401.65986
2/1/2025 20:00,101669.6,101669.6,101151.25,101215.93,727.95244
2/1/2025 20:30,101215.93,101532.39,101000,101333.34,555.19371
2/1/2025 21:00,101333.34,101578.04,101176.7,101480.68,278.2635
2/1/2025 21:30,101480.68,101490.2,101001,101199.82,346.18542
2/1/2025 22:00,101199.81,101428,100666,100730,536.9895
2/1/2025 22:30,100730,100968.18,100510,100666.91,482.71919
2/1/2025 23:00,100666.9,100684,100279.51,100517.7,921.91142
2/1/2025 23:30,100517.69,100871.45,100462.9,100635.65,372.78062
2/2/2025 0:00,100635.66,101180.01,100500,101150.47,356.10283
2/2/2025 0:30,101150.46,101288.51,101058.82,101243.86,268.98636
2/2/2025 1:00,101243.86,101456.6,101185.82,101374.59,183.38481
2/2/2025 1:30,101374.6,101382.25,101165.1,101248.38,173.3907
2/2/2025 2:00,101248.38,101271.32,100769.18,100930.32,324.07041
2/2/2025 2:30,100930.33,100930.33,100425,100452.16,387.37701
2/2/2025 3:00,100452.16,100755.93,99418.5,99612,2024.5643
2/2/2025 3:30,99611.99,99754.69,99148.91,99206.86,847.46996
2/2/2025 4:00,99206.85,99681.67,99031.19,99539.09,786.99344
2/2/2025 4:30,99539.08,99884,99465.62,99538.6,460.37108
2/2/2025 5:00,99538.6,99982.38,99500,99820.64,317.75681
2/2/2025 5:30,99820.64,100342.69,99804.01,100259.53,396.47191
2/2/2025 6:00,100259.53,100515.99,100094.69,100488.01,367.67376
2/2/2025 6:30,100488.01,100488.02,100238.9,100265.15,284.93046
2/2/2025 7:00,100265.15,100277.54,99781.62,99886.45,337.91993
2/2/2025 7:30,99886.46,99959.65,99565.6,99643.3,526.66599
2/2/2025 8:00,99643.3,99842.29,99315.91,99753.74,584.41233
2/2/2025 8:30,99753.74,100100,99655.5,99831.04,333.45755
2/2/2025 9:00,99831.05,99831.05,99352.94,99562.01,428.00893
2/2/2025 9:30,99562,99864.02,99495.14,99690.78,286.65586
2/2/2025 10:00,99690.78,99694.72,99200,99368.33,618.88247
2/2/2025 10:30,99368.33,99644.49,99276.43,99417.06,361.0691
2/2/2025 11:00,99417.07,99604,99000,99006.01,496.18091
2/2/2025 11:30,99006,99272.7,98645,98864.6,998.55615
2/2/2025 12:00,98864.6,99166.19,98742.13,98831.91,506.89583
2/2/2025 12:30,98831.92,98831.92,98157,98178,944.92468
2/2/2025 13:00,98178,98810.42,98160,98733.7,599.62815
2/2/2025 13:30,98733.7,98827.18,98484.2,98795.88,1155.63129
2/2/2025 14:00,98795.89,99422,98705.88,99421.99,796.50155
2/2/2025 14:30,99421.99,99439.05,99172.72,99205.08,355.92074
2/2/2025 15:00,99205.08,99264,98824,98826.35,494.97488
2/2/2025 15:30,98826.36,99405.74,98720.55,99346.87,410.9088
2/2/2025 16:00,99346.87,99361.97,98816.56,98847.68,495.38124
2/2/2025 16:30,98847.69,98954.89,98075.02,98264,958.32321
2/2/2025 17:00,98264.01,98580.38,97632.58,97848.01,1383.23195
2/2/2025 17:30,97848,98128,97019,97228.85,1829.21758
2/2/2025 18:00,97228.86,97931.65,97019,97831.99,1159.5015
2/2/2025 18:30,97831.99,97871.03,96821.54,97087.92,1688.23
2/2/2025 19:00,97087.92,97578,96842.33,97521.73,1075.3481
2/2/2025 19:30,97521.73,98700,97508,98273.16,1106.50378
2/2/2025 20:00,98273.17,98628.74,98100,98171.56,546.0609
2/2/2025 20:30,98171.56,98250,97650.54,97798,437.64433
2/2/2025 21:00,97798.01,97977.02,96930.96,96948.2,652.44173
2/2/2025 21:30,96948.2,97316.45,96573.47,97020.54,965.69547
2/2/2025 22:00,97020.56,97732.3,96980.96,97409.03,663.15386
2/2/2025 22:30,97409.03,98022.2,96150,97994.46,1485.42504
2/2/2025 23:00,97994.47,97994.47,96543.1,97018.79,1555.27656
2/2/2025 23:30,97018.79,97793.27,96751.99,97700.59,1201.32516
2/3/2025 0:00,97700.59,97782.79,96060,97074,1708.97429
2/3/2025 0:30,97073.99,97191.11,95500,96511.33,3311.73914
2/3/2025 1:00,96511.33,96945.03,95054.16,95163.95,2618.09483
2/3/2025 1:30,95161.49,95454.41,92000,93435.82,7913.13252
2/3/2025 2:00,93436.97,94980,91231,93885.99,7225.18013
2/3/2025 2:30,93885.99,94176.46,93243.5,93566.01,3370.18022
2/3/2025 3:00,93566,94688,93426.49,94436,2298.98112
2/3/2025 3:30,94436,94516.65,93776,94038.74,1283.20885
2/3/2025 4:00,94038.75,94490.72,93149.91,93352.95,1121.24782
2/3/2025 4:30,93352.95,93528.72,92646.36,92786.53,1339.64134
2/3/2025 5:00,92786.53,93683.75,92760.8,93587.99,919.97596
2/3/2025 5:30,93587.99,94273.84,93478.26,94216,795.28489
2/3/2025 6:00,94215.99,94467.75,93755.57,94439.78,750.47845
2/3/2025 6:30,94439.78,94600,93657.33,93911.04,955.84153
2/3/2025 7:00,93911.05,94335.95,93846.32,94200.33,622.38301
2/3/2025 7:30,94200.32,95426.63,94018.65,95333.01,1278.465
2/3/2025 8:00,95333.01,95557.75,94915.25,95390.39,1026.64635
2/3/2025 8:30,95390.39,95634.39,94850.85,95340,805.47999
2/3/2025 9:00,95339.99,95950.68,95264.3,95880.57,1296.58328
2/3/2025 9:30,95880.58,95926,95222.03,95277,799.25512
2/3/2025 10:00,95277,95428.58,94799.29,95059.99,785.08692
2/3/2025 10:30,95059.99,95725.25,94943.45,95702.67,526.93303
2/3/2025 11:00,95702.68,95716.21,95305.2,95413.87,479.39562
2/3/2025 11:30,95413.86,95413.86,95015.3,95033.86,317.89375
