Date,Open,High,Low,Close,Volume,close_time,quote_asset_volume,number_of_trades,taker_buy_base_asset_volume,taker_buy_quote_asset_volume,ignore
2/3/2020,9331.59,9618.79,9234,9292.24,50892.13345,1.58E+12,476379993.5,492124,24781.3977,232065946.5,0
2/4/2020,9291.35,9350,9093.01,9197.02,53308.17527,1.58E+12,491136137.2,528930,26103.43231,240571508.2,0
2/5/2020,9197.02,9744.45,9177.22,9612.04,64870.41562,1.58E+12,613540574.8,661758,35375.6052,334620486.1,0
2/6/2020,9612.03,9862.57,9526.35,9772,64949.70659,1.58E+12,631245079.8,682179,32143.45465,312506614.4,0
2/7/2020,9772,9885,9730,9813.73,43966.11463,1.58E+12,430744860.2,582249,22733.98819,222761440,0
2/8/2020,9813.87,9940,9667.11,9895.05,43600.84367,1.58E+12,427781790.2,514573,22664.38184,222438123.8,0
2/9/2020,9895.04,10166,9880.75,10151.75,43408.47562,1.58E+12,437441704.9,536848,22408.27733,225799470,0
2/10/2020,10151.72,10188,9756,9851.83,59573.08462,1.58E+12,590091358.4,690308,28618.88325,283509329.4,0
2/11/2020,9851.74,10323.59,9700,10223.08,62422.39522,1.58E+12,624970415.4,710170,31905.31642,319373572.9,0
2/12/2020,10223.08,10450,10223.08,10326.46,61008.06393,1.58E+12,629756037.5,857655,31141.8077,321525481.5,0
2/13/2020,10325.33,10500,10080,10229.63,79344.35876,1.58E+12,815507473.7,932802,38475.27255,395629173,0
2/14/2020,10227.78,10381.56,10111.37,10344.36,47038.48017,1.58E+12,482455622,622310,23697.00549,243079257.3,0
2/15/2020,10344.36,10375,9801,9904.72,57657.20295,1.58E+12,580845331.2,739781,26758.58032,269731775.5,0
2/16/2020,9904.46,10050,9638.12,9917.27,60023.99954,1.58E+12,592584876.9,708070,29406.13684,290482773.3,0
2/17/2020,9910.7,9964.16,9452.67,9706,70261.0119,1.58E+12,680009637.6,778058,33221.83924,321724146.1,0
2/18/2020,9706,10250,9576.01,10164.71,70604.12402,1.58E+12,696870122.8,723413,37303.99633,368380176.6,0
2/19/2020,10164.78,10250,9350,9593.79,55162.5869,1.58E+12,547679966.9,588760,25457.91648,253188749.1,0
2/20/2020,9594.65,9699,9400,9596.42,60152.34291,1.58E+12,576020107.5,667387,29843.20888,285816414.9,0
2/21/2020,9597.21,9755.51,9550.21,9677.05,42181.55452,1.58E+12,408286949.8,470599,21645.26761,209532434.6,0
2/22/2020,9677.05,9709.17,9560.02,9650.86,24636.75762,1.58E+12,237544283.2,319961,13267.24651,127929553,0
2/23/2020,9650.85,9990,9645,9936.4,37702.08984,1.58E+12,371815095.5,441935,20035.25055,197592792.9,0
2/24/2020,9936.4,9990,9473.56,9656.13,55796.59612,1.58E+12,542081527.6,589384,26426.93064,256859539,0
2/25/2020,9655.52,9675,9250,9315.84,54379.34455,1.58E+12,514946930.6,579079,26318.93416,249358678.9,0
2/26/2020,9316.48,9377.44,8633.63,8785.25,92130.34548,1.58E+12,830717784.4,871018,41928.87481,378197861.6,0
2/27/2020,8786,8971.77,8531,8823.21,72483.57876,1.58E+12,636955872.8,696646,35410.01449,311229361.7,0
2/28/2020,8823.25,8900,8445,8692.91,71155.20898,1.58E+12,615664817,655727,35295.60614,305533927,0
2/29/2020,8690.8,8790,8523.55,8523.61,36748.18304,1.58E+12,318585952,414175,18916.85456,164044036.9,0
3/1/2020,8523.61,8750,8411,8531.88,43892.20178,1.58E+12,375729315.3,472019,21838.36887,186962259.7,0
3/2/2020,8530.3,8965.75,8498,8915.24,60401.31773,1.58E+12,528906629.6,564535,31213.0806,273395227.9,0
3/3/2020,8911.18,8919.65,8651,8760.07,55154.99728,1.58E+12,484181096.3,512762,26954.22975,236655810.1,0
3/4/2020,8760.07,8848.29,8660,8750.87,38696.48258,1.58E+12,338849892,454817,19279.33119,168832874.5,0
3/5/2020,8750.99,9159.42,8746.54,9054.68,58201.86636,1.58E+12,524102029.2,619552,30482.08217,274387102.9,0
3/6/2020,9054.64,9170,8985.5,9131.88,43782.94804,1.58E+12,397598476.4,493216,22296.56051,202484342.2,0
3/7/2020,9130.89,9188,8835,8886.66,45422.20453,1.58E+12,409983263.8,485400,22281.71586,201161181.3,0
3/8/2020,8885.25,8886.76,8000,8033.31,77537.31517,1.58E+12,656931544.8,740741,34843.60785,295351474.4,0
3/9/2020,8034.76,8179.31,7632.01,7929.87,116968.8633,1.58E+12,918787729.1,929234,58020.95793,455866837.3,0
3/10/2020,7929.87,8149,7728.01,7894.56,86783.44388,1.58E+12,689700153.4,737528,43673.58402,347117049.4,0
3/11/2020,7894.57,7980,7590,7934.52,79942.41117,1.58E+12,624465167.4,699401,40497.89274,316442882.8,0
3/12/2020,7934.58,7966.17,4410,4800,261505.6087,1.58E+12,1628590104,1770812,119298.0062,743481672.2,0
3/13/2020,4800.01,5955,3782.13,5578.6,402201.6738,1.58E+12,2063819541,2309830,197511.9543,1017423856,0
3/14/2020,5576.05,5640.52,5055.13,5172.06,136910.136,1.58E+12,736651880.9,1106125,66104.01973,356020329.9,0
3/15/2020,5172.48,5940,5093.1,5361.3,139916.1465,1.58E+12,753755706.4,1037714,70540.65095,380499471.9,0
3/16/2020,5360.33,5365.42,4442.12,5028.97,227276.9228,1.58E+12,1113690309,1608176,108901.9674,533857910.8,0
3/17/2020,5028.86,5525,4921.45,5312.64,150089.9263,1.58E+12,793147908.3,1069217,74698.37425,394902319.1,0
3/18/2020,5312.64,5436.17,5009.37,5393.04,137127.6349,1.58E+12,719748122.5,962843,65106.06778,341970839.6,0
3/19/2020,5393.26,6400,5252.53,6162.37,199020.8734,1.58E+12,1164739708,1403608,99011.94701,579536547.8,0
3/20/2020,6162.05,6900,5670,6208.36,219298.3295,1.58E+12,1401734013,1580069,104719.6392,670117999.1,0
3/21/2020,6204.57,6456.98,5860.02,6186.98,128913.6684,1.58E+12,794962136.6,990974,63326.09685,390737241.1,0
3/22/2020,6187.04,6407.87,5734.01,5816.19,119115.9905,1.58E+12,722895653.5,952259,57189.89835,347411876.4,0
3/23/2020,5816.05,6600,5688,6467.31,164674.2158,1.59E+12,1015525672,1099406,84136.01173,519197453.1,0
3/24/2020,6465.25,6833,6371.33,6744.72,151138.0099,1.59E+12,1001890515,1012669,72781.81733,482659188.6,0
3/25/2020,6744.69,6957.96,6450,6677.43,132155.735,1.59E+12,880250736.9,912179,63515.16835,423439621.6,0
3/26/2020,6677.42,6780,6510,6737.36,83026.55521,1.59E+12,552537189.5,668467,41123.41051,273834254.5,0
3/27/2020,6737.27,6842.59,6261,6359.11,82914.96835,1.59E+12,551326113.9,643631,38439.27222,255910741.8,0
3/28/2020,6359.11,6360,6024,6236.65,93159.69343,1.59E+12,577986706.1,725588,44960.52344,279053353.6,0
3/29/2020,6236.65,6266,5866.56,5881.42,63311.62771,1.59E+12,383707122.5,496709,29080.96792,176336037.9,0
3/30/2020,5880.5,6599,5857.76,6394.38,118889.55,1.59E+12,747569726.5,784034,58863.31298,370039956,0
3/31/2020,6394.45,6523.23,6321.4,6410.44,72337.59526,1.59E+12,465780496.6,538231,34730.90233,223650665.2,0
4/1/2020,6412.14,6679.94,6150.11,6642.92,97500.7524,1.59E+12,618527468.8,758061,49161.3702,312180123,0
4/2/2020,6643.36,7198,6551,6794.09,149299.9069,1.59E+12,1014494762,1101043,74722.16375,508095826,0
4/3/2020,6793.86,7048,6602.1,6734.1,104080.2769,1.59E+12,710254017.1,840456,51077.93867,348762338.7,0
4/4/2020,6732.97,6990.41,6650.01,6856.99,72990.86114,1.59E+12,495076283.5,659051,36419.05668,247173793.3,0
4/5/2020,6857.41,6895.54,6677.52,6772.78,49685.35698,1.59E+12,337062083,506433,23875.57831,162008820.4,0
4/6/2020,6772.78,7355.14,6765,7329.9,118052.0008,1.59E+12,837357664.7,956586,59322.20887,420706756.2,0
4/7/2020,7329.9,7459.69,7077,7197.32,103585.1689,1.59E+12,757201786.7,924436,48811.26779,357008427.7,0
4/8/2020,7197.32,7420,7150,7361.28,76059.14584,1.59E+12,555122600.3,750516,39000.55257,284685809.8,0
4/9/2020,7360.26,7371.92,7108.08,7283.54,61094.87242,1.59E+12,444741085.9,686207,28801.89285,209718590.1,0
4/10/2020,7283.54,7295.75,6739.98,6858.92,104674.6234,1.59E+12,727281590.8,949050,47958.96081,333222230.7,0
4/11/2020,6858.92,6944.3,6760,6876.83,45470.29321,1.59E+12,311699573.5,484618,21157.12838,145036158.5,0
4/12/2020,6876.84,7177,6780,6903.79,73868.6665,1.59E+12,516235035.2,648323,35637.95869,249206873.2,0
4/13/2020,6903.79,6903.79,6575,6837.91,96415.47657,1.59E+12,649390681.2,804179,44648.49219,300780988.7,0
4/14/2020,6838.04,6978,6754.28,6868.7,69068.62329,1.59E+12,474794776.2,608665,32019.32234,220122993.7,0
4/15/2020,6868.57,6933,6605,6621.24,61571.38499,1.59E+12,416947490.6,581374,29866.89225,202324176.2,0
4/16/2020,6621.25,7190,6468.27,7101.94,125009.8575,1.59E+12,865277543.4,971163,63251.20433,438475139.1,0
4/17/2020,7101.99,7148.12,6972.98,7027.55,54126.50976,1.59E+12,382334236.2,537554,25973.97068,183489537.2,0
4/18/2020,7026.78,7293.08,7014.4,7248.6,49488.54282,1.59E+12,354845083.8,494670,23980.64473,171950110.4,0
4/19/2020,7248.6,7266.15,7055.6,7120.74,45664.86393,1.59E+12,326485586.9,483574,21519.03098,153854417.4,0
4/20/2020,7121.4,7220,6751,6826.83,90149.49137,1.59E+12,629612368.7,785174,40427.51593,282531224.3,0
4/21/2020,6828.98,6940,6762,6841.37,60109.71081,1.59E+12,411800606.1,555797,27732.1644,190003705.3,0
4/22/2020,6841.36,7156.38,6818,7125.14,61486.37733,1.59E+12,431271646.2,508659,28258.85992,198241316,0
4/23/2020,7125.12,7738,7020,7482.39,102773.5696,1.59E+12,756320213.6,881099,52475.59854,386041564.8,0
4/24/2020,7483.96,7615.96,7388,7505,60182.11994,1.59E+12,452118137.8,601093,29412.50914,220931579.3,0
4/25/2020,7505,7705,7431.07,7538.67,43874.42773,1.59E+12,331292050.8,521943,21111.14095,159480178.4,0
4/26/2020,7539.03,7700,7480,7693.1,50522.61621,1.59E+12,384202783.3,554480,24707.49423,187939788.8,0
4/27/2020,7693.1,7792.02,7606,7774.62,65441.33958,1.59E+12,504025811.7,637800,31594.1066,243380424.9,0
4/28/2020,7773.51,7780,7659.12,7738.98,46302.75264,1.59E+12,357391780.9,499414,21305.50136,164468534.1,0
4/29/2020,7738.58,8952.89,7710.05,8778.57,183546.8875,1.59E+12,1536390177,1433128,91462.00562,765292175.1,0
4/30/2020,8778.58,9460,8401,8620,206277.2141,1.59E+12,1839283907,1661554,99484.47638,887675398.2,0
5/1/2020,8620,9059.18,8613.56,8826.96,91468.81506,1.59E+12,805640126.6,865960,44763.35448,394216389.9,0
5/2/2020,8825.67,9010,8753,8972.05,59002.08755,1.59E+12,523838859.5,637884,30400.35345,269917468.3,0
5/3/2020,8972.58,9200,8712,8894.16,90126.06564,1.59E+12,808427095.9,877460,44321.3704,397824441.8,0
5/4/2020,8894.15,8950,8522,8871.96,84418.51233,1.59E+12,738343818.7,848802,39118.38022,342180074.6,0
5/5/2020,8871.92,9118.58,8760,9021.83,76480.76534,1.59E+12,683083018.9,812543,37454.51838,334700993.4,0
5/6/2020,9021.36,9395,8906.21,9142.92,105925.3024,1.59E+12,972793508.5,1007661,51189.79089,470167656.6,0
5/7/2020,9143.4,10067,9021,9986.4,147154.6114,1.59E+12,1409783462,1254835,74602.19311,715407978.2,0
5/8/2020,9986.3,10035.96,9705,9800.01,100683.7964,1.59E+12,997005843.7,967816,46207.63759,457701324.9,0
5/9/2020,9800.02,9914.25,9520,9539.4,81950.67957,1.59E+12,795001351.7,839384,36738.67924,356475632.7,0
5/10/2020,9539.1,9574.83,8117,8722.77,183865.182,1.59E+12,1594996477,1565771,84376.58077,731417660.4,0
5/11/2020,8722.77,9168,8200,8561.52,168807.2518,1.59E+12,1468392821,1367382,81474.59507,708958944.2,0
5/12/2020,8562.04,8978.26,8528.78,8810.79,86522.78007,1.59E+12,760195457.1,784859,40570.3174,356508014.2,0
5/13/2020,8810.99,9398,8792.99,9309.37,92466.27402,1.59E+12,839725720,869216,43648.35466,396713970,0
5/14/2020,9309.35,9939,9256.76,9791.98,129565.3775,1.59E+12,1247456798,1199530,63438.51099,611313934.4,0
5/15/2020,9791.97,9845.62,9150,9316.42,115890.7615,1.59E+12,1099721376,1055630,55397.12343,525813199.3,0
5/16/2020,9315.96,9588,9220,9381.27,59587.62786,1.59E+12,560547005,692028,28861.3682,271542836.2,0
5/17/2020,9380.81,9888,9322.1,9680.04,68647.76432,1.59E+12,663088800.8,722718,34734.03499,335478916,0
5/18/2020,9681.11,9950,9464.23,9733.93,82006.60358,1.59E+12,797622297.3,794292,40242.84299,391957586.2,0
5/19/2020,9733.93,9897.21,9474,9775.53,78539.76045,1.59E+12,760713946,773581,37821.71931,366745428.2,0
5/20/2020,9775.13,9842,9326,9511.43,74923.73809,1.59E+12,721190802.8,731189,33481.79668,322416332,0
5/21/2020,9511.43,9578.47,8815,9068.65,108928.781,1.59E+12,1002046266,951971,49914.08114,459089374.2,0
5/22/2020,9067.51,9271,8933.52,9170,58943.13102,1.59E+12,537847834.5,693694,28987.3159,264538897.3,0
5/23/2020,9170,9307.85,9070,9179.15,43526.29697,1.59E+12,400407195.6,512460,21377.61633,196682791.2,0
5/24/2020,9179.01,9298,8700,8720.34,70379.86645,1.59E+12,636787240.4,774088,32046.41144,290362268.5,0
5/25/2020,8718.14,8979.66,8642.72,8900.35,62833.91095,1.59E+12,553545285.9,733557,30771.88874,271166770.9,0
5/26/2020,8900.35,9017.67,8700,8841.18,58299.77014,1.59E+12,516455128.9,678304,28242.17008,250278944.2,0
5/27/2020,8841,9225,8811.73,9204.07,68910.35551,1.59E+12,624660855.8,662850,33532.62027,304057335,0
5/28/2020,9204.07,9625.47,9110,9575.89,74110.78766,1.59E+12,693930106.2,738725,37974.89961,355720464.9,0
5/29/2020,9575.87,9605.26,9330,9427.07,57374.36296,1.59E+12,542758086.6,593705,26819.21289,253696538.7,0
5/30/2020,9426.6,9740,9331.23,9697.72,55665.27254,1.59E+12,530598690.1,651290,29252.6799,279016030.1,0
5/31/2020,9697.72,9700,9381.41,9448.27,48333.7864,1.59E+12,461272298.9,651473,22778.00117,217450165,0
6/1/2020,9448.27,10380,9421.67,10200.77,76649.12696,1.59E+12,749707596.7,826964,41530.41232,406777189.3,0
6/2/2020,10202.71,10228.99,9266,9518.04,108970.7732,1.59E+12,1070060237,1004312,49354.90797,485973112.2,0
6/3/2020,9518.02,9690,9365.21,9666.24,46252.64494,1.59E+12,441928818,562784,22656.30815,216537558,0
6/4/2020,9666.32,9881.63,9450,9789.06,57456.10097,1.59E+12,557234945.6,665881,28778.23737,279263924.7,0
6/5/2020,9788.14,9854.75,9581,9621.16,47788.05005,1.59E+12,465200788.2,566062,22329.10712,217444469,0
6/6/2020,9621.17,9735,9531.05,9666.3,32752.95089,1.59E+12,315604867.2,435796,15832.69377,152610794.9,0
6/7/2020,9666.85,9802,9372.46,9746.99,57952.84839,1.59E+12,556919603.8,637766,28426.59513,273242856.2,0
6/8/2020,9746.99,9800,9633,9782.01,40664.66413,1.59E+12,395459395.8,485139,19744.03912,192037951,0
6/9/2020,9782,9877,9570,9772.43,46024.00129,1.59E+12,447208895.8,551863,21901.19095,212965408.7,0
6/10/2020,9772.44,9992.72,9704.18,9885,47130.76298,1.59E+12,462384305.4,560909,23128.16103,226982635.6,0
6/11/2020,9885.22,9964,9113,9280.4,94418.98473,1.59E+12,902075648.5,966502,40972.06475,391689549.7,0
6/12/2020,9278.88,9557.12,9232.51,9465.13,50119.06693,1.59E+12,472007894.4,553203,24344.81637,229325970.9,0
6/13/2020,9464.96,9494.73,9351,9473.34,27759.78485,1.59E+12,261673162.3,392763,13531.00721,127577168.3,0
6/14/2020,9473.34,9480.99,9245,9342.1,30055.50661,1.59E+12,282131272.4,415568,14465.41615,135811554.1,0
6/15/2020,9342.1,9495,8910.45,9426.02,86107.92471,1.59E+12,793518842.6,839521,41630.74753,384031123.2,0
6/16/2020,9426.05,9589,9373.09,9525.59,52052.44693,1.59E+12,494458269.1,543481,25692.83963,244097412.9,0
6/17/2020,9526.97,9565,9236.61,9465.14,48046.41115,1.59E+12,453209812.2,536158,22842.83128,215532725.6,0
6/18/2020,9465.13,9489,9280,9386.32,37381.95377,1.59E+12,351649555.1,475074,17940.40525,168801558.4,0
6/19/2020,9386.32,9438.3,9215.79,9310.23,45330.98367,1.59E+12,423086965.2,503484,22055.96905,205898368.3,0
6/20/2020,9310.23,9395,9170.95,9358.95,30329.06538,1.59E+12,282120360.6,382778,15125.08177,140741525.6,0
6/21/2020,9358.95,9422,9281.54,9294.69,24316.92623,1.59E+12,227467940.6,321015,11779.79718,110215504.6,0
6/22/2020,9294.69,9780,9277.09,9685.69,57895.46834,1.59E+12,550995799.1,588704,30738.20038,292712778.1,0
6/23/2020,9685.69,9720,9577.03,9624.89,41031.02938,1.59E+12,395487616.5,474319,19112.60622,184247416.8,0
6/24/2020,9624.33,9670,9208,9296.49,61571.56146,1.59E+12,579426702.8,572362,26903.54406,253131387.6,0
6/25/2020,9298.33,9340,9009.69,9249.49,55831.61916,1.59E+12,514396747.4,536205,26546.39556,244659133.9,0
6/26/2020,9249.49,9298,9045.45,9162.21,50292.29828,1.59E+12,461347064.8,510947,23307.90348,213866832.8,0
6/27/2020,9162.21,9196.24,8833,9012,46290.93011,1.59E+12,419606802.2,499415,21056.87686,191013780.3,0
6/28/2020,9012,9191,8948.06,9116.35,30688.17642,1.59E+12,278721674.9,374404,14982.80453,136093615.8,0
6/29/2020,9116.16,9238,9024.67,9192.56,42120.29326,1.59E+12,384206326.5,434299,20449.0978,186542867.4,0
6/30/2020,9192.93,9205,9064.89,9138.55,31463.1628,1.59E+12,287781334.5,328083,15267.74747,139674651.1,0
7/1/2020,9138.08,9292,9080.1,9232,38488.5287,1.59E+12,354087627.2,374832,19068.83171,175429466.3,0
7/2/2020,9231.99,9261.96,8940,9086.54,45725.16808,1.59E+12,417724468.9,470292,21637.63049,197709875.2,0
7/3/2020,9086.54,9125,9037.47,9058.26,28943.42018,1.59E+12,263123750.5,343189,13719.52452,124722413.1,0
7/4/2020,9057.79,9190,9040.04,9135.46,26441.96848,1.59E+12,240576054.9,335225,13588.8196,123666216.1,0
7/5/2020,9135,9145.24,8893.03,9069.41,34073.65363,1.59E+12,308410443.7,384500,16276.23427,147339875.5,0
7/6/2020,9069.41,9375,9055.92,9344.2,54463.13228,1.59E+12,502548376.2,533540,28132.94222,259636973.3,0
7/7/2020,9342.47,9379.42,9203,9257.39,34587.33668,1.59E+12,320576525.4,433481,16284.849,150931441.6,0
7/8/2020,9257.4,9470,9231,9436.06,56140.51778,1.59E+12,525344876.7,652605,28067.68064,262723969.1,0
7/9/2020,9436.06,9440.79,9160,9232.43,48044.45065,1.59E+12,447640493.5,575491,22644.9155,210991009.7,0
7/10/2020,9232.42,9317.48,9125,9288.34,38295.49401,1.59E+12,352238898.8,525484,18360.61317,168904319.3,0
7/11/2020,9288.34,9299.28,9178.25,9234.03,22561.366,1.59E+12,208410250.5,413452,10815.47329,99921646.88,0
7/12/2020,9234.02,9345,9157.5,9302.75,30872.70229,1.59E+12,285591381.5,484875,14980.1877,138584259,0
7/13/2020,9303.31,9343.82,9200.89,9242.62,42740.06912,1.59E+12,396614086.8,642552,19689.44334,182734052,0
7/14/2020,9242.61,9279.54,9113,9255.85,45772.55251,1.59E+12,421789086.5,613139,21666.53695,199673293.8,0
7/15/2020,9255.85,9276.49,9160.57,9197.6,39053.57967,1.59E+12,360201683.5,554780,17977.67975,165822998,0
7/16/2020,9197.6,9226.15,9047.25,9133.72,43375.57119,1.59E+12,395883667,681807,20410.13001,186271268.5,0
7/17/2020,9133.72,9186.83,9089.81,9154.32,28054.35874,1.60E+12,256360345.6,470991,13397.53781,122434361.7,0
7/18/2020,9154.31,9219.3,9121.1,9170.28,22554.54146,1.60E+12,206628105.4,430377,11502.70483,105387979.5,0
7/19/2020,9170.3,9232.27,9101.35,9208.99,26052.01942,1.60E+12,238521988,440449,12873.37349,117870221.4,0
7/20/2020,9208.99,9221.52,9131,9160.78,35458.76408,1.60E+12,325297289.3,557096,16527.69289,151623269.7,0
7/21/2020,9160.78,9437.73,9152.8,9390,60413.58249,1.60E+12,563360524.8,782959,29470.51205,274802209.6,0
7/22/2020,9390,9544,9261,9518.16,48815.00411,1.60E+12,457776105.6,663029,23362.19379,219166005.9,0
7/23/2020,9518.16,9664,9440.33,9603.27,51856.2335,1.60E+12,494282948.7,735371,24461.26547,233235064.2,0
7/24/2020,9603.27,9637,9463.44,9537.8,43931.13621,1.60E+12,419240263.5,677725,20416.29997,194861143.6,0
7/25/2020,9538.1,9732.9,9513,9700.42,40679.54542,1.60E+12,391431695.7,675222,19626.60889,188907762.8,0
7/26/2020,9700.42,10111,9650,9931.54,65279.26932,1.60E+12,644607634.5,945611,33748.33181,333445555,0
7/27/2020,9931.54,11394.86,9917.21,11029.96,150188.9331,1.60E+12,1580355372,1901088,76650.61005,806266386.4,0
7/28/2020,11029.96,11242.23,10565,10906.27,97267.73419,1.60E+12,1065375500,1475636,46575.43053,510271019,0
7/29/2020,10906.27,11342.82,10812,11100.53,76838.09423,1.60E+12,853242253.6,1127302,36218.47707,402507227.1,0
7/30/2020,11100.52,11170,10831,11099.61,60794.82646,1.60E+12,669779541.9,879960,28272.69877,311567992,0
7/31/2020,11099.79,11444,10960,11335.46,70063.66097,1.60E+12,786344325.9,971584,34068.14337,382632611.4,0
8/1/2020,11335.46,11861,11220,11801.17,85087.48513,1.60E+12,987817017.3,1174252,40523.73352,470714480,0
8/2/2020,11801.17,12123.46,10518.5,11071.35,97553.0776,1.60E+12,1105757336,1459900,45974.78642,521934340.8,0
8/3/2020,11071.36,11473,10936,11219.81,56931.84148,1.60E+12,641127593.3,919185,27133.03514,305554713.9,0
8/4/2020,11219.68,11414.98,11000,11191.97,58629.11371,1.60E+12,658084242.7,863692,27861.61566,312734273.8,0
8/5/2020,11191.99,11780.93,11093,11744.91,74970.25685,1.60E+12,861433645.4,964637,36130.38455,415113460.1,0
8/6/2020,11744.91,11900,11562.5,11762.46,63529.08502,1.60E+12,746479211.7,919918,30044.2033,353083043.8,0
8/7/2020,11762.47,11909.94,11322,11594.23,65755.92602,1.60E+12,767005529.3,940045,29993.01871,349862123.7,0
8/8/2020,11594.36,11808.27,11512,11761.41,41858.16104,1.60E+12,489087264.4,779318,20448.35262,238996465.9,0
8/9/2020,11761.02,11797.11,11521.97,11681.68,41493.06734,1.60E+12,483708602.9,853386,19031.22331,221877538.8,0
8/10/2020,11681.69,12067.35,11450,11892.92,84952.33789,1.60E+12,1009169063,1340835,42058.72246,499909664.3,0
8/11/2020,11892.9,11935,11125,11392.08,90748.28463,1.60E+12,1049615697,1343979,41221.96101,476990926.6,0
8/12/2020,11392.09,11617.52,11150,11564.33,64909.61364,1.60E+12,743303608.1,1104096,30943.67211,354308406,0
8/13/2020,11564.34,11792.96,11270.36,11780,70132.4915,1.60E+12,809611114.2,1243382,34841.7906,402381474.8,0
8/14/2020,11779.77,11850,11634.03,11760.54,59818.8527,1.60E+12,702273220.7,1011746,28464.66955,334192256.7,0
8/15/2020,11760.55,11980,11680,11852.4,56237.90505,1.60E+12,667446824.1,1018956,27303.96632,324138943.4,0
8/16/2020,11852.4,11931.72,11686,11911,41368.23691,1.60E+12,489731524.6,790240,19342.04531,229032803.4,0
8/17/2020,11910.99,12468,11769.78,12281.13,84734.21154,1.60E+12,1026883453,1210228,42291.0862,512410754.1,0
8/18/2020,12281.15,12387.77,11817.93,11945.01,75923.83553,1.60E+12,920402307.2,1189390,35954.34998,436020475.3,0
8/19/2020,11945.1,12020.08,11561,11754.59,73940.16961,1.60E+12,870612801.5,1258060,34861.13597,410547222.3,0
8/20/2020,11754.38,11888,11668,11853.55,46085.25435,1.60E+12,543576025,798027,21992.90754,259381062.5,0
8/21/2020,11853.54,11878,11485.81,11531.34,64448.30614,1.60E+12,755451999.7,1189668,30531.73287,357993659.7,0
8/22/2020,11531.23,11686,11376.81,11662.96,43678.70165,1.60E+12,504305451.4,809328,21605.07092,249466430.9,0
8/23/2020,11663.51,11718.07,11514.13,11648.13,37900.00469,1.60E+12,440406018.7,627352,18514.62753,215154211,0
8/24/2020,11648.12,11824.9,11585.09,11748.2,46212.39187,1.60E+12,542298951.5,656584,22780.41949,267322530.4,0
8/25/2020,11748.19,11767.85,11117.64,11318.42,69590.92327,1.60E+12,797034671.6,996668,33126.45198,379562265.6,0
8/26/2020,11318.42,11539.32,11244,11461.43,53998.23123,1.60E+12,615452790,862654,25622.53674,291999409.4,0
8/27/2020,11461.42,11592.2,11125,11330.38,63246.03638,1.60E+12,717474981.7,959270,30793.18067,349359723.9,0
8/28/2020,11330.38,11542.65,11276.89,11526.91,45953.90837,1.60E+12,525606229.7,719985,21714.20286,248344753.1,0
8/29/2020,11526.9,11580.02,11417.04,11465.84,32973.7992,1.60E+12,379228275.3,611834,15709.30999,180675288.4,0
8/30/2020,11465.84,11719,11458,11711.16,43177.87905,1.60E+12,501375342.9,756541,22258.1159,258461346.5,0
8/31/2020,11711.17,11800.77,11570,11649.51,55353.61774,1.60E+12,646723855.6,822062,26579.94028,310534861.6,0
9/1/2020,11649.51,12050.85,11515,11921.97,78148.19367,1.60E+12,928047313.5,1321492,37476.01938,444996773.7,0
9/2/2020,11921.97,11954.57,11160.1,11388.54,87221.8456,1.60E+12,1005391012,1373524,39972.30989,460939443.2,0
9/3/2020,11388.54,11462.6,9960.8,10140.85,121950.106,1.60E+12,1325106403,1611610,54266.83286,590230451.1,0
9/4/2020,10138.29,10627.05,9875.5,10446.25,92733.59911,1.60E+12,959925718.4,1434860,42707.83467,442163704.2,0
9/5/2020,10446.25,10565.68,9825,10166.69,90001.60557,1.60E+12,917578408.9,1476782,43478.13232,443342852.2,0
9/6/2020,10166.69,10347.14,9994.86,10256.2,56368.78882,1.60E+12,574903000.2,1053192,28033.43883,285904912.8,0
9/7/2020,10255.89,10410.75,9875,10373.44,62620.23068,1.60E+12,634278537.8,927363,30576.70067,309796338.5,0
9/8/2020,10373.45,10438,9850,10126.65,73491.87842,1.60E+12,742947902,1048125,34410.81447,348048428.9,0
9/9/2020,10126.66,10343,9981.01,10219.2,49347.11378,1.60E+12,503082625.2,755560,23815.41243,242759702.9,0
9/10/2020,10219.29,10483.35,10070.83,10336.87,58253.75375,1.60E+12,602390078.5,851877,27690.1125,286362452.8,0
9/11/2020,10336.86,10397.6,10200,10387.89,43830.25447,1.60E+12,451241002.7,637869,21231.61073,218592078,0
9/12/2020,10387.89,10477.97,10269.25,10440.92,35379.1531,1.60E+12,366912671.4,577724,17560.76889,182148657.5,0
9/13/2020,10440.67,10580.11,10200,10332.83,43837.60987,1.60E+12,455338605.3,692439,20785.51733,215965189.3,0
9/14/2020,10332.84,10750,10212.34,10671.77,67059.29136,1.60E+12,706175591.4,828957,31880.36316,335719021,0
9/15/2020,10671.77,10930.04,10606.48,10785.31,61822.45279,1.60E+12,666457161.1,893852,29744.08728,320640236.4,0
9/16/2020,10785.23,11093,10661.22,10954.01,64991.51244,1.60E+12,708644989.5,884153,31740.51169,346117690.6,0
9/17/2020,10954.01,11045.46,10745.83,10939.99,55601.61453,1.60E+12,605010288.8,829137,27029.92704,294147097.6,0
9/18/2020,10940,11038.03,10812.84,10933.39,47266.72828,1.60E+12,516147935.7,717371,23044.91989,251654627.2,0
9/19/2020,10933.4,11179.79,10887.37,11080.65,38440.03686,1.60E+12,423651901.2,620127,19923.05927,219623766.3,0
9/20/2020,11080.64,11080.64,10723,10920.28,39157.92257,1.60E+12,426815210.8,646329,19437.69436,211845335.5,0
9/21/2020,10920.28,10988.86,10296.35,10417.22,70683.43118,1.60E+12,751020795.2,1028531,33628.93059,357346575.2,0
9/22/2020,10417.22,10572.71,10353,10529.61,43991.23548,1.60E+12,460362500.7,738576,21497.46159,224981251.3,0
9/23/2020,10529.61,10537.15,10136.82,10241.46,51876.56808,1.60E+12,539362015.2,774391,25012.70682,260045385.7,0
9/24/2020,10241.46,10795.24,10190.93,10736.32,57676.61943,1.60E+12,604520870.1,789282,27946.80433,292936073,0
9/25/2020,10736.33,10760.53,10556.24,10686.67,48101.11701,1.60E+12,512647249.1,733430,23566.33034,251168863.9,0
9/26/2020,10686.57,10820.94,10644.68,10728.6,28420.83666,1.60E+12,304511477.7,502670,14314.53135,153391173.5,0
9/27/2020,10728.59,10799,10594.82,10774.25,30549.48325,1.60E+12,327169249.5,516004,15101.03977,161737536.9,0
9/28/2020,10774.26,10950,10626,10696.12,50095.25173,1.60E+12,544463219.6,686664,25219.07332,274111924.7,0
9/29/2020,10696.11,10867.54,10635.87,10840.48,41874.8984,1.60E+12,449345822.5,587576,19896.07621,213544159.9,0
9/30/2020,10840.58,10849.34,10665.13,10776.59,39596.02732,1.60E+12,425279696.3,595383,18712.05971,200976719.4,0
10/1/2020,10776.59,10920,10437,10619.13,60866.33289,1.60E+12,652168989.5,794855,28449.9751,304779535.4,0
10/2/2020,10619.13,10664.64,10374,10570.4,50130.39371,1.60E+12,526864379.3,777193,24123.90255,253507685.5,0
10/3/2020,10570.4,10603.56,10496.46,10542.06,22298.22134,1.60E+12,235160884.6,381329,10752.46288,113392722.8,0
10/4/2020,10542.07,10696.87,10517.87,10666.63,23212.0016,1.60E+12,246252050.9,377553,12123.27565,128619845.1,0
10/5/2020,10666.62,10798,10615.64,10792.21,34025.76165,1.60E+12,364158510.2,483340,15551.58439,166457546.9,0
10/6/2020,10792.2,10800,10525,10599.66,48674.74047,1.60E+12,520051256.1,734526,23189.6899,247740447.6,0
10/7/2020,10599.65,10681.87,10546.17,10666.39,32811.99028,1.60E+12,348298562.9,503440,15783.35568,167548410.8,0
10/8/2020,10666.4,10950,10530.41,10925.57,51959.69157,1.60E+12,559311760.4,659291,26482.59953,285240421,0
10/9/2020,10925.44,11104.64,10829,11050.64,48240.07324,1.60E+12,530822321.5,635681,25658.6314,282409996,0
10/10/2020,11050.64,11491,11050.51,11293.22,43648.03694,1.60E+12,494785212.2,698561,22807.20465,258432465.8,0
10/11/2020,11293.22,11445,11221,11369.02,29043.85134,1.60E+12,329927755,509714,14470.44427,164384653.1,0
10/12/2020,11369.02,11720.01,11172,11528.25,52825.28371,1.60E+12,604779845.8,740823,26865.92932,307665447.3,0
10/13/2020,11528.24,11557,11300,11420.56,42205.28371,1.60E+12,482663390.7,618262,19346.15861,221257357.6,0
10/14/2020,11420.57,11547.98,11280,11417.89,41415.10602,1.60E+12,472007015.7,590025,19070.05731,217375960.3,0
10/15/2020,11417.89,11617.34,11250.83,11505.12,48760.71768,1.60E+12,556436445.6,662386,24019.23767,274171016.9,0
10/16/2020,11505.13,11541.15,11200,11319.32,48797.7495,1.60E+12,553211001.6,693210,22821.59348,258752919.3,0
10/17/2020,11319.24,11402.42,11255,11360.2,22368.91524,1.60E+12,253582776,365973,10318.02461,116996094.1,0
10/18/2020,11360.31,11505,11346.22,11503.14,23284.04119,1.60E+12,266150824.3,346946,12396.1271,141743879.1,0
10/19/2020,11503.14,11823.99,11407.96,11751.47,47414.53469,1.60E+12,550728683.8,650960,24716.39514,287236347.5,0
10/20/2020,11751.46,12038.38,11677.59,11909.99,62134.75066,1.60E+12,737425592.1,906111,31911.70883,378905889,0
10/21/2020,11910,13217.68,11886.95,12780.96,114584.4568,1.60E+12,1437122187,1453620,59033.67176,740274649.3,0
10/22/2020,12780.75,13185,12678.08,12968.52,70038.82414,1.60E+12,905778888.9,1035811,33259.49504,430203750,0
10/23/2020,12968.84,13027.69,12720.08,12923.07,50386.99984,1.60E+12,650680239.1,699313,24685.9255,318827712.2,0
10/24/2020,12923.06,13166.73,12870,13111.73,35952.20907,1.60E+12,468299521.8,536821,18382.74458,239455378.1,0
10/25/2020,13111.73,13350,12888,13028.83,38481.5795,1.60E+12,502672049.2,610498,17988.7671,235115943.8,0
10/26/2020,13029.64,13238.81,12765,13052.19,60951.67299,1.60E+12,794395722.5,818144,29609.9947,385986654.7,0
10/27/2020,13052.15,13789.29,13019.87,13636.17,80811.01945,1.60E+12,1085403903,1003615,39833.89054,534896062.8,0
10/28/2020,13636.16,13859.48,12888,13266.4,94440.56123,1.60E+12,1263487953,1234511,43387.69228,580505216.9,0
10/29/2020,13266.4,13642.91,12920.77,13455.7,74872.60213,1.60E+12,997867948.9,1008433,37203.24566,495772429.4,0
10/30/2020,13455.69,13669.98,13115,13560.1,70657.77888,1.60E+12,946818817.6,1060387,34438.58889,461667557.4,0
10/31/2020,13560.1,14100,13411.5,13791,67339.23852,1.60E+12,927048458.5,1022202,35823.22565,493309455.8,0
11/1/2020,13791,13895,13603,13761.5,36285.64853,1.60E+12,499124369.1,606248,17839.54476,245432626.6,0
11/2/2020,13761.49,13830,13195.05,13549.37,64566.42191,1.60E+12,873629993.8,869850,29243.23366,395698601.6,0
11/3/2020,13549.63,14066.11,13284.99,14023.53,74115.63079,1.60E+12,1009402088,1052569,38332.71333,522431362.9,0
11/4/2020,14023.53,14259,13525,14144.01,93016.98826,1.60E+12,1293872665,1212959,45333.6616,630831907.1,0
11/5/2020,14144.01,15750,14093.56,15590.02,143741.5227,1.60E+12,2131865609,1736055,72196.12712,1071067717,0
11/6/2020,15590.02,15960,15166,15579.92,122618.1977,1.60E+12,1909660729,1654968,58528.76053,911733812.3,0
11/7/2020,15579.93,15753.52,14344.22,14818.3,101431.2066,1.60E+12,1536510177,1557021,46204.87062,700220031.3,0
11/8/2020,14818.3,15650,14703.88,15475.1,65547.17857,1.60E+12,998031373.8,998773,31175.66089,474978556.4,0
11/9/2020,15475.1,15840,14805.54,15328.41,108976.3341,1.60E+12,1670447936,1505441,51350.44664,787324390.8,0
11/10/2020,15328.41,15460,15072.46,15297.21,61681.91961,1.61E+12,943615126.1,1093466,28945.76657,442891690,0
11/11/2020,15297.21,15965,15272.68,15684.24,78469.74646,1.61E+12,1226425496,1247167,40030.00217,625865373.4,0
11/12/2020,15684.25,16340.7,15440.64,16291.86,102196.3566,1.61E+12,1628755509,1472049,50444.97887,804204066.4,0
11/13/2020,16291.85,16480,15952.35,16320.7,75691.88101,1.61E+12,1230358611,1208773,35301.73094,574048021.7,0
11/14/2020,16320.04,16326.99,15670,16070.45,59116.34718,1.61E+12,944765868.6,931424,27724.7678,443001467.2,0
11/15/2020,16069.56,16180,15774.72,15957,43596.84151,1.61E+12,696651729.7,854441,20853.27085,333239080.6,0
11/16/2020,15957,16880,15864,16713.57,81300.67592,1.61E+12,1335728014,1202386,41370.21366,679593360.6,0
11/17/2020,16713.08,17858.82,16538,17659.38,115221.4031,1.61E+12,1982752071,1646652,58262.0626,1003081010,0
11/18/2020,17659.38,18476.93,17214.45,17776.12,149019.7881,1.61E+12,2663337936,2091832,73412.73628,1312369472,0
11/19/2020,17777.75,18179.8,17335.65,17802.82,93009.56101,1.61E+12,1656794229,1513304,45376.57785,808306887,0
11/20/2020,17802.81,18815.22,17740.04,18655.67,88423.01849,1.61E+12,1623135139,1444692,43549.51207,799574963.8,0
11/21/2020,18655.66,18965.9,18308.58,18703.8,75577.45839,1.61E+12,1413641591,1451352,36788.09469,688352207.1,0
11/22/2020,18703.8,18750,17610.86,18414.43,81645.73778,1.61E+12,1497662550,1528524,39164.42638,718709271.1,0
11/23/2020,18413.88,18766,18000,18368,82961.50609,1.61E+12,1529064320,1629379,39611.36062,730350629.7,0
11/24/2020,18368.01,19418.97,18018,19160.01,113581.5092,1.61E+12,2145301450,2179862,58179.20088,1098976481,0
11/25/2020,19160,19484.21,18500.27,18719.11,93266.57689,1.61E+12,1774870796,1785408,44575.07676,848724583.3,0
11/26/2020,18718.83,18915.03,16188,17149.47,181005.2467,1.61E+12,3127314143,2770483,84478.80913,1459155976,0
11/27/2020,17149.47,17457.62,16438.08,17139.52,85297.02479,1.61E+12,1446670351,1572299,42507.35843,720985570.3,0
11/28/2020,17139.53,17880.49,16865.56,17719.85,64910.69997,1.61E+12,1128061605,1209385,31785.7069,552044705.4,0
11/29/2020,17719.84,18360.05,17517,18184.99,55329.0163,1.61E+12,996743798.9,1141289,27883.9853,502287686.1,0
11/30/2020,18185,19863.16,18184.99,19695.87,115463.4669,1.61E+12,2205929120,1744149,61033.4149,1166943549,0
12/1/2020,19695.87,19888,18001.12,18764.96,127698.7627,1.61E+12,2446070335,2023802,63805.3929,1223282816,0
12/2/2020,18764.96,19342,18330,19204.09,75911.01348,1.61E+12,1436895345,1566635,36421.6904,689901298.6,0
12/3/2020,19204.08,19598,18867.2,19421.9,66689.39128,1.61E+12,1286548311,1242229,33868.3417,653783366.9,0
12/4/2020,19422.34,19527,18565.31,18650.52,71283.6682,1.61E+12,1358079975,1286657,32363.45372,616745259.3,0
12/5/2020,18650.51,19177,18500,19147.66,42922.74857,1.61E+12,813445434.1,932124,21360.26028,405002656.1,0
12/6/2020,19147.66,19420,18857,19359.4,37043.09186,1.61E+12,709558933.6,820382,19009.40766,364303501,0
12/7/2020,19358.67,19420.91,18902.88,19166.9,41372.29629,1.61E+12,793517668.7,840954,18881.80601,362249650.1,0
12/8/2020,19166.9,19294.84,18200,18324.11,61626.94761,1.61E+12,1160658077,1143181,27811.37851,524064471.6,0
12/9/2020,18324.11,18639.57,17650,18541.28,79585.5538,1.61E+12,1450130664,1302476,36809.00929,671042442.5,0
12/10/2020,18541.29,18557.32,17911.12,18254.63,52890.67509,1.61E+12,966149529,891151,25604.60807,467840780.5,0
12/11/2020,18254.81,18292.73,17572.33,18036.53,72610.72426,1.61E+12,1301081647,1117810,34194.98847,612882050.9,0
12/12/2020,18036.53,18948.66,18020.7,18808.69,49519.97843,1.61E+12,915552835.9,891810,26056.33265,481756117.7,0
12/13/2020,18808.69,19411,18711.12,19174.99,56560.82174,1.61E+12,1083520569,938022,29593.4651,566907850.6,0
12/14/2020,19174.99,19349,19000,19273.14,47257.20129,1.61E+12,906101687.7,842382,22657.4634,434506325.3,0
12/15/2020,19273.69,19570,19050,19426.43,61834.36601,1.61E+12,1196361528,1046423,31194.16085,603826364.4,0
12/16/2020,19426.43,21560,19278.6,21335.52,114306.3356,1.61E+12,2325135959,1659135,61245.26238,1245917122,0
12/17/2020,21335.52,23800,21230,22797.16,184882.4767,1.61E+12,4196645567,2795084,92409.40508,2097021809,0
12/18/2020,22797.15,23285.18,22350,23107.39,79646.13432,1.61E+12,1820875361,1613775,38359.30216,877296889.5,0
12/19/2020,23107.39,24171.47,22750,23821.61,86045.06468,1.61E+12,2018969879,1678611,42709.1115,1002105539,0
12/20/2020,23821.6,24295,23060,23455.52,76690.14569,1.61E+12,1810862075,1743225,37124.11536,877166936.6,0
12/21/2020,23455.54,24102.77,21815,22719.71,88030.29724,1.61E+12,2035446294,1593949,41983.0461,971417184.7,0
12/22/2020,22719.88,23837.1,22353.4,23810.79,87033.12616,1.61E+12,2010758620,1496277,42681.32671,986428672.7,0
12/23/2020,23810.79,24100,22600,23232.76,119047.2597,1.61E+12,2797688007,2194611,56660.20196,1332358610,0
12/24/2020,23232.39,23794.43,22703.42,23729.2,69013.83425,1.61E+12,1602394244,1421257,35789.11132,831484211.7,0
12/25/2020,23728.99,24789.86,23433.6,24712.47,79519.94357,1.61E+12,1919766317,1504426,41219.08816,995215944.6,0
12/26/2020,24712.47,26867.03,24500,26493.39,97806.51339,1.61E+12,2496533065,1735574,49839.03407,1272279530,0
12/27/2020,26493.4,28422,25700,26281.66,148455.5862,1.61E+12,4028928684,2438493,72649.34048,1972635486,0
12/28/2020,26281.54,27500,26101,27079.41,79721.7425,1.61E+12,2151806809,1508204,37895.34562,1023061029,0
12/29/2020,27079.42,27410,25880,27385,69411.59261,1.61E+12,1851617220,1605166,34276.9226,914954320.8,0
12/30/2020,27385,28996,27320,28875.54,95356.05783,1.61E+12,2683953237,1916095,48057.90637,1352877360,0
12/31/2020,28875.55,29300,27850,28923.63,75508.50515,1.61E+12,2173600125,1552793,36431.62208,1049389144,0
1/1/2021,28923.63,29600,28624.57,29331.69,54182.92501,1.61E+12,1582526989,1314910,27455.80173,802247744.5,0
1/2/2021,29331.7,33300,28946.53,32178.33,129993.8734,1.61E+12,4073842164,2245922,67446.30525,2110334724,0
1/3/2021,32176.45,34778.11,31962.99,33000.05,120957.5668,1.61E+12,4057598425,2369698,59750.33287,2004428434,0
1/4/2021,33000.05,33600,28130,31988.71,140899.8857,1.61E+12,4429010350,2642408,69088.46923,2173435409,0
1/5/2021,31989.75,34360,29900,33949.53,116049.997,1.61E+12,3743617145,2526851,59691.75476,1927195094,0
1/6/2021,33949.53,36939.21,33288,36769.36,127139.2013,1.61E+12,4431954249,2591783,63052.91465,2199632470,0
1/7/2021,36769.36,40365,36300,39432.28,132825.7004,1.61E+12,5062569943,2814686,65055.10714,2482583240,0
1/8/2021,39432.48,41950,36500,40582.81,139789.9575,1.61E+12,5568443209,2925632,67300.15522,2684975446,0
1/9/2021,40586.96,41380,38720,40088.22,75785.97968,1.61E+12,3054779029,1998156,37007.32191,1491990706,0
1/10/2021,40088.22,41350,35111.11,38150.02,118209.5445,1.61E+12,4604034730,2628050,55451.34467,2160976897,0
1/11/2021,38150.02,38264.74,30420,35404.47,251156.1383,1.61E+12,8497730018,4472957,123241.5888,4171891522,0
1/12/2021,35410.37,36628,32531,34051.24,133948.152,1.61E+12,4651302423,2674145,65098.3102,2261732479,0
1/13/2021,34049.15,37850,32380,37371.38,124477.9149,1.61E+12,4322876606,2514289,63981.03831,2222872691,0
1/14/2021,37371.38,40100,36701.23,39144.5,102950.3894,1.61E+12,3974826638,2297466,51264.46709,1979442593,0
1/15/2021,39145.21,39747.76,34408,36742.22,118300.9209,1.61E+12,4371588899,2560801,57738.03422,2133723813,0
1/16/2021,36737.43,37950,35357.8,35994.98,86348.43151,1.61E+12,3178840336,2066363,42420.42374,1563160122,0
1/17/2021,35994.98,36852.5,33850,35828.61,80157.72738,1.61E+12,2843103040,1860642,39513.63856,1402648633,0
1/18/2021,35824.99,37469.83,34800,36631.27,70698.11875,1.61E+12,2554843261,1707766,35621.50605,1289347187,0
1/19/2021,36622.46,37850,35844.06,35891.49,79611.30777,1.61E+12,2935348499,1939371,38704.68162,1428235710,0
1/20/2021,35901.94,36415.31,33400,35468.23,89368.42292,1.61E+12,3126721094,2234539,42546.63408,1489289968,0
1/21/2021,35468.23,35600,30071,30850.13,135004.0767,1.61E+12,4386783587,2881505,63256.21045,2057240517,0
1/22/2021,30851.99,33826.53,28850,32945.17,142971.684,1.61E+12,4483295872,2707810,70150.18846,2201161570,0
1/23/2021,32950,33456,31390.16,32078,64595.28768,1.61E+12,2089098296,1700056,32680.77613,1057114175,0
1/24/2021,32078,33071,30900,32259.9,57978.03797,1.61E+12,1864609665,1528287,27826.1192,895721122,0
1/25/2021,32259.45,34875,31910,32254.2,88499.22692,1.61E+12,2958759289,2106548,44489.52413,1488432034,0
1/26/2021,32254.19,32921.88,30837.37,32467.77,84972.20691,1.61E+12,2708545364,2010392,42402.31292,1352678099,0
1/27/2021,32464.01,32557.29,29241.72,30366.15,95911.96171,1.61E+12,2958081422,2065953,46664.38164,1440079785,0
1/28/2021,30362.19,33783.98,29842.1,33364.86,92621.14562,1.61E+12,2953553214,2060660,46067.78233,1468956156,0
1/29/2021,33368.18,38531.9,31915.4,34252.2,231827.0056,1.61E+12,8195593336,4403349,116537.2478,4121941034,0
1/30/2021,34246.28,34933,32825,34262.88,84889.68134,1.61E+12,2884500063,2201040,42418.4671,1441981401,0
1/31/2021,34262.89,34342.69,32171.67,33092.98,68742.28038,1.61E+12,2289641046,1707064,32480.44736,1082502552,0
2/1/2021,33092.97,34717.27,32296.16,33526.37,82718.27688,1.61E+12,2791776658,1810492,41855.84149,1413158967,0
2/2/2021,33517.09,35984.33,33418,35466.24,78056.65988,1.61E+12,2716321896,1789672,39216.56311,1364790965,0
2/3/2021,35472.71,37662.63,35362.38,37618.87,80784.33366,1.61E+12,2951232788,1881740,39863.07506,1456248046,0
2/4/2021,37620.26,38708.27,36161.95,36936.66,92080.7359,1.61E+12,3452669022,2211866,45516.21369,1707710014,0
2/5/2021,36936.65,38310.12,36570,38290.24,66681.33428,1.61E+12,2509278292,1853253,32756.38503,1232713880,0
2/6/2021,38289.32,40955.51,38215.94,39186.94,98757.31118,1.61E+12,3922095149,2291646,52015.51336,2065180747,0
2/7/2021,39181.01,39700,37351,38795.69,84363.67976,1.61E+12,3256521384,1976357,40764.38896,1574482908,0
2/8/2021,38795.69,46794.45,37988.89,46374.87,138597.5369,1.61E+12,5881536977,3230961,72345.89157,3069313839,0
2/9/2021,46374.86,48142.19,44961.09,46420.42,115499.8617,1.61E+12,5386255398,3119034,57429.56435,2679451036,0
2/10/2021,46420.42,47310,43727,44807.58,97154.1822,1.61E+12,4431650130,2891592,47971.98573,2190231239,0
2/11/2021,44807.58,48678.9,43994.02,47969.51,89561.08145,1.61E+12,4185630934,2570949,46138.33674,2158335923,0
2/12/2021,47968.66,48985.8,46125,47287.6,85870.0357,1.61E+12,4080571909,2418841,41841.03914,1990472919,0
2/13/2021,47298.15,48150,46202.53,47153.69,63768.0974,1.61E+12,3007710147,2058823,30996.30986,1462495400,0
2/14/2021,47156.78,49707.43,47014.17,48577.79,73735.47553,1.61E+12,3584808349,2090070,38752.15668,1884009921,0
2/15/2021,48580.47,49010.92,45570.79,47911.1,79398.15678,1.61E+12,3782219061,2313155,38176.36466,1819251656,0
2/16/2021,47911.1,50689.18,47003.62,49133.45,88813.2663,1.61E+12,4349983778,2199849,45608.60384,2236524605,0
2/17/2021,49133.45,52618.74,48947,52119.71,85743.63782,1.61E+12,4365831515,2514374,45055.44624,2294099235,0
2/18/2021,52117.67,52530,50901.9,51552.6,60758.04695,1.61E+12,3149973077,1891592,28893.35862,1498231636,0
2/19/2021,51552.61,56368,50710.2,55906,79659.77802,1.61E+12,4251167828,2339215,40556.02025,2164871310,0
2/20/2021,55906,57700.46,53863.93,55841.19,80948.20531,1.61E+12,4551890860,2642846,38636.06627,2172833878,0
2/21/2021,55841.19,58352.8,55477.59,57408.57,58166.70851,1.61E+12,3317998263,1950533,29506.08909,1683107088,0
2/22/2021,57412.35,57508.47,47622,54087.67,134019.4349,1.61E+12,7213386720,3313083,63677.66198,3427217155,0
2/23/2021,54087.67,54183.59,44892.56,48891,169375.0251,1.61E+12,8215839131,3825196,82464.14299,4002195292,0
2/24/2021,48891,51374.99,46988.69,49676.2,91881.20925,1.61E+12,4574033001,2194532,45750.71483,2278566606,0
2/25/2021,49676.21,52041.73,46674.34,47073.73,83310.67312,1.61E+12,4152188728,2305679,40610.66476,2026068518,0
2/26/2021,47073.73,48424.11,44106.78,46276.87,109423.2007,1.61E+12,5086374533,2371766,53626.90462,2494190193,0
2/27/2021,46276.88,48394,45000,46106.43,66060.83429,1.61E+12,3105897439,1757720,31987.01965,1505012111,0
2/28/2021,46103.67,46638.46,43000,45135.66,83055.36904,1.61E+12,3708359965,1838345,40688.17185,1817797447,0
3/1/2021,45134.11,49790,44950.53,49587.03,85086.11165,1.61E+12,4057515795,2147223,42616.99436,2032566686,0
3/2/2021,49595.76,50200,47047.6,48440.65,64221.06214,1.61E+12,3120472070,1855583,31377.03808,1525145370,0
3/3/2021,48436.61,52640,48100.71,50349.37,81035.91371,1.61E+12,4109521258,2242131,40955.3684,2077586899,0
3/4/2021,50349.37,51773.88,47500,48374.09,82649.71683,1.61E+12,4079837241,2291936,40269.97789,1987955555,0
3/5/2021,48374.09,49448.93,46300,48751.71,78192.49637,1.61E+12,3727133105,2054216,38318.31038,1827025012,0
3/6/2021,48746.81,49200,47070,48882.2,44399.23424,1.62E+12,2143910705,1476474,21500.61562,1038365873,0
3/7/2021,48882.2,51450.03,48882.2,50971.75,55235.02803,1.62E+12,2778875909,1758101,27885.59696,1402782880,0
3/8/2021,50959.11,52402.78,49274.67,52375.17,66987.35966,1.62E+12,3400847931,1999401,33595.42957,1706117798,0
3/9/2021,52375.18,54895,51789.41,54884.5,71656.73708,1.62E+12,3861450965,2194398,35011.54109,1886844774,0
3/10/2021,54874.67,57387.69,53005,55851.59,84749.23894,1.62E+12,4700197563,2647284,42651.88741,2366856293,0
3/11/2021,55851.59,58150,54272.82,57773.16,81914.81286,1.62E+12,4612366201,2509970,40603.44967,2288704819,0
3/12/2021,57773.15,58081.51,54962.84,57221.72,73405.40605,1.62E+12,4162054726,2489931,35802.94146,2030616300,0
3/13/2021,57221.72,61844,56078.23,61188.39,83245.09135,1.62E+12,4933383453,2559002,44387.23192,2631390815,0
3/14/2021,61188.38,61724.79,58966.78,58968.31,52601.05275,1.62E+12,3176397574,1829769,25325.26705,1530051005,0
3/15/2021,58976.08,60633.43,54600,55605.2,102771.4273,1.62E+12,5874241052,2683815,49825.43835,2848907087,0
3/16/2021,55605.2,56938.29,53271.34,56900.75,77986.69436,1.62E+12,4304259208,2241208,37825.50149,2088111363,0
3/17/2021,56900.74,58974.73,54123.69,58912.97,70421.62084,1.62E+12,3960992972,2204296,34778.74578,1957825523,0
3/18/2021,58912.97,60129.97,57023,57648.16,66580.40668,1.62E+12,3900885761,2040947,32287.37991,1892327691,0
3/19/2021,57641,59468,56270.74,58030.01,52392.65296,1.62E+12,3052711148,1885830,25552.51122,1489274083,0
3/20/2021,58030.01,59880,57820.17,58102.28,44476.94178,1.62E+12,2616535093,1724131,22212.44672,1307023993,0
3/21/2021,58100.02,58589.1,55450.11,57351.56,48564.47027,1.62E+12,2774223130,1773546,23648.94168,1350989191,0
3/22/2021,57351.56,58430.73,53650,54083.25,62581.62617,1.62E+12,3527479514,1927345,30749.05903,1733579081,0
3/23/2021,54083.25,55830.9,53000,54340.89,59789.36543,1.62E+12,3264650775,1740349,29563.40974,1614722151,0
3/24/2021,54342.8,57200,51700,52303.65,83537.46502,1.62E+12,4583159614,2401988,39323.13007,2161386679,0
3/25/2021,52303.66,53287,50427.56,51293.78,87400.53454,1.62E+12,4536327185,2099425,42947.39773,2229351570,0
3/26/2021,51293.78,55073.46,51214.6,55025.59,63813.77469,1.62E+12,3397036141,1773150,31822.54524,1694326043,0
3/27/2021,55025.59,56700.36,53950,55817.14,50105.47506,1.62E+12,2767070176,1528776,24739.94847,1365965317,0
3/28/2021,55817.14,56559.75,54691.84,55777.63,39050.38751,1.62E+12,2178777329,1551283,19262.72594,1074959546,0
3/29/2021,55777.65,58405.82,54800.01,57635.47,67857.9374,1.62E+12,3877131110,1983437,34373.80456,1963800174,0
3/30/2021,57635.46,59368,57071.35,58746.57,55122.44312,1.62E+12,3221944107,1612744,27541.52668,1610812658,0
3/31/2021,58746.57,59800,56769,58740.55,60975.54267,1.62E+12,3575976084,1928224,31074.81319,1823822793,0
4/1/2021,58739.46,59490,57935.45,58720.44,47415.61722,1.62E+12,2789238880,1594431,22966.25674,1351151698,0
4/2/2021,58720.45,60200,58428.57,58950.01,47382.41878,1.62E+12,2811159761,1666356,23695.69515,1406393730,0
4/3/2021,58950.01,59791.72,56880,57051.94,47409.85211,1.62E+12,2783151686,1606805,23057.96702,1353960265,0
4/4/2021,57051.95,58492.85,56388,58202.01,41314.08197,1.62E+12,2380139011,1499113,20609.13416,1187123543,0
4/5/2021,58202.01,59272,56777.77,59129.99,54258.01579,1.62E+12,3155214764,2035877,27269.49269,1586344788,0
4/6/2021,59129.99,59495.24,57413.02,57991.15,54201.00073,1.62E+12,3166911557,1960513,26699.19787,1560539126,0
4/7/2021,57990.03,58655,55473,55953.45,71228.40566,1.62E+12,4053294016,2206433,34737.58216,1977438034,0
4/8/2021,55953.44,58153.31,55700,58077.52,44283.14702,1.62E+12,2531779683,1661080,22161.69051,1267126859,0
4/9/2021,58077.52,58894.9,57654,58142.54,40831.88491,1.62E+12,2378340697,1615962,20354.23446,1185679368,0
4/10/2021,58142.55,61500,57900.01,59769.13,69906.42412,1.62E+12,4197138552,2470398,36018.63757,2162858398,0
4/11/2021,59769.13,60699,59232.52,60002.43,41156.71539,1.62E+12,2462032927,1746102,20798.05878,1244349091,0
4/12/2021,59998.8,61300,59350.59,59860,56375.03712,1.62E+12,3393042868,1806298,27645.20115,1664588823,0
4/13/2021,59860.01,63777.77,59805.15,63575,82848.68875,1.62E+12,5154877375,2703735,41662.53303,2592724448,0
4/14/2021,63575.01,64854,61301,62959.53,82616.34399,1.62E+12,5239081228,2645625,40070.37753,2542171083,0
4/15/2021,62959.53,63800,62020,63159.98,51649.70034,1.62E+12,3248931738,1938028,25628.16838,1612303095,0
4/16/2021,63158.74,63520.61,60000,61334.8,91764.13988,1.62E+12,5647292670,2639940,43570.02315,2680750915,0
4/17/2021,61334.81,62506.05,59580.91,60006.66,58912.25613,1.62E+12,3605701811,2268816,28386.27411,1737722135,0
4/18/2021,60006.67,60499,50931.3,56150.01,124882.1318,1.62E+12,6949379727,3444089,59404.61681,3303953081,0
4/19/2021,56150.01,57526.81,54221.58,55633.14,78229.04227,1.62E+12,4398619581,2390527,38362.38498,2156617047,0
4/20/2021,55633.14,57076.24,53329.96,56425,72744.48215,1.62E+12,4037701392,2148820,35519.58973,1971916968,0
4/21/2021,56425,56757.91,53536.02,53787.63,66984.75691,1.62E+12,3704549579,2134946,32188.92949,1780065583,0
4/22/2021,53787.62,55521.48,50500,51690.96,104656.6313,1.62E+12,5594983857,2744621,50550.77147,2703745286,0
4/23/2021,51690.95,52131.85,47500,51125.14,132230.7807,1.62E+12,6571097317,2888237,63769.62125,3170392794,0
4/24/2021,51110.56,51166.22,48657.14,50047.84,55361.51257,1.62E+12,2762081003,1164985,26782.23301,1336607710,0
4/25/2021,50047.84,50567.91,46930,49066.77,58255.645,1.62E+12,2867858315,1475479,27767.33139,1367920872,0
4/26/2021,49066.76,54356.62,48753.44,54001.39,86310.80212,1.62E+12,4555688503,2174544,43183.93675,2277375507,0
4/27/2021,54001.38,55460,53222,55011.97,54064.03468,1.62E+12,2949719328,1568666,25631.07463,1398731801,0
4/28/2021,55011.97,56428,53813.16,54846.22,55130.45902,1.62E+12,3020242788,1830042,26762.03342,1466278915,0
4/29/2021,54846.23,55195.84,52330.94,53555,52486.01946,1.62E+12,2823220335,1763676,25339.7439,1362821168,0
4/30/2021,53555,57963,53013.01,57694.27,68578.91005,1.62E+12,3808187373,2267648,35634.12909,1978866536,0
5/1/2021,57697.25,58458.07,56956.14,57800.37,42600.35184,1.62E+12,2460342955,1743013,20574.81023,1188354972,0
5/2/2021,57797.35,57911.02,56035.25,56578.21,36812.87886,1.62E+12,2089763230,1371638,18172.89184,1031569632,0
5/3/2021,56578.21,58981.44,56435,57169.39,57649.93129,1.62E+12,3337604543,2102128,28536.05553,1652286174,0
5/4/2021,57169.39,57200,53046.69,53200.01,85324.6259,1.62E+12,4705402064,2492629,41029.68825,2262794504,0
5/5/2021,53205.05,58069.82,52900,57436.11,77263.92344,1.62E+12,4327994296,2378119,38729.47502,2170539512,0
5/6/2021,57436.11,58360,55200,56393.68,70181.67191,1.62E+12,3992289528,2459881,34248.89964,1949210282,0
5/7/2021,56393.68,58650,55241.63,57314.75,74542.74783,1.62E+12,4239374487,2361692,36877.60257,2097609397,0
5/8/2021,57315.49,59500,56900,58862.05,69709.90603,1.62E+12,4079553832,2311378,34329.69916,2009442623,0
5/9/2021,58866.53,59300,56235.66,58240.84,69806.11991,1.62E+12,4043552702,2170139,34301.05046,1987959542,0
5/10/2021,58240.83,59500,53400,55816.14,89586.34925,1.62E+12,5131782640,2575419,43057.97703,2468201498,0
5/11/2021,55816.14,56862.43,54370,56670.02,64329.54055,1.62E+12,3583030655,1911480,30880.82834,1720075588,0
5/12/2021,56670.02,58000.01,48600,49631.32,99842.78984,1.62E+12,5476115093,2676826,48299.826,2654897646,0
5/13/2021,49537.15,51367.19,46000,49670.97,147332.0021,1.62E+12,7303694689,3570506,71742.00336,3558735468,0
5/14/2021,49671.92,51483,48799.75,49841.45,80082.20431,1.62E+12,4015904915,2095860,37184.12886,1864162621,0
5/15/2021,49844.16,50700,46555,46762.99,89437.44936,1.62E+12,4350775847,2286791,42257.91846,2056302845,0
5/16/2021,46762.99,49795.89,43825.39,46431.5,114269.8128,1.62E+12,5367497608,2661295,53797.59088,2528671396,0
5/17/2021,46426.83,46686,42001,43538.04,166657.1727,1.62E+12,7346755532,3216821,80610.14658,3555755756,0
5/18/2021,43538.02,45799.29,42250.02,42849.78,116979.8608,1.62E+12,5146670283,2561165,55703.00041,2450848779,0
5/19/2021,42849.78,43584.9,30000,36690.09,354347.2432,1.62E+12,13477694935,6331062,168271.3473,6410032517,0
5/20/2021,36671.23,42451.67,34850,40526.64,203017.5969,1.62E+12,8019897067,4269898,100167.1264,3959645913,0
5/21/2021,40525.39,42200,33488,37252.01,202100.8883,1.62E+12,7713346610,3993336,94002.43141,3591749387,0
5/22/2021,37263.35,38829,35200.62,37449.73,126542.2437,1.62E+12,4730567648,2716691,63310.45201,2367081501,0
5/23/2021,37458.51,38270.64,31111.01,34655.25,217136.0466,1.62E+12,7431242463,4082004,104637.6594,3584259320,0
5/24/2021,34681.44,39920,34031,38796.29,161630.894,1.62E+12,5996773032,3510578,81584.82531,3031032099,0
5/25/2021,38810.99,39791.77,36419.62,38324.72,111996.2284,1.62E+12,4253519579,2508310,54153.53681,2057463610,0
5/26/2021,38324.72,40841,37800.44,39241.91,104780.7734,1.62E+12,4113717505,2432319,50485.07699,1983423342,0
5/27/2021,39241.92,40411.14,37134.27,38529.98,86547.15879,1.62E+12,3361413526,2102182,42256.0128,1641681554,0
5/28/2021,38529.99,38877.83,34684,35663.49,135377.6297,1.62E+12,4926260942,2659178,64327.28185,2341060689,0
5/29/2021,35661.79,37338.58,33632.76,34605.15,112663.0927,1.62E+12,3949843335,2169643,54284.19965,1904345669,0
5/30/2021,34605.15,36488,33379,35641.27,73535.38697,1.62E+12,2601994948,1559892,37406.8139,1324617923,0
5/31/2021,35641.26,37499,34153.84,37253.81,94160.73529,1.62E+12,3406047735,1896359,46337.9325,1677796724,0
6/1/2021,37253.82,37894.81,35666,36693.09,81234.66377,1.62E+12,2973928300,1760417,40291.83485,1475008291,0
6/2/2021,36694.85,38225,35920,37568.68,67587.3725,1.62E+12,2523462576,1530915,34328.49629,1281854475,0
6/3/2021,37568.68,39476,37170,39246.79,75889.10601,1.62E+12,2930945326,1949658,38664.29785,1493504668,0
6/4/2021,39246.78,39289.07,35555.15,36829,91317.79925,1.62E+12,3379399755,1926311,43105.97173,1595098153,0
6/5/2021,36829.15,37925,34800,35513.2,70459.62149,1.62E+12,2560547117,1463754,34397.77436,1249708171,0
6/6/2021,35516.07,36480,35222,35796.31,47650.20664,1.62E+12,1711857075,993430,23661.26064,850204250.8,0
6/7/2021,35796.31,36900,33300,33552.79,77574.95257,1.62E+12,2755673602,1532260,36431.56059,1295757612,0
6/8/2021,33556.96,34068.01,31000,33380.81,123251.189,1.62E+12,4030784325,2074885,60095.9902,1966354848,0
6/9/2021,33380.8,37534.79,32396.82,37388.05,136607.5975,1.62E+12,4794741674,2601479,68790.28927,2415789675,0
6/10/2021,37388.05,38491,35782,36675.72,109527.2849,1.62E+12,4062957162,2231430,53639.42402,1990486079,0
6/11/2021,36677.83,37680.4,35936.77,37331.98,78466.0053,1.62E+12,2903043643,1727645,39406.71922,1458619433,0
6/12/2021,37331.98,37463.63,34600.36,35546.11,87717.54999,1.62E+12,3132387327,1719650,42571.20531,1520432734,0
6/13/2021,35546.12,39380,34757,39020.57,86921.02556,1.62E+12,3208991522,1894103,45675.27362,1688611358,0
6/14/2021,39020.56,41064.05,38730,40516.29,108522.3919,1.62E+12,4320307647,2185089,53645.90874,2135285913,0
6/15/2021,40516.28,41330,39506.4,40144.04,80679.62284,1.62E+12,3247746714,1931890,39428.82973,1587381566,0
6/16/2021,40143.8,40527.14,38116.01,38349.01,87771.97694,1.62E+12,3450556042,2134897,42137.24225,1657135675,0
6/17/2021,38349,39559.88,37365,38092.97,79541.30712,1.62E+12,3065622530,1620210,37936.81267,1462729677,0
6/18/2021,38092.97,38202.84,35129.29,35819.84,95228.04294,1.62E+12,3507868126,1809253,44824.43657,1651613641,0
6/19/2021,35820.48,36457,34803.52,35483.72,68712.44946,1.62E+12,2453817535,1212278,33788.29335,1207082482,0
6/20/2021,35483.72,36137.72,33336,35600.16,89878.17085,1.62E+12,3124634337,1691871,44194.06739,1537385055,0
6/21/2021,35600.17,35750,31251.23,31608.93,168778.8732,1.62E+12,5545926078,2688993,81297.46975,2671033140,0
6/22/2021,31614.12,33298.78,28805,32509.56,204208.1798,1.62E+12,6406159197,3113977,99149.18227,3115465363,0
6/23/2021,32509.56,34881,31683,33678.07,126966.1006,1.62E+12,4282250434,2026228,63340.03314,2136458766,0
6/24/2021,33675.07,35298,32286.57,34663.09,86625.80426,1.62E+12,2925373222,1531230,43994.7083,1486960778,0
6/25/2021,34663.08,35500,31275,31584.45,116061.1304,1.62E+12,3846120543,2094932,55656.15625,1846078278,0
6/26/2021,31576.09,32730,30151,32283.65,107820.3753,1.62E+12,3376415452,1814051,52978.15926,1659918820,0
6/27/2021,32283.65,34749,31973.45,34700.34,96613.24421,1.62E+12,3199980158,1799875,48772.52918,1616348030,0
6/28/2021,34702.49,35297.71,33862.72,34494.89,82222.26782,1.62E+12,2837122780,1868627,40552.29218,1399861431,0
6/29/2021,34494.89,36600,34225.43,35911.73,90788.79622,1.63E+12,3233947792,1673802,45376.58763,1616093005,0
6/30/2021,35911.72,36100,34017.55,35045,77152.19763,1.63E+12,2688939291,1301036,37035.76967,1290873346,0
7/1/2021,35045,35057.57,32711,33504.69,71708.26611,1.63E+12,2410809595,1240681,34986.05502,1176002217,0
7/2/2021,33502.33,33977.04,32699,33786.55,56172.18138,1.63E+12,1870193042,1176457,27271.65801,908203511.3,0
7/3/2021,33786.54,34945.61,33316.73,34669.13,43044.57864,1.63E+12,1478423024,1078278,21331.87505,732586226.5,0
7/4/2021,34669.12,35967.85,34357.15,35286.51,43703.47579,1.63E+12,1544458212,1164970,21180.33507,748187394.2,0
7/5/2021,35288.13,35293.78,33125.55,33690.14,64123.87425,1.63E+12,2183406257,1109367,31489.85537,1071967415,0
7/6/2021,33690.15,35118.88,33532,34220.01,58210.59635,1.63E+12,1991691101,1184687,27801.95449,951269024,0
7/7/2021,34220.02,35059.09,33777.77,33862.12,53807.52168,1.63E+12,1857658028,1041416,27294.92393,941984588,0
7/8/2021,33862.11,33929.64,32077,32875.71,70136.48032,1.63E+12,2304973020,1257892,35104.65523,1152928340,0
7/9/2021,32875.71,34100,32261.07,33815.81,47153.9399,1.63E+12,1562958239,1236351,23660.0686,784288611.1,0
7/10/2021,33815.81,34262,33004.78,33502.87,34761.17547,1.63E+12,1171790111,865508,17012.7592,573638406.5,0
7/11/2021,33502.87,34666,33306.47,34258.99,31572.64745,1.63E+12,1070033013,952891,16434.53751,557336788.7,0
7/12/2021,34259,34678.43,32658.34,33086.63,48181.40376,1.63E+12,1620646741,1176847,22602.90731,759877911,0
7/13/2021,33086.94,33340,32202.25,32729.77,41126.36101,1.63E+12,1348583017,956053,19588.27851,642576716.6,0
7/14/2021,32729.12,33114.03,31550,32820.02,46777.82348,1.63E+12,1515692075,1123129,22516.48572,730009068.1,0
7/15/2021,32820.03,33185.25,31133,31880,51639.57635,1.63E+12,1652077965,1099367,24866.40579,795831015.7,0
7/16/2021,31874.49,32249.18,31020,31383.87,48499.86415,1.63E+12,1538342712,1067591,23963.74457,760274744.6,0
7/17/2021,31383.86,31955.92,31164.31,31520.07,34012.24213,1.63E+12,1072815966,883442,16649.05131,525240023.8,0
7/18/2021,31520.07,32435,31108.97,31778.56,35923.71619,1.63E+12,1140964366,760979,17554.18265,557709781.1,0
7/19/2021,31778.57,31899,30407.44,30839.65,47340.4685,1.63E+12,1470563282,846029,22709.51005,705480091.1,0
7/20/2021,30839.65,31063.07,29278,29790.35,61034.04902,1.63E+12,1821230700,1062139,28424.82505,847855259.1,0
7/21/2021,29790.34,32858,29482.61,32144.51,82796.26513,1.63E+12,2603140706,1415058,42584.67222,1338356406,0
7/22/2021,32144.51,32591.35,31708,32287.83,46148.09243,1.63E+12,1482763545,1000742,23274.51281,747848528.9,0
7/23/2021,32287.58,33650,31924.32,33634.09,50112.86363,1.63E+12,1631947003,1394786,25018.97708,815391041.2,0
7/24/2021,33634.1,34500,33401.14,34258.14,47977.55014,1.63E+12,1625046258,1196914,23937.61781,810983258,0
7/25/2021,34261.51,35398,33851.12,35381.02,47852.92831,1.63E+12,1646935553,1245775,24632.1493,848320775.4,0
7/26/2021,35381.02,40550,35205.78,37237.6,152452.5127,1.63E+12,5832475057,3330102,77191.34608,2953296773,0
7/27/2021,37241.33,39542.61,36383,39457.87,88397.26702,1.63E+12,3335658262,1938478,45137.30344,1703810516,0
7/28/2021,39456.61,40900,38772,40019.56,101344.5284,1.63E+12,4040889462,2631048,49019.13628,1954994215,0
7/29/2021,40019.57,40640,39200,40016.48,53998.43928,1.63E+12,2154190697,1428738,26700.92624,1065505375,0
7/30/2021,40018.49,42316.71,38313.23,42206.37,73602.78481,1.63E+12,2939833541,1797012,37730.42686,1509172746,0
7/31/2021,42206.36,42448,41000.15,41461.83,44849.79101,1.63E+12,1868285511,1565380,22844.24505,951887855.6,0
8/1/2021,41461.84,42599,39422.01,39845.44,53953.18633,1.63E+12,2227567271,1603964,25796.7538,1066579609,0
8/2/2021,39850.27,40480.01,38690,39147.82,50837.35195,1.63E+12,2010928004,1162878,24558.00534,971596720.9,0
8/3/2021,39146.86,39780,37642.03,38207.05,57117.43585,1.63E+12,2195360659,1379871,27683.4666,1064118782,0
8/4/2021,38207.04,39969.66,37508.56,39723.18,52329.35243,1.63E+12,2028792778,1220555,26804.21117,1039347052,0
8/5/2021,39723.17,41350,37332.7,40862.46,84343.75562,1.63E+12,3314527738,1913281,41673.12908,1638359890,0
8/6/2021,40862.46,43392.43,39853.86,42836.87,75753.94135,1.63E+12,3148022460,2223356,38278.00476,1591634314,0
8/7/2021,42836.87,44700,42446.41,44572.54,73396.74081,1.63E+12,3197407326,2258213,37355.62385,1627865924,0
8/8/2021,44572.54,45310,43261,43794.37,69329.0927,1.63E+12,3074924735,1857112,34099.15066,1512451140,0
8/9/2021,43794.36,46454.15,42779,46253.4,74587.88485,1.63E+12,3362870286,2130595,38464.60543,1735618667,0
8/10/2021,46248.87,46700,44589.46,45584.99,53814.64342,1.63E+12,2452485824,1951330,26592.36931,1212338435,0
8/11/2021,45585,46743.47,45341.14,45511,52734.90198,1.63E+12,2432788770,1862925,27064.39384,1248929299,0
8/12/2021,45510.67,46218.12,43770,44399,55266.10878,1.63E+12,2478758525,1623329,26765.08804,1200329051,0
8/13/2021,44400.06,47886,44217.39,47800,48239.37043,1.63E+12,2239435701,1804716,25367.98824,1177391788,0
8/14/2021,47799.99,48144,45971.03,47068.51,46114.35902,1.63E+12,2166461459,1849556,22999.52852,1080741766,0
8/15/2021,47068.5,47372.27,45500,46973.82,42110.71133,1.63E+12,1950753713,1580122,21129.91978,979120004.2,0
8/16/2021,46973.82,48053.83,45660,45901.29,52480.57401,1.63E+12,2462127630,1655378,25847.87244,1213162182,0
8/17/2021,45901.3,47160,44376,44695.95,57039.34163,1.63E+12,2616339598,1781303,27320.26181,1253906923,0
8/18/2021,44695.95,46000,44203.28,44705.29,54099.41599,1.63E+12,2439673266,1656723,28538.22373,1286718405,0
8/19/2021,44699.37,47033,43927.7,46760.62,53411.75392,1.63E+12,2416320067,1774382,27193.50515,1230827552,0
8/20/2021,46760.62,49382.99,46622.99,49322.47,56850.35223,1.63E+12,2721131744,1950404,29725.88511,1422944576,0
8/21/2021,49322.47,49757.04,48222,48821.87,46745.13658,1.63E+12,2290966131,2069725,23119.67379,1133342368,0
8/22/2021,48821.88,49500,48050,49239.22,37007.8878,1.63E+12,1807169840,1610192,18587.87755,907708162.1,0
8/23/2021,49239.22,50500,49029,49488.85,52462.54195,1.63E+12,2616721364,2143309,26218.97512,1307817635,0
8/24/2021,49488.85,49860,47600,47674.01,51014.59475,1.63E+12,2486079316,1692896,24702.92344,1203899650,0
8/25/2021,47674.01,49264.3,47126.28,48973.32,44655.83034,1.63E+12,2149442272,1559186,21796.87767,1049712097,0
8/26/2021,48973.32,49352.84,46250,46843.87,49371.27777,1.63E+12,2333900030,1532753,23686.5635,1120008932,0
8/27/2021,46843.86,49149.93,46348,49069.9,42068.10497,1.63E+12,2007071230,1320503,21727.05079,1036769756,0
8/28/2021,49069.9,49299,48346.88,48895.35,26681.06379,1.63E+12,1303966036,793012,13895.76368,679193791.6,0
8/29/2021,48895.35,49632.27,47762.54,48767.83,32652.28347,1.63E+12,1588661416,1193046,16157.0431,786599088.7,0
8/30/2021,48767.84,48888.61,46853,46982.91,40288.35083,1.63E+12,1932344431,1204012,19637.84056,942218565,0
8/31/2021,46982.91,48246.11,46700,47100.89,48645.52737,1.63E+12,2303799571,1300400,24426.21235,1156878831,0
9/1/2021,47100.89,49156,46512,48810.52,49904.65528,1.63E+12,2386074445,1280384,25102.36864,1200480555,0
9/2/2021,48810.51,50450.13,48584.06,49246.64,54410.77054,1.63E+12,2704192315,1549849,28351.80723,1409412062,0
9/3/2021,49246.63,51000,48316.84,49999.14,59025.64416,1.63E+12,2949574478,1645163,29625.44338,1481238133,0
9/4/2021,49998,50535.69,49370,49915.64,34664.65959,1.63E+12,1733527136,1225830,16739.70385,837225473.7,0
9/5/2021,49917.54,51900,49450,51756.88,40544.83587,1.63E+12,2049212026,1417660,21557.23586,1090239907,0
9/6/2021,51756.88,52780,50969.33,52663.9,49249.66708,1.63E+12,2549290983,1678015,24620.35253,1274643404,0
9/7/2021,52666.2,52920,42843.05,46863.73,123048.8027,1.63E+12,6004105773,3321711,57935.60198,2832268574,0
9/8/2021,46868.57,47340.99,44412.02,46048.31,65069.3152,1.63E+12,3000605794,1796101,31796.7476,1466544608,0
9/9/2021,46048.31,47399.97,45513.08,46395.14,50651.66002,1.63E+12,2351862984,1567586,24183.38803,1122994691,0
9/10/2021,46395.14,47033,44132.29,44850.91,49048.26618,1.63E+12,2243698626,1569941,24358.59799,1114490734,0
9/11/2021,44842.2,45987.93,44722.22,45173.69,30440.4081,1.63E+12,1380370764,1060890,14804.3426,671123069.6,0
9/12/2021,45173.68,46460,44742.06,46025.24,32094.28052,1.63E+12,1464780920,1179808,15735.45104,718436012.8,0
9/13/2021,46025.23,46880,43370,44940.73,65429.15056,1.63E+12,2930668118,1703512,32041.05972,1435586959,0
9/14/2021,44940.72,47250,44594.44,47111.52,44855.85099,1.63E+12,2072259519,1210258,22182.46649,1025156548,0
9/15/2021,47103.28,48500,46682.32,48121.41,43204.71174,1.63E+12,2056996399,1176050,20903.53535,995198313.7,0
9/16/2021,48121.4,48557,47021.1,47737.82,40725.08895,1.63E+12,1948447233,1176129,19907.79151,952502982.8,0
9/17/2021,47737.81,48150,46699.56,47299.98,34461.92776,1.63E+12,1637122049,1033968,16599.46162,788563444.4,0
9/18/2021,47299.98,48843.2,47035.56,48292.74,30906.47038,1.63E+12,1491461628,976346,15219.90487,734476256.1,0
9/19/2021,48292.75,48372.83,46829.18,47241.75,29847.24349,1.63E+12,1421642879,909785,14346.79979,683249734.1,0
9/20/2021,47241.75,47347.25,42500,43015.62,78003.52444,1.63E+12,3457139274,1842231,36108.36295,1600107749,0
9/21/2021,43016.64,43639,39600,40734.38,84534.08049,1.63E+12,3551997787,1820721,38942.74356,1637800329,0
9/22/2021,40734.09,44000.55,40565.39,43543.61,58349.05542,1.63E+12,2482639472,1304011,29321.5066,1248027083,0
9/23/2021,43546.37,44978,43069.09,44865.26,48699.57655,1.63E+12,2147211305,1196106,24503.00365,1080404500,0
9/24/2021,44865.26,45200,40675,42810.57,84113.42629,1.63E+12,3596718231,1819744,41952.77658,1794510964,0
9/25/2021,42810.58,42966.84,41646.28,42670.64,33594.57189,1.63E+12,1428238748,949787,16555.7295,703947971.4,0
9/26/2021,42670.63,43950,40750,43160.9,49879.99765,1.63E+12,2124657079,1374145,24762.74447,1055225792,0
9/27/2021,43160.9,44350,42098,42147.35,39776.84383,1.63E+12,1728912300,1001487,19307.85346,839585982.4,0
9/28/2021,42147.35,42787.38,40888,41026.54,43372.2624,1.63E+12,1816305388,1045389,20710.0903,867306872.2,0
9/29/2021,41025.01,42590,40753.88,41524.28,33511.53487,1.63E+12,1399625476,884909,16338.4266,682466342.8,0
9/30/2021,41524.29,44141.37,41410.17,43824.1,46381.22781,1.63E+12,2005486004,1197815,23348.93974,1009687948,0
10/1/2021,43820.01,48495,43283.03,48141.61,66244.87492,1.63E+12,3076094887,1771237,34156.88321,1585411525,0
10/2/2021,48141.6,48336.59,47430.18,47634.9,30508.98131,1.63E+12,1459064881,996116,15180.50362,726007609.2,0
10/3/2021,47634.89,49228.08,47088,48200.01,30825.05601,1.63E+12,1482764462,1114294,15426.81514,742443046.4,0
10/4/2021,48200.01,49536.12,46891,49224.94,46796.49372,1.63E+12,2258464361,1437692,23032.4914,1112232801,0
10/5/2021,49224.93,51886.3,49022.4,51471.99,52125.66793,1.63E+12,2618101829,1641651,26687.41046,1341045873,0
10/6/2021,51471.99,55750,50382.41,55315,79877.54518,1.63E+12,4236927265,2443126,40664.02752,2158326114,0
10/7/2021,55315,55332.31,53357,53785.22,54917.37766,1.63E+12,2983143121,1703147,26485.89849,1438826617,0
10/8/2021,53785.22,56100,53617.61,53951.43,46160.25785,1.63E+12,2522087625,1548832,22643.19334,1237799957,0
10/9/2021,53955.67,55489,53661.67,54949.72,55177.08013,1.63E+12,3024862791,1609483,27686.74749,1518044340,0
10/10/2021,54949.72,56561.31,54080,54659,89237.83613,1.63E+12,4923958325,2427176,44656.91575,2464422247,0
10/11/2021,54659.01,57839.04,54415.06,57471.35,52933.16575,1.63E+12,2994673618,1690409,26858.82901,1519825843,0
10/12/2021,57471.35,57680,53879,55996.93,53471.2855,1.63E+12,3017210683,1554412,26157.44247,1477084243,0
10/13/2021,55996.91,57777,54167.19,57367,55808.44492,1.63E+12,3123307687,1610489,27985.13207,1566812326,0
10/14/2021,57370.83,58532.54,56818.05,57347.94,43053.33678,1.63E+12,2481915792,1372048,21940.26498,1265138477,0
10/15/2021,57347.94,62933,56850,61672.42,82512.90802,1.63E+12,4959389369,2649137,43913.67633,2638969874,0
10/16/2021,61672.42,62378.42,60150,60875.57,35467.88096,1.63E+12,2173374059,1360379,17286.46284,1059536458,0
10/17/2021,60875.57,61718.39,58963,61528.33,39099.24124,1.63E+12,2371696295,1331655,19289.94298,1170524005,0
10/18/2021,61528.32,62695.78,59844.45,62009.84,51798.44844,1.63E+12,3195091233,1629184,25859.08539,1595447836,0
10/19/2021,62005.6,64486,61322.22,64280.59,53628.10774,1.63E+12,3370863940,1755708,27436.54548,1724665980,0
10/20/2021,64280.59,67000,63481.4,66001.41,51428.93486,1.63E+12,3362878816,1823286,27623.99053,1806653765,0
10/21/2021,66001.4,66639.74,62000,62193.15,68538.64537,1.63E+12,4407757971,2181665,32008.51421,2060110974,0
10/22/2021,62193.15,63732.39,60000,60688.22,52119.35886,1.63E+12,3229377744,1555280,25440.69118,1576807744,0
10/23/2021,60688.23,61747.64,59562.15,61286.75,27626.93678,1.64E+12,1686121722,982103,13352.56908,815306581.3,0
10/24/2021,61286.75,61500,59510.63,60852.22,31226.57676,1.64E+12,1889694559,1052085,15682.1686,949151331.9,0
10/25/2021,60852.22,63710.63,60650,63078.78,36853.83806,1.64E+12,2309339650,1270453,18577.25472,1164150306,0
10/26/2021,63078.78,63293.48,59817.55,60328.81,40217.50083,1.64E+12,2492606133,1334460,18699.28475,1160289813,0
10/27/2021,60328.81,61496,58000,58413.44,62124.49016,1.64E+12,3688306193,1913083,29983.43122,1780494794,0
10/28/2021,58413.44,62499,57820,60575.89,61056.35301,1.64E+12,3677629851,1878275,30447.44205,1835335718,0
10/29/2021,60575.9,62980,60174.81,62253.71,43973.90414,1.64E+12,2706090987,1417344,22262.86881,1370325591,0
10/30/2021,62253.7,62359.25,60673,61859.19,31478.12566,1.64E+12,1937860260,1197748,15583.51105,959369103.6,0
10/31/2021,61859.19,62405.3,59945.36,61299.8,39267.63794,1.64E+12,2396556477,1563417,19362.08206,1181449066,0
11/1/2021,61299.81,62437.74,59405,60911.11,44687.66672,1.64E+12,2737282805,1472636,22139.95506,1356676791,0
11/2/2021,60911.12,64270,60624.68,63219.99,46368.2841,1.64E+12,2909221038,1858362,23852.14282,1496448017,0
11/3/2021,63220.57,63500,60382.76,62896.48,43336.09049,1.64E+12,2713389500,1601925,20662.34777,1294306442,0
11/4/2021,62896.49,63086.31,60677.01,61395.01,35930.93314,1.64E+12,2218138027,1346081,17843.38035,1101751566,0
11/5/2021,61395.01,62595.72,60721,60937.12,31604.48749,1.64E+12,1943346371,1243074,15769.15494,969780612.7,0
11/6/2021,60940.18,61560.49,60050,61470.61,25590.57408,1.64E+12,1556774944,965309,12511.52761,761294376.5,0
11/7/2021,61470.62,63286.35,61322.78,63273.59,25515.6883,1.64E+12,1585744720,1068629,13567.09782,843384435.4,0
11/8/2021,63273.58,67789,63273.58,67525.83,54442.09455,1.64E+12,3575716171,2349581,28879.18644,1897321250,0
11/9/2021,67525.82,68524.25,66222.4,66947.66,44661.37807,1.64E+12,3014326962,1847655,22243.23645,1501548664,0
11/10/2021,66947.67,69000,62822.9,64882.43,65171.50405,1.64E+12,4335575753,2347934,31344.74332,2088305178,0
11/11/2021,64882.42,65600.07,64100,64774.26,37237.98058,1.64E+12,2415537334,1327827,18589.51479,1205890454,0
11/12/2021,64774.25,65450.7,62278,64122.23,44490.10816,1.64E+12,2844286548,1479149,21028.45541,1344883879,0
11/13/2021,64122.22,65000,63360.22,64380,22504.97383,1.64E+12,1442441614,904149,11094.05209,711146514.1,0
11/14/2021,64380.01,65550.51,63576.27,65519.1,25705.07347,1.64E+12,1658473781,951393,12629.83414,815039550.9,0
11/15/2021,65519.11,66401.82,63400,63606.74,37829.37124,1.64E+12,2460915923,1305209,19160.47382,1247275595,0
11/16/2021,63606.73,63617.31,58574.07,60058.87,77455.15609,1.64E+12,4705744041,2353681,36375.32415,2209839153,0
11/17/2021,60058.87,60840.23,58373,60344.87,46289.38491,1.64E+12,2767802055,1471305,22545.24375,1348537947,0
11/18/2021,60344.86,60976,56474.26,56891.62,62146.99931,1.64E+12,3644824179,1960419,29742.20507,1745202990,0
11/19/2021,56891.62,58320,55600,58052.24,50715.88726,1.64E+12,2896189976,1560459,24072.28575,1374771758,0
11/20/2021,58057.1,59845,57353,59707.51,33811.5901,1.64E+12,1982718831,1200190,16682.28087,978340154.1,0
11/21/2021,59707.52,60029.76,58486.65,58622.02,31902.22785,1.64E+12,1886578155,1249219,14949.12309,884084155.7,0
11/22/2021,58617.7,59444,55610,56247.18,51724.32047,1.64E+12,2968622334,1624768,24834.9816,1425668562,0
11/23/2021,56243.83,58009.99,55317,57541.27,49917.85017,1.64E+12,2837210673,1570845,25217.65003,1433171469,0
11/24/2021,57541.26,57735,55837,57138.29,39612.04964,1.64E+12,2246374244,1432991,19625.09659,1113184376,0
11/25/2021,57138.29,59398.9,57000,58960.36,42153.51522,1.64E+12,2455658858,1604266,21112.80397,1230022892,0
11/26/2021,58960.37,59150,53500,53726.53,65927.87066,1.64E+12,3649353860,2138184,31287.4699,1731974880,0
11/27/2021,53723.72,55280,53610,54721.03,29716.99957,1.64E+12,1623173123,1110145,14462.93801,790191540.9,0
11/28/2021,54716.47,57445.05,53256.64,57274.88,36163.7137,1.64E+12,1982198374,1253408,18520.69985,1016073217,0
11/29/2021,57274.89,58865.97,56666.67,57776.25,40125.28009,1.64E+12,2313371348,1349625,19520.25038,1125240985,0
11/30/2021,57776.25,59176.99,55875.55,56950.56,49161.05194,1.64E+12,2823644073,1587472,23867.80287,1371720422,0
12/1/2021,56950.56,59053.55,56458.01,57184.07,44956.63656,1.64E+12,2584928714,1442301,21501.29463,1236414405,0
12/2/2021,57184.07,57375.47,55777.77,56480.34,37574.05976,1.64E+12,2127110102,1307890,18375.47518,1040366895,0
12/3/2021,56484.26,57600,51680,53601.05,58927.69027,1.64E+12,3246198506,1865063,27287.25751,1505556556,0
12/4/2021,53601.05,53859.1,42000.3,49152.47,114203.3737,1.64E+12,5495712062,3362771,52876.55238,2544632557,0
12/5/2021,49152.46,49699.05,47727.21,49396.33,45580.82012,1.64E+12,2231486106,1371839,22420.90324,1097785759,0
12/6/2021,49396.32,50891.11,47100,50441.92,58571.21575,1.64E+12,2851528919,1741956,28820.34753,1403464677,0
12/7/2021,50441.91,51936.33,50039.74,50588.95,38253.46877,1.64E+12,1950573500,1212350,18679.11099,952551067.6,0
12/8/2021,50588.95,51200,48600,50471.19,38425.92466,1.64E+12,1925458787,1118225,18126.84362,908410692.2,0
12/9/2021,50471.19,50797.76,47320,47545.59,37692.68665,1.64E+12,1841474999,1130599,18097.0596,884082539.7,0
12/10/2021,47535.9,50125,46852,47140.54,44233.57391,1.64E+12,2135023723,1215231,21143.96129,1020995576,0
12/11/2021,47140.54,49485.71,46751,49389.99,28889.19358,1.64E+12,1397524636,957390,14452.26806,699251597.8,0
12/12/2021,49389.99,50777,48638,50053.9,26017.93421,1.64E+12,1292315884,863605,13266.00955,658923314.9,0
12/13/2021,50053.9,50189.97,45672.75,46702.75,50869.52093,1.64E+12,2423888501,1399599,23487.0228,1119972249,0
12/14/2021,46702.76,48700.41,46290,48343.28,39955.98445,1.64E+12,1887427362,1194992,20010.80589,945501336.2,0
12/15/2021,48336.95,49500,46547,48864.98,51629.181,1.64E+12,2487012309,1438176,25861.16891,1246095378,0
12/16/2021,48864.98,49436.43,47511,47632.38,31949.86739,1.64E+12,1551200654,1023983,15281.92439,742115283.6,0
12/17/2021,47632.38,47995.96,45456,46131.2,43104.4887,1.64E+12,2015966350,1261780,19846.77192,928665863.6,0
12/18/2021,46133.83,47392.37,45500,46834.48,25020.05271,1.64E+12,1165205136,862066,12635.54707,588649454.3,0
12/19/2021,46834.47,48300.01,46406.91,46681.23,29305.70665,1.64E+12,1384958598,874827,14646.77828,692559814.2,0
12/20/2021,46681.24,47537.57,45558.85,46914.16,35848.50609,1.64E+12,1663363118,1076488,17666.32749,819817570.7,0
12/21/2021,46914.17,49328.96,46630,48889.88,37713.92924,1.64E+12,1827234149,1119412,19356.27006,937648412.2,0
12/22/2021,48887.59,49576.13,48421.87,48588.16,27004.2022,1.64E+12,1322418595,949480,13402.54963,656467230.8,0
12/23/2021,48588.17,51375,47920.42,50838.81,35192.54046,1.64E+12,1738129831,1176050,17397.67034,859605116.7,0
12/24/2021,50838.82,51810,50384.43,50820,31684.84269,1.64E+12,1618089927,1075177,15108.36362,771557283.6,0
12/25/2021,50819.99,51156.23,50142.32,50399.66,19135.51613,1.64E+12,971491029.1,766979,9928.30266,504102529.5,0
12/26/2021,50399.67,51280,49412,50775.49,22569.88914,1.64E+12,1132200242,797133,11285.69707,566374786.7,0
12/27/2021,50775.48,52088,50449,50701.44,28792.21566,1.64E+12,1472065236,1009411,14436.09322,738369203.3,0
12/28/2021,50701.44,50704.05,47313.01,47543.74,45853.33924,1.64E+12,2242102221,1345774,21743.17013,1063171693,0
12/29/2021,47543.74,48139.08,46096.99,46464.66,39498.87,1.64E+12,1873785571,1114074,19089.6191,905969695.6,0
12/30/2021,46464.66,47900,45900,47120.87,30352.29569,1.64E+12,1428755720,910157,14886.52375,700792256.7,0
12/31/2021,47120.88,48548.26,45678,46216.93,34937.99796,1.64E+12,1650715978,1059783,17315.5423,818331688,0
1/1/2022,46216.93,47954.63,46208.37,47722.65,19604.46325,1.64E+12,924155159.6,714899,9942.36679,468738711.8,0
1/2/2022,47722.66,47990,46654,47286.18,18340.4604,1.64E+12,866610995.6,709624,9166.46954,433182392.3,0
1/3/2022,47286.18,47570,45696,46446.1,27662.0771,1.64E+12,1292203508,885624,13524.76045,631879430.1,0
1/4/2022,46446.1,47557.54,45500,45832.01,35491.4136,1.64E+12,1649170424,1021815,17689.26808,821725463.1,0
1/5/2022,45832.01,47070,42500,43451.13,51784.11857,1.64E+12,2334288545,1478532,23552.9946,1063287226,0
1/6/2022,43451.14,43816,42430.58,43082.31,38880.37305,1.64E+12,1674466154,1150707,19268.82662,829886561.8,0
1/7/2022,43082.3,43145.83,40610,41566.48,54836.50818,1.64E+12,2293851015,1406635,26519.39261,1109740200,0
1/8/2022,41566.48,42300,40501,41679.74,32952.73111,1.64E+12,1367233495,1021908,16462.53747,683155535.4,0
1/9/2022,41679.74,42786.7,41200.02,41864.62,22724.39426,1.64E+12,952830064.5,752733,11399.78979,478046850.3,0
1/10/2022,41864.62,42248.5,39650,41822.49,50729.17019,1.64E+12,2088111340,1250983,24654.54811,1015935553,0
1/11/2022,41822.49,43100,41268.93,42729.29,37296.43729,1.64E+12,1574803609,1015526,18521.95391,782176383.1,0
1/12/2022,42729.29,44322,42450,43902.66,33943.2928,1.64E+12,1470906438,1023902,17584.31885,762205618.8,0
1/13/2022,43902.65,44500,42311.22,42560.11,34910.87762,1.64E+12,1515944525,1036234,17175.40587,746075123.2,0
1/14/2022,42558.35,43448.78,41725.95,43059.96,32640.88292,1.64E+12,1392000443,946938,15434.18945,658472386.2,0
1/15/2022,43059.96,43800,42555,43084.29,21936.05616,1.64E+12,946488263.5,752688,11133.18615,480516487.2,0
1/16/2022,43084.29,43475,42581.79,43071.66,20602.35271,1.64E+12,887203134.1,732171,10052.19291,432899939.7,0
1/17/2022,43071.66,43176.18,41540.42,42201.62,27562.08613,1.64E+12,1169381684,918029,13448.54192,570690476,0
1/18/2022,42201.63,42691,41250,42352.12,29324.08257,1.64E+12,1228459687,905061,14527.82371,608578954.6,0
1/19/2022,42352.12,42559.13,41138.56,41660.01,31685.72159,1.64E+12,1327478459,924528,15603.74304,653807601.7,0
1/20/2022,41660,43505,40553.31,40680.91,42330.33953,1.64E+12,1784801200,1098761,20201.47991,852629490.3,0
1/21/2022,40680.92,41100,35440.45,36445.31,88860.892,1.64E+12,3405501703,2092561,41615.08582,1595831788,0
1/22/2022,36445.31,36835.22,34008,35071.42,90471.33896,1.64E+12,3207531048,2099978,42722.27823,1514027491,0
1/23/2022,35071.42,36499,34601.01,36244.55,44279.52354,1.64E+12,1572414639,1142407,22841.39451,811501507,0
1/24/2022,36244.55,37550,32917.17,36660.35,91904.75321,1.64E+12,3192041586,1999352,46469.27294,1615890701,0
1/25/2022,36660.35,37545.14,35701,36958.32,49232.40183,1.64E+12,1799224214,1248246,24988.42876,913198135.6,0
1/26/2022,36958.32,38919.98,36234.63,36809.34,69830.16036,1.64E+12,2627491977,1584468,35240.31542,1326474948,0
1/27/2022,36807.24,37234.47,35507.01,37160.1,53020.87934,1.64E+12,1925920128,1308408,26750.94594,971815942.3,0
1/28/2022,37160.11,38000,36155.01,37716.56,42154.26956,1.64E+12,1560203931,1061101,21496.47551,795847847.5,0
1/29/2022,37716.57,38720.74,37268.44,38166.84,26129.49682,1.64E+12,989652387,816601,13292.42156,503624477.7,0
1/30/2022,38166.83,38359.26,37351.63,37881.76,21430.66527,1.64E+12,812750216.6,698593,10798.3846,409620744,0
1/31/2022,37881.75,38744,36632.61,38466.9,36855.2458,1.64E+12,1386754529,936014,18422.26954,693360023.3,0
2/1/2022,38466.9,39265.2,38000,38694.59,34574.44663,1.64E+12,1334266167,917617,17730.99304,684446571.2,0
2/2/2022,38694.59,38855.92,36586.95,36896.36,35794.6813,1.64E+12,1353093949,907905,17251.43687,652533107.7,0
2/3/2022,36896.37,37387,36250,37311.61,32081.10999,1.64E+12,1179502839,848961,16468.10233,605530493.6,0
2/4/2022,37311.98,41772.33,37026.73,41574.25,64703.95874,1.64E+12,2526572562,1380724,33053.66668,1291953442,0
2/5/2022,41571.7,41913.69,40843.01,41382.59,32532.34372,1.64E+12,1349805516,1006352,16566.08602,687352854.8,0
2/6/2022,41382.6,42656,41116.56,42380.87,22405.16704,1.64E+12,934168802.9,788291,11546.39088,481652514.4,0
2/7/2022,42380.87,44500.5,41645.85,43839.99,51060.62006,1.64E+12,2204523610,1473274,25457.79986,1099936959,0
2/8/2022,43839.99,45492,42666,44042.99,64880.29387,1.64E+12,2847485971,1653350,33004.09337,1448178622,0
2/9/2022,44043,44799,43117.92,44372.72,34428.16729,1.64E+12,1512500139,1066395,17115.60108,752210712.4,0
2/10/2022,44372.71,45821,43174.01,43495.44,62357.29091,1.64E+12,2772188373,1541483,30323.12245,1348871896,0
2/11/2022,43495.44,43920,41938.51,42373.73,44975.1687,1.64E+12,1937866769,1169354,22063.76915,950913914,0
2/12/2022,42373.73,43079.49,41688.88,42217.87,26556.85681,1.64E+12,1123136005,830322,12814.60322,542061655.4,0
2/13/2022,42217.87,42760,41870,42053.66,17732.08113,1.64E+12,750533311.7,624898,8333.13302,352741586.1,0
2/14/2022,42053.65,42842.4,41550.56,42535.94,34010.1306,1.64E+12,1436927831,867622,16912.76672,714598651.2,0
2/15/2022,42535.94,44751.4,42427.03,44544.86,38095.19576,1.64E+12,1672855934,990694,19180.32434,842363401.2,0
2/16/2022,44544.85,44549.97,43307,43873.56,28471.8727,1.65E+12,1250973502,823745,14106.69537,619773473,0
2/17/2022,43873.56,44164.71,40073.21,40515.7,47245.99494,1.65E+12,1993400163,1067658,21468.60602,906038209.8,0
2/18/2022,40515.71,40959.88,39450,39974.44,43845.92241,1.65E+12,1765622366,1025882,20609.06764,829953072.4,0
2/19/2022,39974.45,40444.32,39639.03,40079.17,18042.0551,1.65E+12,721960636.1,586653,8374.975,335209843.6,0
2/20/2022,40079.17,40125.44,38000,38386.89,33439.29011,1.65E+12,1293216601,811235,15338.25392,592897166.4,0
2/21/2022,38386.89,39494.35,36800,37008.16,62347.68496,1.65E+12,2382027321,1352290,30617.13558,1170272316,0
2/22/2022,37008.16,38429,36350,38230.33,53785.94589,1.65E+12,2010628231,1212527,27322.73575,1021948127,0
2/23/2022,38230.33,39249.93,37036.79,37250.01,43560.732,1.65E+12,1665486687,1030872,21449.9558,820639942,0
2/24/2022,37250.02,39843,34322.28,38327.21,120476.2946,1.65E+12,4335107392,2622780,60103.1314,2164376870,0
2/25/2022,38328.68,39683.53,38014.37,39219.17,56574.57125,1.65E+12,2197889580,1408558,29904.01589,1161436658,0
2/26/2022,39219.16,40348.45,38573.18,39116.72,29361.2568,1.65E+12,1152621720,924257,14658.93596,575852238,0
2/27/2022,39116.73,39855.7,37000,37699.07,46229.44719,1.65E+12,1780512703,1265753,21789.2508,840141690.3,0
2/28/2022,37699.08,44225.84,37450.17,43160,73945.63858,1.65E+12,2975160226,1931087,38543.78078,1553136662,0
3/1/2022,43160,44949,42809.98,44421.2,61743.09873,1.65E+12,2701611024,1866871,30937.54085,1353520463,0
3/2/2022,44421.2,45400,43334.09,43892.98,57782.65081,1.65E+12,2550792948,1653131,28624.1131,1264172354,0
3/3/2022,43892.99,44101.12,41832.28,42454,50940.61021,1.65E+12,2192152098,1289320,24438.40113,1051969942,0
3/4/2022,42454,42527.3,38550,39148.66,61964.68498,1.65E+12,2527001271,1465066,29322.62323,1196441375,0
3/5/2022,39148.65,39613.24,38407.59,39397.96,30363.13341,1.65E+12,1187689935,879727,14846.61434,580820200.9,0
3/6/2022,39397.97,39693.87,38088.57,38420.81,39677.26158,1.65E+12,1542258010,986352,19055.16367,740741244.9,0
3/7/2022,38420.8,39547.57,37155,37988,63994.11559,1.65E+12,2449362162,1456041,31641.49735,1211103667,0
3/8/2022,37988.01,39362.08,37867.65,38730.63,55583.06638,1.65E+12,2149652715,1271128,27964.07361,1081516304,0
3/9/2022,38730.63,42594.06,38656.45,41941.71,67392.58799,1.65E+12,2797240841,1570230,34598.34753,1435303844,0
3/10/2022,41941.7,42039.63,38539.73,39422,71962.93154,1.65E+12,2854310741,1512655,33804.27456,1340241708,0
3/11/2022,39422.01,40236.26,38223.6,38729.57,59018.7642,1.65E+12,2305825016,1252571,29148.02045,1139093538,0
3/12/2022,38729.57,39486.71,38660.52,38807.36,24034.36432,1.65E+12,939663387.3,671733,11869.94851,464113572.6,0
3/13/2022,38807.35,39310,37578.51,37777.34,32791.82359,1.65E+12,1268441605,841844,15150.32067,586406176.6,0
3/14/2022,37777.35,39947.12,37555,39671.37,46945.45375,1.65E+12,1821922588,1114899,24146.76237,937313460.6,0
3/15/2022,39671.37,39887.61,38098.33,39280.33,46015.54926,1.65E+12,1796571984,1060517,22657.90532,885084068,0
3/16/2022,39280.33,41718,38828.48,41114,88120.76167,1.65E+12,3552563766,2051837,44119.65664,1779529342,0
3/17/2022,41114.01,41478.82,40500,40917.9,37189.38087,1.65E+12,1521083190,935784,18580.98075,760015585.8,0
3/18/2022,40917.89,42325.02,40135.04,41757.51,45408.00969,1.65E+12,1862337033,1065054,22374.92757,918115615,0
3/19/2022,41757.51,42400,41499.29,42201.13,29067.18108,1.65E+12,1216709156,801197,14463.06148,605480703.9,0
3/20/2022,42201.13,42296.26,40911,41262.11,30653.33468,1.65E+12,1273880705,799695,14636.72662,608328201.8,0
3/21/2022,41262.11,41544.22,40467.94,41002.25,39426.24877,1.65E+12,1618789548,947206,19079.42652,783366152.1,0
3/22/2022,41002.26,43361,40875.51,42364.13,59454.94294,1.65E+12,2525975508,1367343,30215.54785,1283334795,0
3/23/2022,42364.13,43025.96,41751.47,42882.76,40828.87039,1.65E+12,1725787171,916671,20211.34116,854479820.5,0
3/24/2022,42882.76,44220.89,42560.46,43991.46,56195.12374,1.65E+12,2436258224,1202541,27963.10189,1212354441,0
3/25/2022,43991.46,45094.14,43579,44313.16,54614.43648,1.65E+12,2421153188,1141588,27819.34765,1233475690,0
3/26/2022,44313.16,44792.99,44071.97,44511.27,23041.61741,1.65E+12,1022802858,693647,11422.59021,507079959.2,0
3/27/2022,44511.27,46999,44421.46,46827.76,41874.91071,1.65E+12,1907019662,1135096,21674.84642,987241345.6,0
3/28/2022,46827.76,48189.84,46663.56,47122.21,58949.2614,1.65E+12,2789898403,1498975,29097.75719,1377280754,0
3/29/2022,47122.21,48096.47,46950.85,47434.8,36772.28457,1.65E+12,1748600385,1095678,18192.3742,865179145.2,0
3/30/2022,47434.79,47700.22,46445.42,47067.99,40947.2085,1.65E+12,1932152560,1081607,20896.43399,985946938.6,0
3/31/2022,47067.99,47600,45200,45510.34,48645.12667,1.65E+12,2262485161,1290541,22879.47328,1064278671,0
4/1/2022,45510.35,46720.09,44200,46283.49,56271.06474,1.65E+12,2556532891,1372216,28041.37621,1274359932,0
4/2/2022,46283.49,47213,45620,45811,37073.53582,1.65E+12,1721690754,1056716,18562.93079,862197811.6,0
4/3/2022,45810.99,47444.11,45530.92,46407.35,33394.67794,1.65E+12,1550999693,966563,16740.18067,777615974.8,0
4/4/2022,46407.36,46890.71,45118,46580.51,44641.87514,1.65E+12,2053434524,1171998,21913.04154,1008164276,0
4/5/2022,46580.5,47200,45353.81,45497.55,42192.74852,1.65E+12,1951668193,1046080,20607.57735,953494654.5,0
4/6/2022,45497.54,45507.14,43121,43170.47,60849.32936,1.65E+12,2700644701,1471912,29467.28381,1307725131,0
4/7/2022,43170.47,43900.99,42727.35,43444.19,37396.54156,1.65E+12,1623879487,999816,18567.25999,806358703.2,0
4/8/2022,43444.2,43970.62,42107.14,42252.01,42375.04203,1.65E+12,1830699972,1108136,20530.56354,887196762.5,0
4/9/2022,42252.02,42800,42125.48,42753.97,17891.66047,1.65E+12,759274586.6,640230,8910.47179,378158044.3,0
4/10/2022,42753.96,43410.3,41868,42158.85,22771.09403,1.65E+12,971459737.5,678983,10952.24952,467438845.4,0
4/11/2022,42158.85,42414.71,39200,39530.45,63560.44721,1.65E+12,2602039073,1385924,30543.05561,1251713136,0
4/12/2022,39530.45,40699,39254.63,40074.94,57751.01778,1.65E+12,2309514072,1153667,28344.99788,1133659107,0
4/13/2022,40074.95,41561.31,39588.54,41147.79,41342.27254,1.65E+12,1677171454,948061,20522.54699,832653378.5,0
4/14/2022,41147.78,41500,39551.94,39942.38,36807.01401,1.65E+12,1494726286,803756,17787.82129,722216571.9,0
4/15/2022,39942.37,40870.36,39766.4,40551.9,24026.35739,1.65E+12,966888436.8,616536,11755.54439,473100437.5,0
4/16/2022,40551.9,40709.35,39991.55,40378.71,15805.44718,1.65E+12,638275503.9,423446,7642.38243,308642382.9,0
4/17/2022,40378.7,40595.67,39546.17,39678.12,19988.49259,1.65E+12,803414249,590241,9578.91533,385124871.5,0
4/18/2022,39678.11,41116.73,38536.51,40801.13,54243.49575,1.65E+12,2153574976,1157741,27097.19375,1076513007,0
4/19/2022,40801.13,41760,40571,41493.18,35788.85843,1.65E+12,1472363265,934526,17806.81506,732539241.9,0
4/20/2022,41493.19,42199,40820,41358.19,40877.35041,1.65E+12,1697039284,1063843,20007.29623,830754792.6,0
4/21/2022,41358.19,42976,39751,40480.01,59316.27657,1.65E+12,2476061418,1515456,29413.89548,1228429891,0
4/22/2022,40480.01,40795.06,39177,39709.18,46664.0196,1.65E+12,1870172362,1043471,23248.71242,931654706.6,0
4/23/2022,39709.19,39980,39285,39441.6,20291.42375,1.65E+12,804677022.9,724132,10217.20484,405193110.9,0
4/24/2022,39441.61,39940,38929.62,39450.13,26703.61186,1.65E+12,1056336243,868183,12639.70229,500129939.1,0
4/25/2022,39450.12,40616,38200,40426.08,63037.12784,1.65E+12,2470071005,1280351,31958.39557,1252785477,0
4/26/2022,40426.08,40797.31,37702.26,38112.65,66650.258,1.65E+12,2615206862,1381618,31936.9422,1253685872,0
4/27/2022,38112.64,39474.72,37881.31,39235.72,57083.12272,1.65E+12,2218523642,1232083,28942.08915,1124748468,0
4/28/2022,39235.72,40372.63,38881.43,39742.07,56086.6715,1.65E+12,2223808386,1135242,28519.46629,1130865429,0
4/29/2022,39742.06,39925.25,38175,38596.11,51453.65715,1.65E+12,2006135663,1101140,24773.60543,966125835.5,0
4/30/2022,38596.11,38795.38,37578.2,37630.8,35321.18989,1.65E+12,1354900532,1017369,16523.43017,634076437.2,0
5/1/2022,37630.8,38675,37386.38,38468.35,38812.24104,1.65E+12,1478259272,1021157,19551.11747,744825800.8,0
5/2/2022,38468.35,39167.34,38052,38525.16,53200.92628,1.65E+12,2058450718,1053893,27276.29561,1055369693,0
5/3/2022,38525.16,38651.51,37517.8,37728.95,40316.45358,1.65E+12,1539320434,1005131,20002.76343,764016892.7,0
5/4/2022,37728.95,40023.77,37670,39690,62574.61736,1.65E+12,2438553987,1238847,32968.16942,1284541285,0
5/5/2022,39690,39845.51,35571.9,36552.97,88722.43355,1.65E+12,3329684236,1979692,41786.44096,1568954444,0
5/6/2022,36552.97,36675.63,35258,36013.77,68437.80187,1.65E+12,2466507512,1214518,34536.42346,1245062437,0
5/7/2022,36013.77,36146.3,34785,35472.39,34281.70682,1.65E+12,1222539414,746488,15385.18829,548855038.2,0
5/8/2022,35472.4,35514.22,33713.95,34038.4,72445.64344,1.65E+12,2498365160,1301451,32350.03935,1115547716,0
5/9/2022,34038.39,34243.15,30033.33,30076.31,191876.9264,1.65E+12,6166367111,2564538,86538.96257,2781053306,0
5/10/2022,30074.23,32658.99,29730.4,31017.1,165532.0031,1.65E+12,5179856929,2470325,73691.19611,2307177625,0
5/11/2022,31017.11,32162.59,27785,29103.94,207063.7393,1.65E+12,6300295995,3559270,99622.11748,3036296142,0
5/12/2022,29103.94,30243,26700,29029.75,204507.2631,1.65E+12,5795451311,3951233,101465.2783,2877462252,0
5/13/2022,29029.74,31083.37,28751.67,29287.05,97872.36957,1.65E+12,2956855805,2051900,48827.72764,1475641182,0
5/14/2022,29287.05,30343.27,28630,30086.74,51095.87863,1.65E+12,1501483454,1204626,25908.17135,761545954.2,0
5/15/2022,30086.74,31460,29480,31328.89,46275.66912,1.65E+12,1401499926,1016769,24163.362,732332763.6,0
5/16/2022,31328.89,31328.9,29087.04,29874.01,73082.19658,1.65E+12,2185567736,1561954,36284.05379,1085179423,0
5/17/2022,29874.01,30788.37,29450.38,30444.93,56724.13307,1.65E+12,1715109131,1175382,28600.36238,865031716.5,0
5/18/2022,30444.93,30709.99,28654.47,28715.32,59749.15799,1.65E+12,1762843836,1379212,29501.76769,870623227.2,0
5/19/2022,28715.33,30545.18,28691.38,30319.23,67877.36415,1.65E+12,2014360136,1860780,35339.65787,1049163443,0
5/20/2022,30319.22,30777.33,28730,29201.01,60517.25325,1.65E+12,1800589029,1694004,30890.40127,919467696.6,0
5/21/2022,29201.01,29656.18,28947.28,29445.06,20987.13124,1.65E+12,616194664,643486,10558.92886,310046148.8,0
5/22/2022,29445.07,30487.99,29255.11,30293.94,36158.98748,1.65E+12,1082530816,862880,18538.10071,555044195.8,0
5/23/2022,30293.93,30670.51,28866.35,29109.15,63901.49932,1.65E+12,1914305818,1328317,30476.66811,913813981,0
5/24/2022,29109.14,29845.86,28669,29654.58,59442.96036,1.65E+12,1740257602,946421,29480.07674,863516681.5,0
5/25/2022,29654.58,30223.74,29294.21,29542.15,59537.38659,1.65E+12,1771708175,985440,28846.96589,858587338.5,0
5/26/2022,29542.14,29886.64,28019.56,29201.35,94581.65463,1.65E+12,2759055410,1431112,45206.85416,1319426336,0
5/27/2022,29201.35,29397.66,28282.9,28629.8,90998.5201,1.65E+12,2626515959,1321406,43590.05398,1258912487,0
5/28/2022,28629.81,29266,28450,29031.33,34479.35127,1.65E+12,994674257.6,684423,17561.21465,506633343.7,0
5/29/2022,29031.33,29587.78,28839.21,29468.1,27567.34764,1.65E+12,804777532.6,635311,13735.42581,401056725.6,0
5/30/2022,29468.1,32222,29299.62,31734.22,96785.9476,1.65E+12,2980527582,1380410,45024.45633,1384940692,0
5/31/2022,31734.23,32399,31200.01,31801.04,62433.11632,1.65E+12,1981259117,1161340,30046.95511,953574564.3,0
6/1/2022,31801.05,31982.97,29301,29805.83,103395.6338,1.65E+12,3171191028,1404611,47614.81205,1460767261,0
6/2/2022,29805.84,30689,29594.55,30452.62,56961.42928,1.65E+12,1711652906,1086183,28555.06607,858193492.4,0
6/3/2022,30452.63,30699,29282.36,29700.21,54067.44727,1.65E+12,1615616951,993769,26583.25141,794354787.3,0
6/4/2022,29700.21,29988.88,29485,29864.04,25617.90113,1.65E+12,760874329.5,618037,12971.7246,385358236.9,0
6/5/2022,29864.03,30189,29531.42,29919.21,23139.9281,1.65E+12,691201528.2,604680,11753.51303,351150600.8,0
6/6/2022,29919.2,31765.64,29890.23,31373.1,68836.92456,1.65E+12,2149499897,1124745,34225.53913,1068381828,0
6/7/2022,31373.1,31589.6,29218.96,31125.33,110674.5166,1.65E+12,3347397953,1743957,54831.53114,1661147413,0
6/8/2022,31125.32,31327.22,29843.88,30204.77,68542.61276,1.65E+12,2087270428,1236327,32668.41005,995180478.3,0
6/9/2022,30204.77,30700,29944.1,30109.93,46291.1865,1.65E+12,1399839074,841562,23082.29251,697948606,0
6/10/2022,30109.93,30382.8,28850,29091.88,76204.2498,1.65E+12,2255866294,1258608,35502.20972,1050877736,0
6/11/2022,29091.87,29440.41,28099.99,28424.7,65901.39895,1.65E+12,1892007188,1084163,31848.3308,914365117.8,0
6/12/2022,28424.71,28544.96,26560,26574.53,92474.59881,1.66E+12,2551767136,1451271,43538.78641,1201389151,0
6/13/2022,26574.53,26895.84,21925.77,22487.41,254611.035,1.66E+12,6192246037,3261484,121398.5561,2953984192,0
6/14/2022,22485.27,23362.88,20846,22136.41,187201.6467,1.66E+12,4136108699,2583151,92764.74286,2051107739,0
6/15/2022,22136.42,22800,20111.62,22583.72,200774.4935,1.66E+12,4249276481,2847831,98340.10222,2083014439,0
6/16/2022,22583.72,22995.73,20232,20401.31,99673.59429,1.66E+12,2130037160,1690477,48048.86237,1027305937,0
6/17/2022,20400.6,21365.43,20246.66,20468.81,86694.33663,1.66E+12,1796575393,1352992,43066.94445,892584106.7,0
6/18/2022,20468.81,20792.06,17622,18970.79,196441.6555,1.66E+12,3726639822,2467372,96560.04465,1833514055,0
6/19/2022,18970.79,20815.95,17960.41,20574,128320.876,1.66E+12,2487561782,1950660,65871.82216,1277952917,0
6/20/2022,20574,21090,19637.03,20573.89,109028.9415,1.66E+12,2220396382,1639448,54047.82476,1100883997,0
6/21/2022,20573.9,21723,20348.4,20723.52,104371.0749,1.66E+12,2198596137,1515321,52193.33566,1099446297,0
6/22/2022,20723.51,20900,19770.51,19987.99,92133.97938,1.66E+12,1872204589,1394981,44907.30453,912710764.7,0
6/23/2022,19988,21233,19890.07,21110.13,83127.08716,1.66E+12,1710694866,1207858,42716.83721,879244263.3,0
6/24/2022,21110.12,21558.41,20736.72,21237.69,77430.36622,1.66E+12,1635129191,1309709,38582.36962,815027131.3,0
6/25/2022,21237.68,21614.5,20906.62,21491.19,51431.67794,1.66E+12,1093873138,874540,25240.18142,536863288.5,0
6/26/2022,21491.18,21888,20964.73,21038.07,53278.10464,1.66E+12,1139258367,885306,26051.16372,557192553.7,0
6/27/2022,21038.08,21539.85,20510,20742.56,64475.0013,1.66E+12,1354369226,1002214,31992.4604,672191483.8,0
6/28/2022,20742.57,21212.1,20202.01,20281.29,63801.0832,1.66E+12,1321862978,1064497,30490.78532,631852171.8,0
6/29/2022,20281.28,20432.31,19854.92,20123.01,77309.04379,1.66E+12,1556549790,1210636,37814.12159,761473366.4,0
6/30/2022,20123,20179.08,18626,19942.21,93846.64806,1.66E+12,1808994369,1438163,45447.98482,876020577.3,0
7/1/2022,19942.21,20918.35,18975,19279.8,111844.5949,1.66E+12,2197016370,1668363,56417.61783,1108492422,0
7/2/2022,19279.8,19467.39,18977.01,19252.81,46180.3021,1.66E+12,888415536.9,833508,23693.90779,455851305.4,0
7/3/2022,19252.82,19647.63,18781,19315.83,51087.46631,1.66E+12,980255891.4,880786,25361.96292,486752875.4,0
7/4/2022,19315.83,20354.01,19055.31,20236.71,74814.04601,1.66E+12,1470987696,1282843,38543.72441,758241532,0
7/5/2022,20236.71,20750,19304.4,20175.83,96041.13756,1.66E+12,1919950110,1612273,48358.47507,967109793.4,0
7/6/2022,20175.84,20675.22,19761.25,20564.51,82439.5808,1.66E+12,1665481948,1472221,41580.73433,840150579.6,0
7/7/2022,20564.51,21838.1,20251.68,21624.98,85014.58261,1.66E+12,1783224086,1653722,42731.5372,896703207.2,0
7/8/2022,21624.99,22527.37,21189.26,21594.75,403081.5735,1.66E+12,8781330157,4358216,201798.1014,4396546053,0
7/9/2022,21594.75,21980,21322.12,21591.83,178417.8447,1.66E+12,3857190523,3524386,89418.01811,1933132016,0
7/10/2022,21592.15,21607.65,20655,20862.47,192188.2156,1.66E+12,4062794310,3434401,95376.75351,2016291891,0
7/11/2022,20861.11,20868.48,19875.23,19963.61,137535.4072,1.66E+12,2813718031,3232941,66869.47065,1368289523,0
7/12/2022,19963.61,20059.42,19240,19328.75,139506.4586,1.66E+12,2754215439,3626399,67681.11612,1336338003,0
7/13/2022,19331.28,20366.61,18910.94,20234.87,209250.2489,1.66E+12,4096306064,4789109,103667.1351,2029863027,0
7/14/2022,20234.87,20900,19616.07,20588.84,174809.217,1.66E+12,3526210098,4576355,87993.05801,1775442258,0
7/15/2022,20588.84,21200,20382.29,20830.04,143343.3049,1.66E+12,2984339734,4411375,71354.9491,1485929119,0
7/16/2022,20830.04,21588.94,20478.61,21195.6,121011.6739,1.66E+12,2539616923,3723401,61225.46264,1285100232,0
7/17/2022,21195.6,21684.54,20750.01,20798.16,118229.4525,1.66E+12,2511251393,4261057,59550.95291,1265042502,0
7/18/2022,20799.58,22777.63,20762.45,22432.58,239942.7313,1.66E+12,5263396812,6564387,122398.3186,2685273104,0
7/19/2022,22432.58,23800,21579.54,23396.62,263770.7657,1.66E+12,5954419902,6488375,132874.4341,2999605957,0
7/20/2022,23398.48,24276.74,22906.19,23223.3,238762.1709,1.66E+12,5631801151,6364038,119820.5535,2826789486,0
7/21/2022,23223.3,23442.77,22341.46,23152.19,184817.6819,1.66E+12,4232411759,4808194,92958.794,2128895624,0
7/22/2022,23152.19,23756.49,22500,22684.83,171598.4397,1.66E+12,3981394766,4745582,85026.96828,1973166658,0
7/23/2022,22684.83,23000.77,21934.57,22451.07,122137.7738,1.66E+12,2745262661,3762227,61569.86415,1383868861,0
7/24/2022,22448.58,23014.64,22257.15,22579.68,115189.6728,1.66E+12,2610817967,3671238,58086.99433,1316724597,0
7/25/2022,22577.13,22666,21250,21310.9,180344.7664,1.66E+12,3954002949,4807238,88021.9456,1930051719,0
7/26/2022,21310.9,21347.82,20706.5,21254.67,177817.2433,1.66E+12,3738774849,4545385,87353.4604,1836821500,0
7/27/2022,21254.67,23112.63,21042.53,22952.45,210971.198,1.66E+12,4614909657,5475738,106519.1274,2330764841,0
7/28/2022,22954.31,24199.72,22582.13,23842.93,236029.0741,1.66E+12,5511388548,6500034,118170.7095,2759524239,0
7/29/2022,23845.25,24442.66,23414.03,23773.75,198298.5062,1.66E+12,4733780641,6221401,100165.6085,2391310897,0
7/30/2022,23777.28,24668,23502.25,23643.51,151060.1321,1.66E+12,3634601095,4801528,75778.59282,1823456272,0
7/31/2022,23644.64,24194.82,23227.31,23293.32,127743.3248,1.66E+12,3028386331,4463721,63737.43859,1511326027,0
8/1/2022,23296.36,23509.68,22850,23268.01,144210.1622,1.66E+12,3346371890,4775213,71458.39583,1658446268,0
8/2/2022,23266.9,23459.89,22654.37,22987.79,158073.2823,1.66E+12,3631020649,5066511,78122.08501,1794828206,0
8/3/2022,22985.93,23647.68,22681.22,22818.37,145948.81,1.66E+12,3385430754,4887642,72355.55623,1678928893,0
8/4/2022,22816.91,23223.32,22400,22622.98,154854.6702,1.66E+12,3537434334,4966138,76123.82073,1739248153,0
8/5/2022,22622.41,23472.86,22586.95,23312.42,175251.6975,1.66E+12,4046435951,5340569,88240.55478,2037539951,0
8/6/2022,23313.56,23354.36,22909.52,22954.21,83911.80307,1.66E+12,1944693657,3360228,41438.9761,960462308.1,0
8/7/2022,22954.21,23402,22844.62,23174.39,88890.00877,1.66E+12,2051763045,3646643,44744.90366,1032885708,0
8/8/2022,23174.39,24245,23154.25,23810,170958.4415,1.66E+12,4078052111,5892045,85942.29725,2050118384,0
8/9/2022,23810.98,23933.25,22865,23149.95,143182.5086,1.66E+12,3347110919,5105613,70598.77953,1650310503,0
8/10/2022,23151.32,24226,22664.69,23954.05,208916.5495,1.66E+12,4918825599,6818207,105046.9133,2473680340,0
8/11/2022,23954.05,24918.54,23852.13,23934.39,249759.7956,1.66E+12,6097813763,8269994,125001.9072,3051727584,0
8/12/2022,23933.09,24456.5,23583,24403.68,174207.5704,1.66E+12,4175834602,6134163,87283.3227,2092464530,0
8/13/2022,24401.7,24888,24291.22,24441.38,152852.2544,1.66E+12,3751417148,5617859,76352.504,1873989924,0
8/14/2022,24443.06,25047.56,24144,24305.24,151206.1447,1.66E+12,3708565145,5473905,75296.97372,1847145730,0
8/15/2022,24305.25,25211.32,23773.22,24094.82,242539.5476,1.66E+12,5894066099,7488466,120284.4647,2923411976,0
8/16/2022,24093.04,24247.49,23671.22,23854.74,179324.9482,1.66E+12,4294907692,5978567,89812.55435,2151240576,0
8/17/2022,23856.15,24446.71,23180.4,23342.66,210668.6877,1.66E+12,4993659434,6901586,105158.8799,2493209362,0
8/18/2022,23342.66,23600,23111.04,23191.2,144185.9701,1.66E+12,3375338942,6029662,71864.05086,1682458592,0
8/19/2022,23191.45,23208.67,20783.57,20834.39,283995.8775,1.66E+12,6181759253,8860928,139601.8104,3038568051,0
8/20/2022,20834.39,21382.85,20761.9,21140.07,183041.6836,1.66E+12,3871242921,5723362,91862.59461,1943014391,0
8/21/2022,21140.07,21800,21069.11,21515.61,159200.6841,1.66E+12,3405034923,5034461,80239.2419,1716250543,0
8/22/2022,21516.7,21548.71,20890.18,21399.83,222222.0453,1.66E+12,4721412017,6443370,110925.7275,2356921869,0
8/23/2022,21400.75,21684.87,20890.14,21529.12,200967.7716,1.66E+12,4299812534,6333442,101222.301,2165911837,0
8/24/2022,21529.11,21900,21145,21368.08,174383.2205,1.66E+12,3744196824,5561412,86499.84759,1857345194,0
8/25/2022,21368.05,21819.88,21310.15,21559.04,169915.783,1.66E+12,3672148287,5618785,84555.07067,1827390010,0
8/26/2022,21559.04,21886.77,20107.9,20241.05,273811.6196,1.66E+12,5785149465,7587244,135780.7251,2869440465,0
8/27/2022,20239.14,20402.93,19800,20037.6,162582.4603,1.66E+12,3269764074,5263328,80922.99413,1627546029,0
8/28/2022,20037.6,20171.18,19520,19555.61,139307.9598,1.66E+12,2781133881,4678693,69363.5072,1384969094,0
8/29/2022,19555.61,20433.62,19550.79,20285.73,210509.4955,1.66E+12,4211334409,5840323,105809.8625,2116902111,0
8/30/2022,20287.2,20576.25,19540,19811.66,256634.3553,1.66E+12,5157974827,6593178,126919.0792,2551087937,0
8/31/2022,19813.03,20490,19797.94,20050.02,276946.6077,1.66E+12,5595829094,6389133,140474.4604,2838456436,0
9/1/2022,20048.44,20208.37,19565.66,20131.46,245289.9726,1.66E+12,4893158532,5937975,121158.4863,2417157340,0
9/2/2022,20132.64,20441.26,19755.29,19951.86,245986.6033,1.66E+12,4946889820,5740705,122616.9075,2466027769,0
9/3/2022,19950.98,20055.93,19652.72,19831.9,146639.032,1.66E+12,2908816275,3739909,72556.83777,1439326778,0
9/4/2022,19832.45,20029.23,19583.1,20000.3,145588.7789,1.66E+12,2883227667,3838915,72789.26129,1441735600,0
9/5/2022,20000.3,20057.27,19633.83,19796.84,222543.0106,1.66E+12,4404971192,4657233,110786.0542,2193009372,0
9/6/2022,19795.34,20180,18649.51,18790.61,356315.0572,1.66E+12,6976809188,7124384,175781.8447,3443135959,0
9/7/2022,18790.61,19464.06,18510.77,19292.84,287394.7788,1.66E+12,5436827909,5597127,142700.9644,2700094091,0
9/8/2022,19292.85,19458.25,19012,19319.77,262813.2827,1.66E+12,5057217167,6013826,131429.4587,2529247772,0
9/9/2022,19320.54,21597.22,19291.75,21360.11,428919.7465,1.66E+12,8929831333,7777214,217979.2414,4537141164,0
9/10/2022,21361.62,21810.8,21111.13,21648.34,307997.335,1.66E+12,6589753119,5615783,154171.0413,3298995539,0
9/11/2022,21647.21,21860,21350,21826.87,280702.5515,1.66E+12,6064643643,4801844,141171.8812,3050253458,0
9/12/2022,21826.87,22488,21538.51,22395.74,395395.6183,1.66E+12,8743762683,6979539,199489.5406,4411479060,0
9/13/2022,22395.44,22799,19860,20173.57,431915.0333,1.66E+12,9302239274,8126869,217144.5425,4679543995,0
9/14/2022,20173.62,20541.48,19617.62,20226.71,340826.4015,1.66E+12,6886235197,6313052,169670.5317,3428396494,0
9/15/2022,20227.17,20330.24,19497,19701.88,333069.7608,1.66E+12,6655264974,6690974,165652.7291,3310217930,0
9/16/2022,19701.88,19890,19320.01,19803.3,283791.0706,1.66E+12,5584012914,5120935,141085.2054,2776292772,0
9/17/2022,19803.3,20189,19748.08,20113.62,179350.2434,1.66E+12,3578667843,3862666,89621.58733,1788389852,0
9/18/2022,20112.61,20117.26,19335.62,19416.18,254217.469,1.66E+12,5033968948,4634096,124480.5965,2465062846,0
9/19/2022,19417.45,19686.2,18232.56,19537.02,380512.4031,1.66E+12,7215196796,6820580,189241.2907,3589311749,0
9/20/2022,19537.02,19634.62,18711.87,18875,324098.3286,1.66E+12,6206043205,5900070,160716.3304,3077612901,0
9/21/2022,18874.31,19956,18125.98,18461.36,385034.1002,1.66E+12,7338667640,6907777,190299.4714,3628361587,0
9/22/2022,18461.36,19550.17,18356.39,19401.63,379321.7211,1.66E+12,7203741481,6251862,190987.3215,3627123697,0
9/23/2022,19401.63,19500,18531.42,19289.91,385886.9183,1.66E+12,7330336009,5906265,194842.0877,3701394517,0
9/24/2022,19288.57,19316.14,18805.34,18920.5,239496.5675,1.66E+12,4568927984,3907636,120501.3057,2298979763,0
9/25/2022,18921.99,19180.21,18629.2,18807.38,191191.4492,1.66E+12,3625136714,3714450,94989.39646,1801229612,0
9/26/2022,18809.13,19318.96,18680.72,19227.82,439239.2194,1.66E+12,8356951610,5837041,220623.2991,4198006045,0
9/27/2022,19226.68,20385.86,18816.32,19079.13,593260.7416,1.66E+12,11705770261,8152473,296727.7106,5856646101,0
9/28/2022,19078.1,19790,18471.28,19412.82,521385.4555,1.66E+12,9964460007,7357437,260944.3812,4988233394,0
9/29/2022,19412.82,19645.52,18843.01,19591.51,406424.9326,1.66E+12,7868786415,5631615,203187.5755,3934342925,0
9/30/2022,19590.54,20185,19155.36,19422.61,444322.9534,1.66E+12,8694127254,6254203,220029.8458,4304848630,0
10/1/2022,19422.61,19484,19159.42,19310.95,165625.1396,1.66E+12,3200350295,2470590,82734.18388,1598688568,0
10/2/2022,19312.24,19395.91,18920.35,19056.8,206812.4703,1.66E+12,3970724800,3320217,102972.1601,1977186000,0
10/3/2022,19057.74,19719.1,18959.68,19629.08,293585.7521,1.66E+12,5672105806,4471910,147383.9361,2847846726,0
10/4/2022,19629.08,20475,19490.6,20337.82,327012.0013,1.66E+12,6533428230,4871932,165646.2649,3309936013,0
10/5/2022,20337.82,20365.6,19730,20158.26,312239.7522,1.67E+12,6275437161,4540004,155249.4533,3120338866,0
10/6/2022,20158.26,20456.6,19853,19960.67,320122.1702,1.67E+12,6452892402,5085004,161557.8985,3256881317,0
10/7/2022,19960.67,20068.82,19320,19530.09,220874.8391,1.67E+12,4353681484,4324772,109800.4958,2164491136,0
10/8/2022,19530.09,19627.38,19237.14,19417.96,102480.0984,1.67E+12,1995917002,2637385,50775.11492,988952773.2,0
10/9/2022,19416.52,19558,19316.04,19439.02,113900.8268,1.67E+12,2215007204,2833704,57166.25996,1111737800,0
10/10/2022,19439.96,19525,19020.25,19131.87,212509.0985,1.67E+12,4101745483,4432688,104849.4097,2023908023,0
10/11/2022,19131.87,19268.09,18860,19060,243473.8429,1.67E+12,4642843396,4792106,121218.6832,2311676809,0
10/12/2022,19060,19238.31,18965.88,19155.53,213826.2673,1.67E+12,4086903622,4556597,106608.7184,2037738508,0
10/13/2022,19155.1,19513.79,18190,19375.13,399756.6834,1.67E+12,7554309475,7470896,199869.159,3777964473,0
10/14/2022,19375.58,19951.87,19070.37,19176.93,351634.326,1.67E+12,6877621835,6688310,175798.3676,3438783887,0
10/15/2022,19176.93,19227.68,18975.18,19069.39,113847.6423,1.67E+12,2178316066,3052219,56109.00376,1073637477,0
10/16/2022,19068.4,19425.84,19063.74,19262.98,131894.6189,1.67E+12,2531545363,3438605,66536.80449,1277129234,0
10/17/2022,19262.98,19676.96,19152.03,19549.86,222813.8763,1.67E+12,4331666396,5162979,111854.0053,2174642990,0
10/18/2022,19548.48,19706.66,19091,19327.44,260313.0785,1.67E+12,5065944973,5588482,129478.2563,2520037026,0
10/19/2022,19327.44,19360.16,19065.97,19123.97,186137.2954,1.67E+12,3575041318,4545820,92346.11007,1773769909,0
10/20/2022,19123.35,19347.82,18900,19041.92,223530.1307,1.67E+12,4276025724,5391090,110662.16,2117089562,0
10/21/2022,19041.92,19250,18650,19164.37,269310.7577,1.67E+12,5126619488,5679281,133589.0192,2543268175,0
10/22/2022,19164.37,19257,19112.72,19204.35,110403.9084,1.67E+12,2117395641,2887106,54134.08243,1038228039,0
10/23/2022,19204.29,19695,19070.11,19570.4,167057.2018,1.67E+12,3233393909,3939703,84465.80483,1635057403,0
10/24/2022,19570.4,19601.15,19157,19329.72,256168.1447,1.67E+12,4957159177,5676899,126808.683,2453987281,0
10/25/2022,19330.6,20415.87,19237,20080.07,326370.6706,1.67E+12,6454151277,7214687,163350.8053,3230612091,0
10/26/2022,20079.02,21020,20050.41,20771.59,380492.6958,1.67E+12,7833551674,8512349,190912.9643,3930265901,0
10/27/2022,20771.61,20872.21,20200,20295.11,328643.5779,1.67E+12,6771209922,7748080,163139.4799,3361632657,0
10/28/2022,20295.11,20750,20000.09,20591.84,287039.9457,1.67E+12,5849603406,6638096,143078.2528,2915977523,0
10/29/2022,20591.84,21085,20554.01,20809.67,254881.7776,1.67E+12,5303038321,6255599,127941.5636,2662029300,0
10/30/2022,20809.68,20931.21,20515,20627.48,192795.6089,1.67E+12,3994389493,4920007,96047.94574,1990076845,0
10/31/2022,20627.48,20845.92,20237.95,20490.74,303567.6163,1.67E+12,6226304300,6571526,151222.2965,3101777764,0
11/1/2022,20490.74,20700,20330.74,20483.62,279932.4377,1.67E+12,5740102555,5971938,139277.9471,2856018096,0
11/2/2022,20482.81,20800,20048.04,20151.84,373716.273,1.67E+12,7633404092,7431698,185785.9721,3795164791,0
11/3/2022,20151.84,20393.32,20031.24,20207.82,319185.1544,1.67E+12,6461673165,6948227,159939.6187,3237968703,0
11/4/2022,20207.12,21302.05,20180.96,21148.52,453694.3917,1.67E+12,9409862205,9249613,227403.7076,4716670352,0
11/5/2022,21148.52,21480.65,21080.65,21299.37,245621.9853,1.67E+12,5240395529,5570832,123030.3616,2624930077,0
11/6/2022,21299.37,21365.27,20886.13,20905.58,230036.9722,1.67E+12,4877535058,5268210,114034.0669,2418047872,0
11/7/2022,20905.58,21069.77,20384.89,20591.13,386977.6034,1.67E+12,8035052132,8344242,191603.3202,3978525725,0
11/8/2022,20590.67,20700.88,17166.83,18547.23,760705.3628,1.67E+12,14758384310,14530601,374775.5741,7271200924,0
11/9/2022,18545.38,18587.76,15588,15922.81,731926.9297,1.67E+12,12737719697,13605474,358702.789,6245795115,0
11/10/2022,15922.68,18199,15754.26,17601.15,608448.3643,1.67E+12,10323294544,12719887,302898.8476,5141663571,0
11/11/2022,17602.45,17695,16361.6,17070.31,393552.8649,1.67E+12,6725273823,9900073,197414.6962,3374092513,0
11/12/2022,17069.98,17119.1,16631.39,16812.08,167819.9604,1.67E+12,2827930561,5046837,83267.92293,1403236128,0
11/13/2022,16813.16,16954.28,16229,16329.85,184960.7885,1.67E+12,3074280132,5382834,91914.44893,1527844646,0
11/14/2022,16331.78,17190,15815.21,16619.46,380210.7775,1.67E+12,6273920325,9215128,189502.4125,3127495594,0
11/15/2022,16617.72,17134.69,16527.72,16900.57,282461.8439,1.67E+12,4758545356,7200265,141015.7066,2375750102,0
11/16/2022,16900.57,17015.92,16378.61,16662.76,261493.4081,1.67E+12,4362538339,6297404,129644.7224,2162757429,0
11/17/2022,16661.61,16751,16410.74,16692.56,228038.9787,1.67E+12,3785204632,5352083,113347.3977,1881536908,0
11/18/2022,16692.56,17011,16546.04,16700.45,214224.1818,1.67E+12,3588467560,5114799,106366.3557,1781845353,0
11/19/2022,16699.43,16822.41,16553.53,16700.68,104963.1556,1.67E+12,1747627888,3142123,52397.34048,872445362.1,0
11/20/2022,16700.68,16753.33,16180,16280.23,154842.1348,1.67E+12,2561165772,4557344,75959.10991,1256443330,0
11/21/2022,16279.5,16319,15476,15781.29,324096.9978,1.67E+12,5188798317,7440871,159995.4646,2561914109,0
11/22/2022,15781.29,16315,15616.63,16226.94,239548.0662,1.67E+12,3823612604,6276097,119384.4708,1905917090,0
11/23/2022,16227.96,16706,16160.2,16603.11,264927.7041,1.67E+12,4368042619,6260616,132804.3763,2189676204,0
11/24/2022,16603.11,16812.63,16458.05,16598.95,206565.9235,1.67E+12,3431724406,5031851,103203.3193,1714660567,0
11/25/2022,16599.55,16666,16342.81,16522.14,182089.4953,1.67E+12,3003553172,4396465,90187.55597,1487718711,0
11/26/2022,16521.35,16701.99,16385,16458.57,181804.8167,1.67E+12,3011990388,3817130,89646.23245,1485219997,0
11/27/2022,16457.61,16600,16401,16428.78,162025.4761,1.67E+12,2679048566,3362221,80097.04098,1324406074,0
11/28/2022,16428.77,16487.04,15995.27,16212.91,252695.4037,1.67E+12,4096398587,5570407,125766.8064,2038825207,0
11/29/2022,16212.18,16548.71,16100,16442.53,248106.2501,1.67E+12,4072651067,5206638,123715.1404,2030827592,0
11/30/2022,16442.91,17249,16428.3,17163.64,303019.8072,1.67E+12,5123595200,6519330,151764.5729,2566042183,0
12/1/2022,17165.53,17324,16855.01,16977.37,232818.1822,1.67E+12,3972607180,5097720,116018.8887,1979692808,0
12/2/2022,16978,17105.73,16787.85,17092.74,202372.2062,1.67E+12,3432385162,4305515,99556.14105,1688510144,0
12/3/2022,17092.13,17188.98,16858.74,16885.2,154542.5731,1.67E+12,2622504253,3308694,76214.56604,1293351463,0
12/4/2022,16885.2,17202.84,16878.25,17105.7,178619.1339,1.67E+12,3040020095,3948990,89359.35165,1520945572,0
12/5/2022,17106.65,17424.25,16867,16966.35,233703.2923,1.67E+12,4015334797,5138207,115508.1992,1984551471,0
12/6/2022,16966.35,17107.01,16906.37,17088.96,218730.7688,1.67E+12,3717926010,4416864,108449.5414,1843473775,0
12/7/2022,17088.96,17142.21,16678.83,16836.64,220657.4133,1.67E+12,3723206794,4284989,107803.052,1819002376,0
12/8/2022,16836.64,17299,16733.49,17224.1,236417.978,1.67E+12,4009427525,4520282,117238.7569,1988377121,0
12/9/2022,17224.1,17360,17058.21,17128.56,238422.0647,1.67E+12,4097973426,4282003,118031.9136,2028743141,0
12/10/2022,17128.56,17227.72,17092,17127.49,140573.9794,1.67E+12,2411933259,3032257,70355.34064,1207126756,0
12/11/2022,17127.49,17270.99,17071,17085.05,155286.4787,1.67E+12,2663686104,3260722,77740.37478,1333501725,0
12/12/2022,17085.05,17241.89,16871.85,17209.83,226227.4969,1.67E+12,3844787581,4463916,112286.9441,1908405024,0
12/13/2022,17208.93,18000,17080.14,17774.7,284462.9139,1.67E+12,4983896040,6242080,143922.8494,2521692887,0
12/14/2022,17775.82,18387.95,17660.94,17803.15,266681.2221,1.67E+12,4779915721,5743730,133308.1124,2389606670,0
12/15/2022,17804.01,17854.82,17275.51,17356.34,223701.9688,1.67E+12,3923378678,4789226,110193.6364,1932609297,0
12/16/2022,17356.96,17531.73,16527.32,16632.12,253379.0412,1.67E+12,4308933188,5703001,123374.8342,2098188985,0
12/17/2022,16631.5,16796.82,16579.85,16776.52,144825.6668,1.67E+12,2417851422,3905843,72289.66495,1206885684,0
12/18/2022,16777.54,16863.26,16663.07,16738.21,112619.3165,1.67E+12,1884666030,3369193,55539.12922,929480021.4,0
12/19/2022,16739,16815.99,16256.3,16438.88,179094.2831,1.67E+12,2981094033,4681887,87610.2351,1458309481,0
12/20/2022,16438.88,17061.27,16397.2,16895.56,248808.9232,1.67E+12,4176995654,5945803,124217.3859,2085423622,0
12/21/2022,16896.15,16925,16723,16824.67,156810.9636,1.67E+12,2638528724,4375570,77675.35979,1307019850,0
12/22/2022,16824.68,16868.52,16559.85,16821.43,176044.2724,1.67E+12,2949612072,4678640,87573.90221,1467281599,0
12/23/2022,16821.9,16955.14,16731.13,16778.5,161612.0095,1.67E+12,2720021934,4561020,81034.18553,1363871436,0
12/24/2022,16778.52,16869.99,16776.62,16836.12,100224.291,1.67E+12,1686757295,3076985,49578.22304,834395051.3,0
12/25/2022,16835.73,16857.96,16721,16832.11,125441.072,1.67E+12,2108857873,3570157,62073.54114,1043560797,0
12/26/2022,16832.11,16944.52,16791,16919.39,124564.0066,1.67E+12,2099037539,3915571,61741.18011,1040420821,0
12/27/2022,16919.39,16972.83,16592.37,16706.36,173749.5862,1.67E+12,2918379510,5047628,86096.58586,1446098275,0
12/28/2022,16706.06,16785.19,16465.33,16547.31,193037.5658,1.67E+12,3210894237,5465468,96118.18717,1598767893,0
12/29/2022,16547.32,16664.41,16488.91,16633.47,160998.4716,1.67E+12,2671665748,4553877,80977.62443,1343799863,0
12/30/2022,16633.47,16677.35,16333,16607.48,164916.3117,1.67E+12,2726831057,4310415,82170.4749,1358631101,0
12/31/2022,16607.48,16644.09,16470,16542.4,114490.4286,1.67E+12,1897047505,3344374,57021.06919,944834393.3,0
1/1/2023,16541.77,16628,16499.01,16616.75,96925.41374,1.67E+12,1604793790,3218355,48548.78168,803841673.8,0
1/2/2023,16617.17,16799.23,16548.7,16672.87,121888.5719,1.67E+12,2034683215,4036118,60925.25948,1017074781,0
1/3/2023,16672.78,16778.4,16605.28,16675.18,159541.5373,1.67E+12,2662765916,5097596,79595.76246,1328471403,0
1/4/2023,16675.65,16991.87,16652.66,16850.36,220362.1886,1.67E+12,3709833210,6310703,109747.115,1847617011,0
1/5/2023,16850.36,16879.82,16753,16831.85,163473.5664,1.67E+12,2751080254,4842014,80959.57162,1362471754,0
1/6/2023,16831.85,17041,16679,16950.65,207401.2842,1.67E+12,3490305010,5388661,103320.2297,1738828235,0
1/7/2023,16950.31,16981.91,16908,16943.57,104526.5688,1.67E+12,1770201710,3227161,51624.83107,874295207.6,0
1/8/2023,16943.83,17176.99,16911,17127.83,135155.897,1.67E+12,2291925700,4036092,67200.6025,1139647003,0
1/9/2023,17127.83,17398.8,17104.66,17178.26,266211.5272,1.67E+12,4590284351,6327667,131748.5252,2271681165,0
1/10/2023,17179.04,17499,17146.34,17440.66,221382.4258,1.67E+12,3829247654,5448751,109377.4561,1891995855,0
1/11/2023,17440.64,18000,17315.6,17943.26,262221.6065,1.67E+12,4586965947,5627464,129944.5693,2273368097,0
1/12/2023,17943.26,19117.04,17892.05,18846.62,454568.3218,1.67E+12,8348431208,8911373,227295.3317,4174813798,0
1/13/2023,18846.62,20000,18714.12,19930.01,368615.8782,1.67E+12,7061633461,8021774,183448.8938,3515300890,0
1/14/2023,19930.01,21258,19888.05,20954.92,393913.7495,1.67E+12,8183071567,8659545,197817.5521,4109568162,0
1/15/2023,20952.76,21050.74,20551.01,20871.5,178542.2255,1.67E+12,3710526606,5194354,88310.83908,1835436632,0
1/16/2023,20872.99,21474.05,20611.48,21185.65,293078.0826,1.67E+12,6168654053,6856434,145352.6694,3059597458,0
1/17/2023,21185.65,21647.45,20841.31,21134.81,275407.7441,1.67E+12,5840585769,6440138,137121.6431,2908227174,0
1/18/2023,21132.29,21650,20407.15,20677.47,350916.0195,1.67E+12,7399719195,7617173,173174.4169,3652037808,0
1/19/2023,20677.47,21192,20659.19,21071.59,251385.8493,1.67E+12,5243024330,5819932,124924.2344,2605629874,0
1/20/2023,21071.59,22755.93,20861.28,22667.21,338079.1366,1.67E+12,7256172890,7382435,170200.0487,3654038898,0
1/21/2023,22666,23371.8,22422,22783.55,346445.4843,1.67E+12,7938935169,7796520,172663.1713,3956916674,0
1/22/2023,22783.35,23078.71,22292.37,22707.88,253577.7529,1.67E+12,5775552322,6603827,125842.9166,2866409821,0
1/23/2023,22706.02,23180,22500,22916.45,293588.3794,1.67E+12,6704191296,7258655,145854.7094,3330927704,0
1/24/2023,22917.81,23162.2,22462.93,22632.89,293158.7825,1.67E+12,6721432963,7395584,144239.8436,3307407342,0
1/25/2023,22631.94,23816.73,22300,23060.94,346042.8322,1.67E+12,7875590359,8060446,172647.9012,3929821774,0
1/26/2023,23060.42,23282.47,22850.01,23009.65,288924.4358,1.67E+12,6664592468,7181086,143185.0834,3303064271,0
1/27/2023,23009.65,23500,22534.88,23074.16,280833.8632,1.67E+12,6461707755,7079096,139699.2764,3214623771,0
1/28/2023,23074.16,23189,22878.46,23022.6,148115.7109,1.67E+12,3408985411,4181816,73861.83566,1700057504,0
1/29/2023,23021.4,23960.54,22967.76,23742.3,295688.792,1.68E+12,6941922954,7030837,149507.5061,3510026673,0
1/30/2023,23743.37,23800.51,22500,22826.15,302405.9012,1.68E+12,7020727239,7790224,149096.5307,3461492907,0
1/31/2023,22827.38,23320,22714.77,23125.13,264649.3491,1.68E+12,6083858925,6798411,133028.1272,3058369006,0
2/1/2023,23125.13,23812.66,22760.23,23732.66,310790.4227,1.68E+12,7212542002,7863213,156107.5848,3623730153,0
2/2/2023,23731.41,24255,23363.27,23488.94,364177.2075,1.68E+12,8673696846,9102300,181814.2032,4330715914,0
2/3/2023,23489.33,23715.7,23204.62,23431.9,332571.029,1.68E+12,7806490900,8007846,166143.3325,3900042091,0
2/4/2023,23431.9,23587.78,23253.96,23326.84,166126.473,1.68E+12,3886777608,4852404,81863.93145,1915443498,0
2/5/2023,23327.66,23433.33,22743,22932.91,209251.3392,1.68E+12,4842463017,5903916,103885.2231,2404286621,0
2/6/2023,22932.91,23158.25,22628.13,22762.52,265371.6069,1.68E+12,6076050768,6956395,132350.5299,3030470975,0
2/7/2023,22762.52,23350.25,22745.78,23240.46,308006.7248,1.68E+12,7085929136,8293878,154613.2474,3557209787,0
2/8/2023,23242.42,23452,22665.85,22963,280056.3072,1.68E+12,6457585648,7896433,138627.7264,3196783920,0
2/9/2023,22961.85,23011.39,21688,21796.35,402894.6955,1.68E+12,9052973327,9784291,199309.6837,4478800426,0
2/10/2023,21797.83,21938.16,21451,21625.19,338591.9425,1.68E+12,7369456395,6993675,167419.6694,3644087095,0
2/11/2023,21625.19,21906.32,21599.78,21862.55,177021.5843,1.68E+12,3842000898,4207940,87937.9597,1908638570,0
2/12/2023,21862.02,22090,21630,21783.54,204435.6516,1.68E+12,4469822441,4561903,101194.347,2212545781,0
2/13/2023,21782.37,21894.99,21351.07,21773.97,295730.7679,1.68E+12,6404813758,6503611,147221.3857,3188732830,0
2/14/2023,21774.63,22319.08,21532.77,22199.84,361958.4011,1.68E+12,7938385477,7695927,182006.7156,3991901042,0
2/15/2023,22199.84,24380,22047.28,24324.05,375669.1611,1.68E+12,8604133694,8335550,190798.1552,4372346767,0
2/16/2023,24322.87,25250,23505.25,23517.72,450080.6837,1.68E+12,11074988149,11006793,224396.7757,5522891581,0
2/17/2023,23517.72,25021.11,23339.37,24569.97,496813.2138,1.68E+12,11968532252,10895009,249087.9477,6001870488,0
2/18/2023,24568.24,24877,24430,24631.95,216917.2521,1.68E+12,5339920390,6296097,107467.0876,2645647446,0
2/19/2023,24632.05,25192,24192.57,24271.76,300395.9954,1.68E+12,7408745407,7660484,149680.2806,3692030230,0
2/20/2023,24272.51,25121.23,23840.83,24842.2,346938.57,1.68E+12,8561226688,9808728,174453.0433,4305469239,0
2/21/2023,24843.89,25250,24148.34,24452.16,376000.8287,1.68E+12,9280992344,10712371,187029.4976,4617218785,0
2/22/2023,24450.67,24476.05,23574.69,24182.21,379425.7537,1.68E+12,9101745946,11395957,188203.7427,4515001623,0
2/23/2023,24182.21,24599.59,23608,23940.2,398400.4544,1.68E+12,9596083722,11396877,198080.6837,4771375631,0
2/24/2023,23940.2,24132.35,22841.19,23185.29,343582.5745,1.68E+12,8087524100,11531424,170263.1335,4008150118,0
2/25/2023,23184.04,23219.13,22722,23157.07,191311.8101,1.68E+12,4406286300,9124568,94440.13964,2175283941,0
2/26/2023,23157.07,23689.99,23059.18,23554.85,202323.7362,1.68E+12,4716158181,9506015,101003.3928,2354572413,0
2/27/2023,23554.85,23897.99,23106.77,23492.09,283706.0859,1.68E+12,6659785788,11754195,141360.0485,3318353870,0
2/28/2023,23492.09,23600,23020.97,23141.57,264140.9989,1.68E+12,6172930936,9568743,131200.827,3066249881,0
3/1/2023,23141.57,24000,23020.03,23628.97,315287.4174,1.68E+12,7441571085,9390487,157961.9267,3728256787,0
3/2/2023,23629.76,23796.93,23195.9,23465.32,239315.4522,1.68E+12,5603770010,7435815,119522.0058,2798797977,0
3/3/2023,23465.32,23476.95,21971.13,22354.34,319954.1979,1.68E+12,7167184766,8214639,156827.3137,3512245357,0
3/4/2023,22354.34,22410,22157.08,22346.57,121257.3813,1.68E+12,2706422996,4169260,60043.33153,1340204531,0
3/5/2023,22346.57,22662.09,22189.22,22430.24,154841.7579,1.68E+12,3473011455,4835978,77394.35765,1735989091,0
3/6/2023,22430.24,22602.19,22258,22410,203751.8296,1.68E+12,4569102169,6471278,102110.263,2289889200,0
3/7/2023,22409.41,22557.91,21927,22197.96,292519.8091,1.68E+12,6517594938,7813394,145498.6422,3242136503,0
3/8/2023,22198.56,22287,21580,21705.44,301460.5727,1.68E+12,6641171704,8018963,150008.0249,3304860256,0
3/9/2023,21704.37,21834.99,20042.72,20362.22,443658.2858,1.68E+12,9403028765,10076702,217900.5962,4619803522,0
3/10/2023,20362.21,20367.78,19549.09,20150.69,618456.4671,1.68E+12,12344992789,12106261,308155.8099,6151475124,0
3/11/2023,20150.69,20686.51,19765.03,20455.73,427831.8213,1.68E+12,8651590672,10412300,213151.4786,4310534196,0
3/12/2023,20455.73,22150,20270.6,21997.11,430944.9429,1.68E+12,8982418414,9721933,218639.0688,4558127965,0
3/13/2023,21998.05,24500,21813.88,24113.48,687889.3126,1.68E+12,15824996079,14820760,346688.1703,7976620082,0
3/14/2023,24112.27,26386.87,23976.42,24670.41,699360.9342,1.68E+12,17465307098,15223589,351739.1199,8783916248,0
3/15/2023,24670.41,25196.97,23896.95,24285.66,581450.7298,1.68E+12,14291005744,12613034,291192.867,7157472157,0
3/16/2023,24285.66,25167.4,24123,24998.78,439421.33,1.68E+12,10847330152,10418081,220403.3029,5441432259,0
3/17/2023,24998.78,27756.84,24890,27395.13,624460.6809,1.68E+12,16476681071,13113359,318022.6136,8392477832,0
3/18/2023,27395.13,27724.85,26578,26907.49,371238.9717,1.68E+12,10135945070,9948603,185687.7077,5070480125,0
3/19/2023,26907.49,28390.1,26827.22,27972.87,372066.9905,1.68E+12,10264707988,9578297,188150.5615,5191102286,0
3/20/2023,27972.87,28472,27124.47,27717.01,477378.2337,1.68E+12,13300424537,11775950,239765.2915,6680704888,0
3/21/2023,27717.01,28438.55,27303.1,28105.47,420929.7422,1.68E+12,11760492716,11530870,210472.3403,5880942508,0
3/22/2023,28107.81,28868.05,26601.8,27250.97,224113.413,1.68E+12,6272099822,3589327,110355.9739,3089585214,0
3/23/2023,27250.97,28750,27105,28295.41,128649.6082,1.68E+12,3591123573,2159091,65172.02479,1819323637,0
3/24/2023,28295.42,28374.3,27000,27454.47,86242.06544,1.68E+12,2403443392,1511137,41449.56122,1155147466,0
3/25/2023,27454.46,27787.33,27156.09,27462.95,50844.08102,1.68E+12,1397227639,1088721,25326.94876,696042529.1,0
3/26/2023,27462.96,28194.4,27417.76,27968.05,49671.70353,1.68E+12,1380973403,1068196,25248.15818,702028235.1,0
3/27/2023,27968.05,28023.86,26508.14,27124.91,88039.46898,1.68E+12,2407130888,1575264,43151.91539,1179905181,0
3/28/2023,27124.9,27520,26631.78,27261.07,78602.44341,1.68E+12,2124533607,1521981,38972.61486,1053473599,0
3/29/2023,27261.06,28650,27240.1,28348.6,89486.16008,1.68E+12,2519887866,1704217,45742.08025,1288220696,0
3/30/2023,28348.6,29184.68,27686,28028.53,98865.43256,1.68E+12,2808471939,1843652,49100.20979,1394972887,0
3/31/2023,28028.53,28656.69,27511.71,28465.36,78198.12139,1.68E+12,2203253312,1537349,39636.47111,1117184234,0
4/1/2023,28465.36,28819.71,28220.27,28452.73,30238.44753,1.68E+12,860804237.5,822781,15171.37738,431931567.5,0
4/2/2023,28452.74,28530,27856.43,28171.87,37365.65692,1.68E+12,1053600933,938464,17897.01839,504647268.1,0
4/3/2023,28171.87,28500.99,27200.24,27800,79180.01405,1.68E+12,2214361049,1651062,40534.82008,1133865764,0
4/4/2023,27800,28444.44,27662.79,28165.47,49722.55691,1.68E+12,1397141465,1102007,25083.95234,704845402.4,0
4/5/2023,28165.47,28775,27805.1,28170.01,60737.64732,1.68E+12,1721098539,1262730,30556.88672,865971090.2,0
4/6/2023,28170.01,28182.05,27711,28033.82,40118.94963,1.68E+12,1122713088,934548,19308.64369,540384260.9,0
4/7/2023,28033.83,28100,27766.94,27906.33,24762.09387,1.68E+12,691323748.9,655634,11983.13367,334559478.5,0
4/8/2023,27906.34,28154.99,27859.02,27938.38,19479.96735,1.68E+12,545324518.7,624159,9729.24214,272366679.3,0
4/9/2023,27938.38,28530,27800,28323.76,32531.16101,1.68E+12,913915923.7,777589,16885.70757,474454325.4,0
4/10/2023,28323.76,29770,28170,29637.34,67754.0622,1.68E+12,1955300943,1285695,36147.62326,1043138688,0
4/11/2023,29637.35,30550,29590,30200.42,67990.07621,1.68E+12,2046078278,1340458,34766.92718,1046250622,0
4/12/2023,30200.43,30486,29637.4,29888.07,62049.48451,1.68E+12,1863497606,1246556,31136.38576,935223730.6,0
4/13/2023,29888.07,30595,29854.59,30373.84,51934.11731,1.68E+12,1571091101,1054144,26767.65298,809748635,0
4/14/2023,30373.84,31000,29966,30466.93,75984.19452,1.68E+12,2323267494,1504180,38406.59006,1174371284,0
4/15/2023,30466.93,30595.6,30202,30295.09,25429.81247,1.68E+12,772211097.6,732418,12424.34509,377293528.3,0
4/16/2023,30295.1,30549.99,30120,30304.65,26431.99322,1.68E+12,801322926.2,708233,13163.73591,399115587,0
4/17/2023,30304.66,30316.06,29240.65,29430.27,56441.81127,1.68E+12,1675287761,1137294,26880.17771,797711012.8,0
4/18/2023,29430.27,30485,29096.78,30380.01,62004.89434,1.68E+12,1861001492,1141562,32417.57068,972769560.7,0
4/19/2023,30380.01,30413.53,28520,28797.1,86575.48656,1.68E+12,2541283888,1699891,41467.78872,1217556267,0
4/20/2023,28797.1,29088.3,28010,28243.65,76879.09372,1.68E+12,2198854031,1434642,36919.58585,1055949766,0
4/21/2023,28243.65,28374.02,27125,27262.84,77684.7679,1.68E+12,2164667612,1463628,38419.13612,1070540576,0
4/22/2023,27262.84,27882.72,27140.35,27816.85,36023.69686,1.68E+12,989379475.3,859500,18612.89655,511200971.6,0
4/23/2023,27816.85,27816.85,27311.25,27590.6,34812.09581,1.68E+12,959389698.8,873485,17610.47671,485328645.7,0
4/24/2023,27590.59,28000,26942.82,27510.93,53111.56874,1.68E+12,1458406516,1211080,25641.28044,704079582.7,0
4/25/2023,27510.93,28399.99,27192,28300.79,52325.14637,1.68E+12,1446329375,1087067,26833.47192,742069217,0
4/26/2023,28300.8,30036,27235,28415.29,129228.404,1.68E+12,3719701462,2261942,64540.55521,1857698379,0
4/27/2023,28415.29,29890,28378.86,29472.77,95430.82431,1.68E+12,2784859692,1990148,48601.97474,1418439306,0
4/28/2023,29472.77,29599.54,28891,29311.7,54298.16578,1.68E+12,1590683772,1129240,26659.2164,780784851.5,0
4/29/2023,29311.69,29448.88,29031,29230.45,20466.83058,1.68E+12,599466910,619319,10024.59978,293627195.7,0
4/30/2023,29230.45,29969.39,29079.59,29233.21,39752.5372,1.68E+12,1172155268,949458,19894.27252,586711670.6,0
5/1/2023,29233.2,29337.34,27666.95,28068.26,64433.65958,1.68E+12,1828221139,1362793,30761.9269,872712018.2,0
5/2/2023,28068.26,28879.88,27872,28669.86,50824.5224,1.68E+12,1441733922,1174697,24789.36748,703206831.8,0
5/3/2023,28669.85,29266.66,28113.69,29026.16,64615.79213,1.68E+12,1845961219,1502909,32291.20998,922549963.3,0
5/4/2023,29026.16,29379.83,28663.64,28838.16,42575.47501,1.68E+12,1233816136,961542,20470.2124,593281438.9,0
5/5/2023,28838.16,29677,28800,29505.61,58415.83048,1.68E+12,1709786815,1288027,29071.98606,850975342.6,0
5/6/2023,29505.6,29820,28300,28848.2,49249.28459,1.68E+12,1429517893,1221021,23315.95073,676717267,0
5/7/2023,28848.19,29138.29,28395.23,28430.1,30003.41028,1.68E+12,865838535.3,855425,14904.01102,430162358.6,0
5/8/2023,28430.09,28631.01,27262,27668.79,68244.36179,1.68E+12,1903052695,1600637,32347.56935,901988104.1,0
5/9/2023,27668.8,27818,27353,27628.27,40113.31069,1.68E+12,1106923908,1003698,20094.09737,554561922.8,0
5/10/2023,27628.28,28331.42,26777,27598.75,71155.11355,1.68E+12,1971173412,1534579,34398.83676,953153016.5,0
5/11/2023,27598.74,27630.14,26702.05,26968.62,47635.31365,1.68E+12,1295799109,1257000,23270.11723,632925807.5,0
5/12/2023,26968.61,27091.12,25811.46,26795.01,67207.93494,1.68E+12,1777052128,1351633,33147.27251,876487224.3,0
5/13/2023,26795.01,27045.45,26692.03,26775.28,22814.90421,1.68E+12,612062852.1,605049,10959.29947,294038915,0
5/14/2023,26775.27,27200,26560.53,26917.62,21594.8036,1.68E+12,580801698,629537,10672.14983,287060095.3,0
5/15/2023,26917.61,27663.59,26726,27162.14,40430.08333,1.68E+12,1104633264,935914,19301.24631,527237637.3,0
5/16/2023,27162.15,27296.89,26852.11,27033.84,33270.45451,1.68E+12,900273404.6,815642,15970.99932,432214355.1,0
5/17/2023,27033.85,27500,26544.71,27405.61,42958.97785,1.68E+12,1159714528,1016823,21634.02212,584185553.8,0
5/18/2023,27405.62,27485.33,26361.2,26821.28,49198.65143,1.68E+12,1330745573,1057318,23659.89374,640128055.9,0
5/19/2023,26821.28,27183.6,26630,26880.26,28754.13544,1.68E+12,772864757.2,756295,13622.24812,366169697.4,0
5/20/2023,26880.26,27150,26825.11,27102.43,14434.54718,1.68E+12,389225653.7,481382,6769.94368,182562924.6,0
5/21/2023,27102.42,27277.55,26666.03,26747.78,21347.87279,1.68E+12,575213570.3,568937,9855.43959,265526847.3,0
5/22/2023,26747.78,27099.89,26538.21,26849.27,26458.83828,1.68E+12,709594996.7,717111,12639.67925,338982776.5,0
5/23/2023,26849.28,27495.83,26798.11,27219.61,38700.83858,1.68E+12,1054565782,816399,18966.20117,516737777.3,0
5/24/2023,27219.61,27219.61,26080.5,26329.01,54393.0657,1.68E+12,1442636235,1012767,26698.91191,707870181.8,0
5/25/2023,26329,26631.98,25871.89,26473.79,37435.44895,1.69E+12,984117789.7,753125,17773.08882,467287939.9,0
5/26/2023,26473.8,26932.16,26327.24,26705.92,35061.18713,1.69E+12,932817724.6,655755,16507.37461,439209106.7,0
5/27/2023,26705.93,26895,26551,26854.27,15095.6867,1.69E+12,403337263,415694,7152.30076,191116596.8,0
5/28/2023,26854.28,28261.32,26764.36,28065,43916.00855,1.69E+12,1205762342,843861,23346.55866,640869473.6,0
5/29/2023,28065.01,28447.14,27524.6,27736.4,42385.41945,1.69E+12,1182678582,805579,20199.85331,563722083.7,0
5/30/2023,27736.39,28038.59,27554,27694.4,32686.75371,1.69E+12,908653906,745633,15196.52438,422438614.9,0
5/31/2023,27694.39,27835.51,26839.01,27210.35,46588.80573,1.69E+12,1265952179,908537,21962.66824,596493723.4,0
6/1/2023,27210.36,27350,26605.05,26817.93,39217.8088,1.69E+12,1055132510,814389,18620.69161,500960557.9,0
6/2/2023,26817.93,27300,26505,27242.59,36380.90269,1.69E+12,983857061.6,811087,18134.67738,490485191.8,0
6/3/2023,27242.59,27333.29,26914.93,27069.22,16595.34117,1.69E+12,450588672.5,466520,7745.7868,210327639.6,0
6/4/2023,27069.22,27455.02,26951,27115.21,19258.41049,1.69E+12,523747237.4,504474,9511.72432,258699846.5,0
6/5/2023,27115.2,27129.33,25388,25728.2,65805.60305,1.69E+12,1722665798,1420829,30583.35138,799867474.2,0
6/6/2023,25728.2,27355.33,25351.02,27230.08,68392.60438,1.69E+12,1797636024,1345725,35083.7879,922716234.2,0
6/7/2023,27230.07,27391.77,26125.01,26339.34,59619.44364,1.69E+12,1589291468,1311928,28095.50924,749083400.1,0
6/8/2023,26339.34,26810,26210,26498.61,31075.51083,1.69E+12,823023638.2,848252,14614.60741,387105933.4,0
6/9/2023,26498.62,26783.33,26269.91,26477.81,27934.7097,1.69E+12,741158215.1,746911,12757.07361,338454644.9,0
6/10/2023,26477.8,26533.87,25358,25841.21,64944.60108,1.69E+12,1673795235,1713871,31558.13098,813190388.2,0
6/11/2023,25841.22,26206.88,25634.7,25925.55,30014.29595,1.69E+12,776111471.9,833902,14266.10759,368954010.8,0
6/12/2023,25925.54,26106.48,25602.11,25905.19,29900.50893,1.69E+12,773303698.9,858037,14219.97114,367770742.7,0
6/13/2023,25905.2,26433.21,25712.57,25934.25,41065.60853,1.69E+12,1068985237,1007138,20120.32689,523776704.2,0
6/14/2023,25934.24,26098,24820.56,25128.6,45077.31608,1.69E+12,1152808417,957418,20726.13761,530122336.4,0
6/15/2023,25128.6,25759.01,24800,25598.49,48664.86063,1.69E+12,1224436975,943268,24035.81623,604884325.2,0
6/16/2023,25598.49,26518,25175.56,26345,51596.91662,1.69E+12,1335158159,926194,24055.65943,622525707.6,0
6/17/2023,26345.01,26839.99,26181,26516.99,27842.2195,1.69E+12,738491809.9,666967,13843.65158,367248705,0
6/18/2023,26516.99,26700,26255.85,26339.97,21538.31022,1.69E+12,571013013.9,555956,10367.07533,274864183.4,0
6/19/2023,26339.98,27068.09,26256.61,26844.35,35872.65974,1.69E+12,954193987.3,732735,17593.19977,468128198.1,0
6/20/2023,26844.35,28402.74,26652,28307.99,69666.95525,1.69E+12,1912797984,1189024,35052.57462,962782935.7,0
6/21/2023,28308,30800,28257.99,29993.89,108926.4041,1.69E+12,3210301129,1872873,55846.96952,1646165465,0
6/22/2023,29993.89,30500,29525.61,29884.92,59054.5646,1.69E+12,1775822104,1146092,27902.93312,839284260.2,0
6/23/2023,29884.92,31431.94,29800,30688.5,73931.89635,1.69E+12,2265077496,1338533,36289.3174,1112439185,0
6/24/2023,30688.51,30800,30250,30527.43,30513.30135,1.69E+12,933244397.7,776343,14497.56447,443500647.9,0
6/25/2023,30527.44,31046.01,30277.49,30462.66,30223.44801,1.69E+12,926316644.4,789910,14627.97473,448414594.6,0
6/26/2023,30462.67,30666,29930,30267.99,45180.41489,1.69E+12,1367837658,954783,22277.58284,674540668.6,0
6/27/2023,30267.99,30994.97,30226.17,30692.44,42699.64157,1.69E+12,1306206257,824373,21151.29517,647203906.8,0
6/28/2023,30692.44,30709.74,29858.8,30077.41,40463.51937,1.69E+12,1224103638,895470,19176.75428,580226725.8,0
6/29/2023,30077.4,30843.98,30049.98,30447.31,36330.62903,1.69E+12,1107940390,758428,17834.38857,543872730.3,0
6/30/2023,30447.31,31282,29500,30472,89419.07618,1.69E+12,2726355506,1559366,44319.81254,1351735333,0
7/1/2023,30471.99,30661.6,30320.57,30585.9,17501.75075,1.69E+12,533859338.1,567975,8102.13876,247175149,0
7/2/2023,30585.9,30791,30155,30617.03,23286.41019,1.69E+12,711031423.4,591533,10630.2474,324616032,0
7/3/2023,30617.02,31380,30570.27,31156.2,43761.64311,1.69E+12,1352635340,781855,20885.94331,645698735.4,0
7/4/2023,31156.2,31350.69,30620,30766.51,33206.11943,1.69E+12,1028794009,779472,14107.36566,437126154.1,0
7/5/2023,30766.52,30878.07,30200,30504.81,33215.67122,1.69E+12,1013694790,827926,15619.11716,476478254.9,0
7/6/2023,30504.8,31500,29850.45,29895.43,71319.6261,1.69E+12,2181763649,1397042,33952.63237,1039137135,0
7/7/2023,29895.42,30449,29701.02,30344.7,34070.53895,1.69E+12,1027461795,912948,14875.86309,448638761.4,0
7/8/2023,30344.7,30386.81,30044.47,30284.63,13094.59042,1.69E+12,395759717.6,480214,5990.91468,181083431.2,0
7/9/2023,30284.63,30445.52,30061.12,30160.71,15388.50196,1.69E+12,465781514.3,473168,7017.35093,212433521.9,0
7/10/2023,30160.71,31045.78,29950,30411.57,41262.87652,1.69E+12,1254289038,896853,19574.2347,595390893.1,0
7/11/2023,30411.57,30813.63,30300,30622.1,28476.83311,1.69E+12,868966244.2,691213,13670.16079,417204801.2,0
7/12/2023,30622.1,30983.25,30210,30380,38108.99669,1.69E+12,1166497472,784195,18251.27965,558742524.9,0
7/13/2023,30380,31804.2,30251,31454.23,70772.51836,1.69E+12,2194927210,1301632,36084.84178,1119542855,0
7/14/2023,31454.23,31630,29900,30312.01,60749.48424,1.69E+12,1869443274,1274387,28513.77996,877642037.8,0
7/15/2023,30312,30390.9,30200,30289.52,14118.55329,1.69E+12,427921094.3,488354,6430.54981,194912673.9,0
7/16/2023,30289.52,30441.46,30064.29,30231.99,15760.1281,1.69E+12,477189328,494225,7322.44372,221713710.2,0
7/17/2023,30232,30336.96,29659.2,30138,30882.76839,1.69E+12,929647644.2,816466,14352.21893,432105955.5,0
7/18/2023,30138.01,30239.78,29512,29859.13,30003.8601,1.69E+12,897157095.5,754775,13771.19621,411748868.1,0
7/19/2023,29859.14,30189.09,29761.96,29909.21,25657.36137,1.69E+12,769254865.3,617415,12260.98321,367624217.9,0
7/20/2023,29909.21,30417.46,29570.96,29800,37540.68193,1.69E+12,1125950644,749723,18061.33493,541742405.5,0
7/21/2023,29800,30061.7,29726.34,29901.72,23881.40865,1.69E+12,713123417.8,555611,11566.3884,345404092.6,0
7/22/2023,29901.72,29999,29625.1,29794,14660.40467,1.69E+12,437785700.3,423988,6725.50525,200848375.4,0
7/23/2023,29793.99,30350,29730,30083.75,18292.78637,1.69E+12,548940321.1,519434,8889.35695,266761143.4,0
7/24/2023,30083.75,30099.58,28861.9,29176.5,39628.99691,1.69E+12,1162562414,869107,18047.66786,529388757.5,0
7/25/2023,29176.5,29376,29047.65,29228.91,21565.7478,1.69E+12,629531351.1,533797,10257.29455,299466722.2,0
7/26/2023,29228.91,29690,29096.94,29351.96,33931.63366,1.69E+12,995569172.1,750401,15987.94266,469155943.8,0
7/27/2023,29351.95,29567.49,29083.85,29222.78,22476.47626,1.69E+12,659594157.3,583045,10384.95749,304728875.7,0
7/28/2023,29222.78,29542.22,29123.12,29314.14,23993.61627,1.69E+12,702705076.8,543177,11422.36141,334588917.1,0
7/29/2023,29314.14,29406.92,29256.18,29352.9,10851.36844,1.69E+12,318276733.9,339750,5443.09222,159659088.2,0
7/30/2023,29352.9,29449,29033.24,29281.09,15706.97441,1.69E+12,459830379.7,454846,7720.41654,226012721.4,0
7/31/2023,29281.09,29530,29101.8,29232.25,22605.48964,1.69E+12,663025204.2,563115,11029.2258,323482162.3,0
8/1/2023,29232.26,29739.25,28585.7,29705.99,44719.65162,1.69E+12,1299160215,900141,21831.75056,634595648.9,0
8/2/2023,29705.99,30047.5,28927.5,29186.01,48181.65141,1.69E+12,1419729745,945158,22953.8144,676256840.3,0
8/3/2023,29186,29433.33,28968,29193.64,26476.91994,1.69E+12,773302705.5,651970,12901.09228,376856740.5,0
8/4/2023,29193.65,29333.08,28807.54,29113.99,23551.95217,1.69E+12,686643453.4,544850,10539.62903,307284659.3,0
8/5/2023,29114,29152.23,28978.64,29072.13,11645.52018,1.69E+12,338478560.1,331924,5491.4962,159611625.2,0
8/6/2023,29072.13,29205.09,28991.88,29088.42,13178.1972,1.69E+12,383209498.9,338654,6471.24487,188192943.7,0
8/7/2023,29088.43,29276.78,28701.03,29211.06,30966.87746,1.69E+12,899492595.7,671438,15375.49318,446702609.6,0
8/8/2023,29211.06,30244,29146.45,29770.42,45700.53392,1.69E+12,1352934532,877168,24189.62133,716161501.6,0
8/9/2023,29770.41,30160,29376.67,29581.99,38003.88725,1.69E+12,1130396850,750252,18700.85778,556446376.3,0
8/10/2023,29581.99,29738,29320.2,29455.75,23463.45373,1.69E+12,692863472.1,513691,11204.06553,330886650.2,0
8/11/2023,29455.76,29564.52,29252.45,29426.03,20637.0443,1.69E+12,607176051.3,437828,9803.94004,288451712.1,0
8/12/2023,29426.02,29481.35,29381.56,29430.17,8971.48068,1.69E+12,263949405.5,310852,4181.99127,123039182.2,0
8/13/2023,29430.18,29474.65,29272.32,29303.84,11101.70947,1.69E+12,326264625.2,341726,5257.07008,154501729.2,0
8/14/2023,29303.85,29695.32,29102.45,29430.93,31443.11532,1.69E+12,924613476.7,671592,15036.11048,442247506.2,0
8/15/2023,29430.92,29499.26,29059.6,29200,27503.87691,1.69E+12,806683957.3,591162,12751.63951,374046205.3,0
8/16/2023,29200.01,29259.85,28723.08,28730.51,32996.69854,1.69E+12,959870747,768028,14761.86053,429510396.4,0
8/17/2023,28730.51,28783.48,25166,26623.41,100271.5403,1.69E+12,2755821274,1976577,47495.99471,1302553963,0
8/18/2023,26623.41,26832.6,25619,26054,69790.65711,1.69E+12,1834219524,1293122,33522.24573,881095856.2,0
8/19/2023,26054,26281,25801.09,26100.01,26160.75343,1.69E+12,680623880.8,615764,12952.29598,337010159.8,0
8/20/2023,26100.01,26299,25971.05,26189.99,19056.91209,1.69E+12,497880752.2,451543,9909.1293,258890029.1,0
8/21/2023,26190,26258.42,25812,26126.92,30267.24233,1.69E+12,788205156.3,565987,14052.07264,365942107.3,0
8/22/2023,26126.92,26139.42,25300,26056,34247.06688,1.69E+12,886782344.2,603624,16436.92888,425661908.6,0
8/23/2023,26055.99,26819.27,25812.82,26432.72,44023.69978,1.69E+12,1156326252,673711,21955.66524,576734438.3,0
8/24/2023,26432.71,26577.87,25864,26180.05,30205.22116,1.69E+12,792966965.9,575619,13987.93493,367233375.4,0
8/25/2023,26180.05,26314.05,25777.15,26060.01,27753.33772,1.69E+12,722611079.2,611438,13258.65894,345214226.9,0
8/26/2023,26060,26125.77,25985.92,26017.37,10022.22322,1.69E+12,261041530.5,329412,4681.90628,121952627.6,0
8/27/2023,26017.38,26182.23,25966.11,26101.77,12099.64216,1.69E+12,315548363,349090,6170.48664,160918200.4,0
8/28/2023,26101.78,26253.99,25864.5,26120,22692.62655,1.69E+12,591008939.2,523057,10912.40549,284226173.8,0
8/29/2023,26120,28142.85,25922,27716.34,74251.99488,1.69E+12,2023326051,1137083,37945.55071,1034244032,0
8/30/2023,27716.34,27768.57,27017.24,27299.99,35448.25848,1.69E+12,969086451.2,690292,16715.57712,456926409.7,0
8/31/2023,27299.99,27587.51,25655.01,25940.78,51032.80401,1.69E+12,1360373186,944690,24598.11397,655707233.9,0
9/1/2023,25940.77,26156,25333.75,25805.05,41032.15056,1.69E+12,1059444592,881179,19960.9903,515429946.2,0
9/2/2023,25805.04,25987.5,25752.47,25869.51,16250.77698,1.69E+12,419812969.9,567728,7634.91416,197234437,0
9/3/2023,25869.52,26135,25800,25971.21,17474.47667,1.69E+12,453100690.1,496412,8583.16498,222581536,0
9/4/2023,25971.21,26108.02,25631.21,25826.02,21777.59609,1.69E+12,563532890.6,596830,10177.3686,263365883.4,0
9/5/2023,25826.03,25915.49,25562.62,25792.1,21323.39337,1.69E+12,548893707.6,566736,9926.65838,255537038.5,0
9/6/2023,25792.11,26040,25372.51,25759.95,27262.52386,1.69E+12,700763180.8,636302,12736.70564,327416444.8,0
9/7/2023,25759.95,26443.14,25615.38,26255,27687.49567,1.69E+12,718923008.9,631929,13506.19156,350741324.3,0
9/8/2023,26255,26445.5,25647.26,25910.5,28999.76471,1.69E+12,754184537.1,646852,14238.89945,370236844.4,0
9/9/2023,25910.5,25945.09,25796.64,25901.61,10980.62277,1.69E+12,284109473.8,359038,5212.44349,134863388.8,0
9/10/2023,25901.6,26033.66,25570.57,25841.61,18738.26914,1.69E+12,483577459.2,489773,8747.51072,225752901,0
9/11/2023,25841.6,25900.69,24901,25162.52,41682.32,1.69E+12,1057371885,864138,19664.90243,498821645.4,0
9/12/2023,25162.53,26567,25131.48,25840.1,56434.38537,1.69E+12,1464393037,1047056,27720.5183,719147320,0
9/13/2023,25840.1,26405.22,25764.17,26222,31610.82753,1.69E+12,825437881.5,714880,15287.00038,399099781.6,0
9/14/2023,26222,26860.49,26126.77,26522.73,38333.1725,1.69E+12,1015267320,799278,19440.45467,514863794.4,0
9/15/2023,26522.73,26888,26224,26600,26227.29369,1.69E+12,695203258,654094,12600.39115,334045930.8,0
9/16/2023,26599.99,26777,26445,26559.67,13960.93351,1.69E+12,370889866.5,526416,6508.91352,172926781.4,0
9/17/2023,26559.67,26623.25,26399,26527.51,12998.10277,1.70E+12,344703727.6,476775,6359.89459,168675580,0
9/18/2023,26527.5,27409,26377.35,26762.51,43000.43256,1.70E+12,1158780348,938705,21551.71605,580912488.8,0
9/19/2023,26762.5,27483.57,26667.79,27210.26,36190.52187,1.70E+12,981539255.6,898076,17851.15558,484061308.1,0
9/20/2023,27210.25,27388.63,26800,27125,34207.21867,1.70E+12,927206076,867288,16983.43086,460402346.2,0
9/21/2023,27125.01,27159.6,26377.7,26568.08,34476.82662,1.70E+12,920768143.4,823416,16878.78202,450738363.9,0
9/22/2023,26568.08,26743.38,26468.77,26580.14,18198.2292,1.70E+12,484331618.9,567149,8484.09679,225805692.7,0
9/23/2023,26580.14,26632.81,26509,26575.96,9440.7026,1.70E+12,250873957.4,421717,4387.1973,116581214.1,0
9/24/2023,26575.97,26738.54,26122.08,26248.38,15706.65771,1.70E+12,416368301.4,545045,7547.06342,200078452,0
9/25/2023,26248.39,26446.15,25990.46,26304.81,26266.2039,1.70E+12,688252596.4,873488,12654.58207,331622453.2,0
9/26/2023,26304.8,26397.46,26088.34,26221.67,18495.35066,1.70E+12,485217905,697727,8813.76144,231246870.5,0
9/27/2023,26221.68,26850,26112.06,26372.99,34771.57978,1.70E+12,918797815,939690,16813.75506,444221386.4,0
9/28/2023,26373,27308.48,26342.4,27021.39,44517.83491,1.70E+12,1193420040,1158974,22463.19242,602340703.6,0
9/29/2023,27021.39,27244.89,26665.16,26906.96,28478.76219,1.70E+12,767827314.9,878610,14409.35554,388591243.3,0
9/30/2023,26906.96,27094.99,26886.31,26962.56,12804.62307,1.70E+12,345406056.7,534908,6221.24272,167818583.1,0
10/1/2023,26962.57,28065.51,26954.09,27992.57,24602.81468,1.70E+12,674657122,883593,12815.98694,351622961.5,0
10/2/2023,27992.58,28580,27281.44,27494.51,57071.14241,1.70E+12,1600944483,1464158,28423.61,797598852.5,0
10/3/2023,27494.51,27676.52,27160.5,27426.46,28928.96555,1.70E+12,794301815.4,1202377,13562.03527,372402100.8,0
10/4/2023,27426.45,27839.72,27202,27778.57,29816.142,1.70E+12,820421385.3,1188381,15077.70185,414806576.3,0
10/5/2023,27778.57,28120.39,27352,27410.39,30681.49619,1.70E+12,849415594,1210397,14985.99405,415039706.6,0
10/6/2023,27410.39,28295,27175.94,27931.09,37983.24277,1.70E+12,1052864394,1326700,19091.24006,529241188.6,0
10/7/2023,27931.1,28029.67,27842.08,27956.67,13348.83825,1.70E+12,372820279.5,641623,6392.35089,178534947.8,0
10/8/2023,27956.67,28095.14,27687.5,27917.05,19693.56921,1.70E+12,549839951.5,822730,9216.08271,257333249.5,0
10/9/2023,27917.06,27987.93,27260,27590.12,31534.74639,1.70E+12,870014634.4,1156525,15077.43003,415887241.1,0
10/10/2023,27590.12,27735,27298,27390.12,22776.84383,1.70E+12,626258724.3,1002272,10851.22317,298354384.7,0
10/11/2023,27390.12,27477.39,26538.66,26875.52,37349.44706,1.70E+12,1007065586,1336479,17460.0774,470620209.8,0
10/12/2023,26875.52,26947.04,26555,26759.63,23428.64112,1.70E+12,626909068.4,1066082,11128.85943,297794983.5,0
10/13/2023,26759.63,27130,26685,26862,24115.76499,1.70E+12,647553796.4,1035322,11209.65389,301049285.7,0
10/14/2023,26862,26989.58,26789,26852.48,10417.25576,1.70E+12,280059019.1,517837,4378.85219,117730324.8,0
10/15/2023,26852.48,27293.33,26808.25,27154.15,15274.6917,1.70E+12,412673965.3,682942,7802.69243,210833694.1,0
10/16/2023,27154.14,30000,27112.66,28500.78,78399.22445,1.70E+12,2210785548,2289339,40738.04173,1148700589,0
10/17/2023,28500.77,28613.65,28069.32,28395.91,38428.44532,1.70E+12,1090741746,1345810,18994.06799,539218488.3,0
10/18/2023,28395.91,28982.36,28142.87,28320,32162.47591,1.70E+12,914773525.2,1215235,15590.14442,443515753.8,0
10/19/2023,28320,28916.89,28100.66,28713.71,35895.50179,1.70E+12,1023984017,1330256,18427.23743,525695852.6,0
10/20/2023,28713.71,30207.55,28578.29,29669.04,59422.0992,1.70E+12,1753411193,1915748,29466.75927,869634841.3,0
10/21/2023,29669.05,30379.99,29464.77,29909.8,27517.51897,1.70E+12,821964508.4,1152137,13836.12444,413323530.3,0
10/22/2023,29909.8,30248,29640,29992.46,22852.54563,1.70E+12,683854827.9,1008299,11161.46844,334011129.2,0
10/23/2023,29992.46,34741.91,29883.6,33069.99,93513.64246,1.70E+12,2941620023,2839938,47839.23087,1505815244,0
10/24/2023,33069.99,35280,32832.34,33922.73,115265.0242,1.70E+12,3933194868,2850160,57409.31981,1959449469,0
10/25/2023,33922.73,35132.85,33679.05,34496.05,54887.02529,1.70E+12,1888210826,1643976,26150.50377,900236395.4,0
10/26/2023,34496.05,34824.13,33751,34151.66,39744.66255,1.70E+12,1363077907,1382785,18528.43061,635547858.5,0
10/27/2023,34151.66,34245,33390.95,33892.02,32330.40106,1.70E+12,1096889423,1112240,14310.32429,485405697.9,0
10/28/2023,33892.01,34493.33,33860,34081,16880.13144,1.70E+12,575936523.3,607438,8313.30759,283656619.6,0
10/29/2023,34081.01,34750.11,33930,34525.89,20685.52176,1.70E+12,711652985.2,717480,10053.96096,345933681.8,0
10/30/2023,34525.88,34856,34062.84,34474.73,33657.95976,1.70E+12,1159771908,1117727,15237.56781,525162190.5,0
10/31/2023,34474.74,34720.49,34025,34639.77,32737.89822,1.70E+12,1125442444,1179053,15843.795,544722903.5,0
11/1/2023,34639.78,35582,34097.39,35421.43,53473.28165,1.70E+12,1856348820,1624635,25779.0029,895387891.5,0
11/2/2023,35421.43,35984.99,34300,34941.59,48015.57732,1.70E+12,1686141698,1450837,23303.3535,818365719,0
11/3/2023,34941.58,34946.5,34120,34716.78,39071.20644,1.70E+12,1347962832,1237373,19168.85669,661176167.8,0
11/4/2023,34716.78,35255,34585.18,35062.07,18377.55545,1.70E+12,639958598.4,794787,9229.16649,321479754.9,0
11/5/2023,35062.06,35380,34448,35011.88,24528.73376,1.70E+12,859350974,1038468,11870.33193,415912075.9,0
11/6/2023,35011.89,35276.33,34725.9,35046.09,22346.47086,1.70E+12,782427702.3,988246,10770.27727,377126281.2,0
11/7/2023,35046.09,35888,34523.06,35399.12,38688.73692,1.70E+12,1358031361,1352796,19375.26868,680382009.7,0
11/8/2023,35399.13,36106,35100,35624.72,33401.34137,1.70E+12,1185492160,1132568,17192.8245,610314635.4,0
11/9/2023,35624.72,37972.24,35534.05,36701.09,82537.88885,1.70E+12,3033417923,2138765,42156.81236,1550254981,0
11/10/2023,36701.1,37526,36324.71,37301.63,43414.04898,1.70E+12,1605069175,1297729,21388.56879,790671818.8,0
11/11/2023,37301.63,37408.26,36666.93,37130,22984.97235,1.70E+12,851924612.7,923300,10728.65792,397673179.7,0
11/12/2023,37129.99,37222.22,36731.1,37064.13,17687.18874,1.70E+12,655570813.1,810885,8506.46051,315285367.5,0
11/13/2023,37064.13,37417.99,36333,36462.93,32798.18252,1.70E+12,1208037462,1217191,15442.44512,568916594.9,0
11/14/2023,36462.93,36744,34800,35551.19,45503.68416,1.70E+12,1639130785,1404428,21205.18615,763841642.9,0
11/15/2023,35551.2,37980,35360,37858.2,53569.13385,1.70E+12,1963249657,1545427,28142.1424,1031669502,0
11/16/2023,37858.2,37929.54,35500,36163.51,47490.39566,1.70E+12,1744503339,1542446,22214.04928,815932555.1,0
11/17/2023,36163.51,36800,35861.1,36613.92,38283.61112,1.70E+12,1391225051,1349322,18403.36411,668865883.1,0
11/18/2023,36613.91,36845.49,36178.58,36568.1,17102.24186,1.70E+12,624434069.5,784498,8101.54756,295795105.4,0
11/19/2023,36568.11,37500,36384.02,37359.86,21246.34648,1.70E+12,781531839.4,862400,10575.25293,389089868.8,0
11/20/2023,37359.85,37750,36677,37448.78,36022.70291,1.70E+12,1343722642,1485050,17591.22652,656245983.7,0
11/21/2023,37448.79,37649.44,35735,35741.65,47646.54804,1.70E+12,1756747496,1936895,22371.42068,824920009.6,0
11/22/2023,35741.65,37861.1,35632.01,37408.34,45051.30697,1.70E+12,1657141022,1648374,23046.71174,847145468.3,0
11/23/2023,37408.35,37653.44,36870,37294.28,23827.92882,1.70E+12,888826648.9,992284,11086.35132,413539343.9,0
11/24/2023,37294.27,38414,37251.51,37713.57,44680.80646,1.70E+12,1688715728,1379414,22349.17236,844803081.6,0
11/25/2023,37713.57,37888,37591.1,37780.67,11396.14464,1.70E+12,430165251.8,569448,5153.91116,194536221.3,0
11/26/2023,37780.67,37814.63,37150,37447.43,21264.53723,1.70E+12,797321193.6,848020,10204.51641,382571274,0
11/27/2023,37447.42,37569.23,36707,37242.7,30001.07376,1.70E+12,1112557435,1238017,14458.63822,536129095.6,0
11/28/2023,37242.7,38377,36868.41,37818.87,37544.46667,1.70E+12,1414360252,1272779,18168.56198,684514270.9,0
11/29/2023,37818.88,38450,37570,37854.64,32994.19107,1.70E+12,1252586506,1131353,15588.96473,591917955.5,0
11/30/2023,37854.65,38145.85,37500,37723.96,24740.29147,1.70E+12,934491059,1007791,11484.45424,433772722.5,0
12/1/2023,37723.97,38999,37615.86,38682.52,43415.66324,1.70E+12,1669750778,1523417,22408.27301,861977420.2,0
12/2/2023,38682.51,39717.14,38641.61,39450.35,26696.92161,1.70E+12,1043421977,1034690,13166.65386,514763687.6,0
12/3/2023,39450.35,40250,39274.86,39972.26,26710.65335,1.70E+12,1059860641,1151524,13333.29632,529259227.2,0
12/4/2023,39972.26,42420,39972.26,41991.1,79272.33059,1.70E+12,3285736844,2112219,38595.61905,1599710862,0
12/5/2023,41991.1,44488,41414,44073.32,67490.74644,1.70E+12,2890205389,2072700,34815.80813,1491813847,0
12/6/2023,44073.82,44297.21,43335.28,43762.69,51431.10492,1.70E+12,2256979506,1876282,25092.62492,1101273363,0
12/7/2023,43762.69,44047.33,42821.1,43273.14,47103.26845,1.70E+12,2046945852,1414759,22635.67672,983629776.5,0
12/8/2023,43273.15,44700,43081.1,44170.99,42900.37556,1.70E+12,1875581755,1311268,20818.67861,910357262.9,0
12/9/2023,44171,44358.02,43584.51,43713.6,24925.97008,1.70E+12,1096487107,987352,11598.00774,510255993.9,0
12/10/2023,43713.59,44049,43563,43789.51,18956.61758,1.70E+12,830485162.6,830667,8841.90643,387376075.4,0
12/11/2023,43789.5,43804.5,40222,41253.4,76663.89804,1.70E+12,3205540836,2087142,36499.24269,1525642878,0
12/12/2023,41253.41,42104.12,40680,41492.39,42722.69773,1.70E+12,1773961284,1526411,21394.91158,888438328.9,0
12/13/2023,41492.38,43475.2,40555,42869.03,45865.99773,1.70E+12,1919703389,1724659,22354.97386,935785466,0
12/14/2023,42869.03,43420,41400,43022.26,42047.05709,1.70E+12,1798740625,1599536,20579.79343,880356342.4,0
12/15/2023,43022.26,43080.81,41666,41940.3,33421.7932,1.70E+12,1416898939,1323628,16321.13654,691713304.7,0
12/16/2023,41940.29,42724.43,41605,42278.03,24118.85747,1.70E+12,1020469628,1180886,12193.50511,515909440.9,0
12/17/2023,42278.02,42424.07,41252,41374.65,27722.11452,1.70E+12,1161963643,1227634,13245.86404,555309260.1,0
12/18/2023,41374.64,42757.81,40542.93,42657.8,46734.0925,1.70E+12,1936003306,1741647,23255.79871,963775419.6,0
12/19/2023,42657.8,43497,41811.1,42275.99,40927.86444,1.70E+12,1747830242,1609188,20163.65946,861082883.3,0
12/20/2023,42275.99,44283,42206,43668.93,48710.2947,1.70E+12,2115813870,1934588,23912.13682,1038694006,0
12/21/2023,43668.92,44242.35,43286.72,43861.8,34624.29384,1.70E+12,1514529919,1500702,17058.89545,746266380.8,0
12/22/2023,43861.79,44398.26,43412.54,43969.04,32783.19638,1.70E+12,1436074498,1404109,16049.22275,703199211,0
12/23/2023,43969.04,43988.68,43291.1,43702.16,16557.1293,1.70E+12,722943825.3,849658,7765.30564,339046509.2,0
12/24/2023,43702.15,43946,42500,42991.5,25144.33496,1.70E+12,1093460635,1137678,11841.26614,514962029.2,0
12/25/2023,42991.5,43802.32,42720.43,43576.13,27021.23992,1.70E+12,1172053387,1168428,13691.2393,593900885.8,0
12/26/2023,43576.12,43592.68,41637.6,42508.93,41010.04282,1.70E+12,1746333612,1475816,21096.16634,898267435.2,0
12/27/2023,42508.93,43677,42098.69,43428.85,36191.21136,1.70E+12,1554082990,1439770,18982.83267,815239612.6,0
12/28/2023,43428.86,43787.57,42241.79,42563.76,35150.52485,1.70E+12,1508408742,1391826,17422.8191,747631903.1,0
12/29/2023,42563.76,43111,41300,42066.95,42597.18912,1.70E+12,1803086285,1571137,21195.34128,897324724.8,0
12/30/2023,42066.94,42612.32,41520.3,42140.28,22906.57818,1.70E+12,964875791,936545,11727.69648,494133887.9,0
12/31/2023,42140.29,42899,41965.84,42283.58,23585.91603,1.70E+12,1001519242,1016484,11997.14865,509478742.7,0
1/1/2024,42283.58,44184.1,42180.77,44179.55,27174.29903,1.70E+12,1169995682,1114623,14331.7318,617352094.6,0
1/2/2024,44179.55,45879.63,44148.34,44946.91,65146.40661,1.70E+12,2944331822,2247532,33817.14447,1527964124,0
1/3/2024,44946.91,45500,40750,42845.23,81194.55173,1.70E+12,3507104564,2658041,39103.99162,1687665203,0
1/4/2024,42845.23,44729.58,42613.77,44151.1,48038.06334,1.70E+12,2095095359,1819944,23605.90059,1030075268,0
1/5/2024,44151.1,44357.46,42450,44145.11,48075.25327,1.70E+12,2100953924,2064845,24015.06426,1049655019,0
1/6/2024,44145.12,44214.42,43397.05,43968.32,17835.06144,1.70E+12,781212883.5,956642,9048.57073,396341787.4,0
1/7/2024,43968.32,44480.59,43572.09,43929.02,23023.8508,1.70E+12,1014635096,1109259,11613.52347,511871007.5,0
1/8/2024,43929.01,47248.99,43175,46951.04,72814.57589,1.70E+12,3298772151,2364464,38728.8053,1755312208,0
1/9/2024,46951.04,47972,44748.67,46110,69927.66617,1.70E+12,3251442073,2637745,34825.45429,1620151226,0
1/10/2024,46110,47695.93,44300.36,46653.99,89911.41203,1.70E+12,4123809482,3133588,46910.79439,2153126701,0
1/11/2024,46654,48969.48,45606.06,46339.16,87470.3296,1.71E+12,4105139605,2998451,44076.1683,2070467940,0
1/12/2024,46339.16,46515.53,41500,42782.73,86327.93707,1.71E+12,3827483736,2809192,41707.58066,1850840879,0
1/13/2024,42782.74,43257,42436.12,42847.99,36118.47464,1.71E+12,1547370612,1434243,17748.09824,760432218.2,0
1/14/2024,42847.99,43079,41720,41732.35,28228.40894,1.71E+12,1202212782,1235727,13690.30843,583261659.7,0
1/15/2024,41732.35,43400.43,41718.05,42511.1,40269.89303,1.71E+12,1718982911,1657611,19924.7603,849997411.1,0
1/16/2024,42511.1,43578.01,42050,43137.95,45045.74589,1.71E+12,1931947150,1716580,24064.55667,1031525442,0
1/17/2024,43137.94,43198,42200.69,42776.1,33266.21388,1.71E+12,1419888431,1438172,16648.20529,710532768,0
1/18/2024,42776.09,42930,40683.28,41327.5,43907.51641,1.71E+12,1839426541,1466087,21085.14336,883292634.2,0
1/19/2024,41327.51,42196.86,40280,41659.03,48342.74559,1.71E+12,1993846467,1641428,24347.5002,1004478721,0
1/20/2024,41659.03,41872.56,41456.3,41696.04,15923.99493,1.71E+12,662768008.2,807324,7557.36632,314535142,0
1/21/2024,41696.05,41881.39,41500.98,41580.33,11730.16301,1.71E+12,489151571,657817,5576.56045,232552207.2,0
1/22/2024,41580.32,41689.65,39431.58,39568.02,55426.19911,1.71E+12,2247452154,2147250,26788.13985,1086650848,0
1/23/2024,39568.02,40176.74,38555,39897.6,57956.63351,1.71E+12,2275851991,2043925,30913.97177,1214417244,0
1/24/2024,39897.59,40555,39484.19,40084.88,39293.82861,1.71E+12,1569704924,1675615,20673.05725,825887009.5,0
1/25/2024,40084.89,40300.24,39550,39961.09,31022.11853,1.71E+12,1238813296,1291233,15685.24919,626369240.4,0
1/26/2024,39961.09,42246.82,39822.52,41823.51,47384.96726,1.71E+12,1951700659,1624861,24674.75551,1016105200,0
1/27/2024,41823.51,42200,41394.34,42120.63,16224.41667,1.71E+12,678418702.4,751148,7485.64978,312938659.2,0
1/28/2024,42120.63,42842.68,41620.81,42031.06,27294.99838,1.71E+12,1154365892,1032493,12971.1882,548670338.6,0
1/29/2024,42031.05,43333,41804.88,43302.7,31542.74207,1.71E+12,1343462280,1197856,15996.88627,681504721.4,0
1/30/2024,43302.71,43882.36,42683.99,42941.1,37619.24546,1.71E+12,1633251086,1316610,19317.29993,838876408.5,0
1/31/2024,42941.1,43745.11,42276.84,42580,39871.13688,1.71E+12,1711665577,1499559,20289.94825,871009715.2,0
2/1/2024,42580,43285.13,41884.28,43082.94,35231.04664,1.71E+12,1497121441,1392269,18134.84304,770635549.5,0
2/2/2024,43082.95,43488,42546.79,43200,29672.14418,1.71E+12,1277919437,1086342,15645.5711,673834785.7,0
2/3/2024,43199.99,43380.01,42880,43011.09,12033.40998,1.71E+12,518775350,609962,5691.78572,245377398.5,0
2/4/2024,43011.1,43119.04,42222,42582.88,17066.89404,1.71E+12,730999557.7,931235,8427.12671,360928641.1,0
2/5/2024,42582.88,43569.76,42258.1,42708.7,29467.75905,1.71E+12,1262620641,1317397,14984.06962,642077579.6,0
2/6/2024,42708.7,43399.98,42574,43098.95,24675.85433,1.71E+12,1061049583,1120760,12810.98205,550866463.7,0
2/7/2024,43098.96,44396.5,42788,44349.6,34392.59915,1.71E+12,1496013692,1378809,17755.87738,772721372.4,0
2/8/2024,44349.6,45614.3,44331.1,45288.65,45439.62231,1.71E+12,2042912128,1863650,22731.52397,1021963500,0
2/9/2024,45288.66,48200,45242.12,47132.77,73503.481,1.71E+12,3453043306,2323884,37360.96419,1754880225,0
2/10/2024,47132.78,48170,46800,47751.09,24802.35936,1.71E+12,1176079378,1323421,12740.69912,604397015.5,0
2/11/2024,47751.08,48592.66,47557.16,48299.99,29958.80837,1.71E+12,1443314886,1407270,15741.38294,758411880,0
2/12/2024,48300,50334.82,47710.01,49917.27,59009.96705,1.71E+12,2898220863,1939394,30797.43359,1512688562,0
2/13/2024,49917.28,50368.61,48300.95,49699.59,55551.56706,1.71E+12,2745025370,1741811,28409.79337,1403783513,0
2/14/2024,49699.6,52043.71,49225.01,51795.17,57046.37401,1.71E+12,2919604457,1859392,29664.5183,1518339681,0
2/15/2024,51795.17,52816.62,51314,51880,53816.03055,1.71E+12,2802825738,1786569,26722.58656,1391971340,0
2/16/2024,51880.01,52572.08,51566,52124.11,37772.25318,1.71E+12,1965003864,1583711,18309.89888,952708587.7,0
2/17/2024,52124.1,52162.82,50625,51642.64,25674.00622,1.71E+12,1319908545,1427773,12655.51593,650426057.2,0
2/18/2024,51642.64,52377,51163.28,52137.67,21992.10363,1.71E+12,1139209588,1375422,11281.34692,584447328.1,0
2/19/2024,52137.68,52488.77,51677,51774.73,29534.99432,1.71E+12,1539600522,1542990,15266.36204,795825023.6,0
2/20/2024,51774.74,52985,50760.37,52258.82,49614.47318,1.71E+12,2574874999,1971912,24994.25062,1297330385,0
2/21/2024,52258.82,52366.8,50625,51849.39,43079.40049,1.71E+12,2210278289,1824860,22239.73293,1140905417,0
2/22/2024,51849.38,52065.78,50940.78,51288.42,35309.44574,1.71E+12,1820949707,1688184,17830.4673,919599483.9,0
2/23/2024,51288.42,51548.54,50521,50744.15,30545.79544,1.71E+12,1559143577,1487039,14610.80906,745820955.3,0
2/24/2024,50744.15,51698,50585,51568.22,16560.4211,1.71E+12,847793393.6,855015,8462.15627,433239599.4,0
2/25/2024,51568.21,51958.55,51279.8,51728.85,18721.63159,1.71E+12,966951114.5,923992,9544.17672,492952522.7,0
2/26/2024,51728.85,54910,50901.44,54476.47,51256.72199,1.71E+12,2710403073,1808909,27198.83551,1438371804,0
2/27/2024,54476.48,57588.15,54450.13,57037.34,67194.98562,1.71E+12,3795949115,2414285,34970.25885,1975472155,0
2/28/2024,57037.35,64000,56691.85,62432.1,118763.4698,1.71E+12,7162581994,3895062,62066.63936,3742433895,0
2/29/2024,62432.11,63676.35,60364.7,61130.98,78425.07603,1.71E+12,4872212871,3169405,39463.06931,2452515505,0
3/1/2024,61130.99,63114.23,60777,62387.9,47737.93473,1.71E+12,2956537378,1947444,24195.70252,1498771144,0
3/2/2024,62387.9,62433.19,61561.12,61987.28,25534.73659,1.71E+12,1582566974,1641808,12691.37721,786583052.1,0
3/3/2024,61987.28,63231.88,61320,63113.97,28994.90903,1.71E+12,1804536273,1992011,14905.186,927868983.7,0
3/4/2024,63113.97,68499,62300,68245.71,84835.16005,1.71E+12,5568877537,3887853,45319.0864,2974396038,0
3/5/2024,68245.71,69000,59005,63724.01,132696.7813,1.71E+12,8674526591,5310706,65991.84526,4318205560,0
3/6/2024,63724.01,67641.1,62779.14,66074.04,78738.85491,1.71E+12,5197743037,3302981,40344.32596,2663883160,0
3/7/2024,66074.04,67980,65551,66823.17,53059.8869,1.71E+12,3548088039,2428227,27935.66302,1867854684,0
3/8/2024,66823.18,69990,66082.66,68124.19,74261.93284,1.71E+12,5044395324,2943927,37711.51458,2563347798,0
3/9/2024,68124.2,68541.1,67861.1,68313.27,19872.89743,1.71E+12,1355964037,1345341,10005.592,682720256,0
3/10/2024,68313.28,69887.61,68094.75,68955.88,38404.66835,1.71E+12,2659307501,2139518,19188.79904,1328747996,0
3/11/2024,68955.88,72800,67024.96,72078.1,75292.82573,1.71E+12,5352704378,3043414,39435.85546,2803359303,0
3/12/2024,72078.1,73000,68620.82,71452.01,68783.54669,1.71E+12,4909667979,3047890,34517.21293,2465202174,0
3/13/2024,71452,73650.25,71333.31,73072.41,52659.71165,1.71E+12,3829764501,2501197,26787.08224,1948382242,0
3/14/2024,73072.4,73777,68555,71388.94,71757.62875,1.71E+12,5132189849,2994869,35676.74833,2552190397,0
3/15/2024,71388.94,72419.71,65600,69499.85,103334.0355,1.71E+12,7065279918,3904445,49844.66515,3409385750,0
3/16/2024,69499.84,70043,64780,65300.63,55926.95336,1.71E+12,3788544203,2729019,27240.19894,1846731512,0
3/17/2024,65300.64,68904.4,64533,68393.48,49742.21589,1.71E+12,3322963634,2449156,25328.29435,1692079618,0
3/18/2024,68393.47,68956,66565.2,67609.99,55691.08088,1.71E+12,3768277912,2464515,28529.67219,1930726566,0
3/19/2024,67610,68124.11,61555,61937.4,101005.3249,1.71E+12,6484805949,3593832,48205.28434,3095258882,0
3/20/2024,61937.41,68100,60775,67840.51,90420.58592,1.71E+12,5769770052,3549793,45523.84281,2907222064,0
3/21/2024,67840.51,68240.47,64529.01,65501.27,53357.48002,1.71E+12,3551223143,2388390,26650.09786,1774833851,0
3/22/2024,65501.28,66649.62,62260,63796.64,51482.37821,1.71E+12,3310481978,2492881,24578.87957,1580940164,0
3/23/2024,63796.64,65999,63000,63990.01,26410.11409,1.71E+12,1706152173,1753566,12749.00823,823892846.7,0
3/24/2024,63990.02,67628.69,63772.29,67209.99,31395.78015,1.71E+12,2059312949,1880774,16689.65617,1095820626,0
3/25/2024,67210,71150,66385.06,69880.01,53431.14486,1.71E+12,3679964074,2632220,27815.58769,1915614174,0
3/26/2024,69880,71561.1,69280,69988,38934.38417,1.71E+12,2738537345,2176807,19498.85666,1371708207,0
3/27/2024,69987.99,71769.54,68359.18,69469.99,49119.35685,1.71E+12,3426458582,2453366,24902.3347,1737325916,0
3/28/2024,69469.99,71552.06,68903.62,70780.6,35439.03239,1.71E+12,2500571208,1799897,18007.26883,1270852447,0
3/29/2024,70780.6,70916.16,69009,69850.54,25445.08353,1.71E+12,1779608477,1522607,11839.0929,828039936.7,0
3/30/2024,69850.53,70321.1,69540,69582.18,13644.61142,1.71E+12,954555919.7,1110488,6423.89367,449436189.7,0
3/31/2024,69582.17,71366,69562.99,71280.01,19396.34433,1.71E+12,1367523707,1181926,10142.47988,715151368.9,0
4/1/2024,71280,71288.23,68062.86,69649.8,41445.32039,1.71E+12,2876486469,1893438,20211.15024,1402849945,0
4/2/2024,69649.81,69674.23,64550,65463.99,71799.82793,1.71E+12,4750030718,2662410,35520.17401,2348263612,0
4/3/2024,65463.99,66903.63,64493.07,65963.28,39887.21778,1.71E+12,2630556596,2172096,20618.58747,1360363531,0
4/4/2024,65963.27,69309.91,65064.52,68487.79,41510.48453,1.71E+12,2795469451,2000945,21013.32173,1415699952,0
4/5/2024,68487.8,68756.67,65952.56,67820.62,37915.23073,1.71E+12,2555458935,1901980,18889.98453,1273220223,0
4/6/2024,67820.63,69692,67447.83,68896,20134.28919,1.71E+12,1373131968,1171460,9973.86412,680800856.2,0
4/7/2024,68896,70326.29,68824,69360.39,21534.74433,1.71E+12,1496213373,1269048,11149.90398,774906774.5,0
4/8/2024,69360.38,72797.99,69043.24,71620,45723.87624,1.71E+12,3270853310,2037025,25309.90487,1811209902,0
4/9/2024,71620,71758.19,68210,69146,39293.90242,1.71E+12,2749007422,1804157,18896.53756,1321865585,0
4/10/2024,69146,71172.08,67518,70631.08,42006.02377,1.71E+12,2901564971,1852170,20269.34809,1401023004,0
4/11/2024,70631.08,71305.89,69567.21,70006.23,31917.25595,1.71E+12,2247473275,1658995,15908.49124,1120249991,0
4/12/2024,70006.22,71227.46,65086.86,67116.52,56072.86229,1.71E+12,3843551585,2496617,25935.86464,1777808491,0
4/13/2024,67116.52,67929,60660.57,63924.51,71395.22019,1.71E+12,4614468628,3341340,33221.6695,2144846150,0
4/14/2024,63924.52,65840,62134,65661.84,61599.17818,1.71E+12,3946124835,2657953,29732.29634,1904847013,0
4/15/2024,65661.85,66867.07,62274.4,63419.99,52389.53069,1.71E+12,3398072232,2539048,25206.68008,1634572977,0
4/16/2024,63419.99,64365,61600,63793.39,53435.29331,1.71E+12,3355338198,2604354,26041.2664,1635683129,0
4/17/2024,63793.4,64499,59678.16,61277.37,50610.54509,1.71E+12,3128625247,2458327,24346.74671,1506361260,0
4/18/2024,61277.38,64117.09,60803.35,63470.08,43601.60918,1.71E+12,2726741449,2142511,20870.20705,1305027168,0
4/19/2024,63470.09,65450,59600.01,63818.01,69774.30271,1.71E+12,4419893235,2828284,34941.50216,2214809735,0
4/20/2024,63818.01,65419,63090.07,64940.59,23137.42975,1.71E+12,1486949581,1376712,11811.8444,759077474.3,0
4/21/2024,64940.58,65695.56,64237.5,64941.15,19316.42152,1.71E+12,1254396628,1390153,9734.71767,632257865,0
4/22/2024,64941.15,67232.35,64500,66819.32,31397.99371,1.71E+12,2071690435,1816591,16466.05497,1086399265,0
4/23/2024,66819.32,67183.01,65765.81,66414,22599.90004,1.71E+12,1502139969,1433915,10854.17402,721404825.8,0
4/24/2024,66414,67070.43,63606.06,64289.59,33595.69637,1.71E+12,2195714862,1784897,16899.50969,1104368114,0
4/25/2024,64289.58,65297.94,62794,64498.34,31341.46338,1.71E+12,2007704069,1375324,14808.62959,948738136.3,0
4/26/2024,64498.33,64820.01,63297.48,63770.01,27085.19346,1.71E+12,1736631357,1025561,13570.23647,870093757.5,0
4/27/2024,63770,63923.41,62391.24,63461.98,20933.06052,1.71E+12,1320337708,912422,9903.95325,624733409.2,0
4/28/2024,63461.98,64370,62781,63118.62,16949.20005,1.71E+12,1078450016,790652,7941.33811,505261267.6,0
4/29/2024,63118.62,64228.35,61765.53,63866,28150.22947,1.71E+12,1765038325,1152296,13986.59437,877053322.3,0
4/30/2024,63866,64734,59191.6,60672,54947.65535,1.71E+12,3372142467,1985671,26385.41614,1620421851,0
5/1/2024,60672.01,60841.63,56552.82,58364.97,81166.46823,1.71E+12,4705572362,2401089,38203.57377,2213404279,0
5/2/2024,58364.97,59625,56911.84,59060.61,47583.81961,1.71E+12,2778840305,1572898,23240.7537,1356148776,0
5/3/2024,59060.6,63333,58811.32,62882.01,43628.40143,1.71E+12,2658193708,1558661,22145.44334,1349687456,0
5/4/2024,62882.01,64540,62541.03,63892.04,24368.69282,1.71E+12,1547468698,1113509,12671.20599,804768764.3,0
5/5/2024,63892.03,64646,62822.17,64012,18526.75029,1.71E+12,1182572240,992921,8954.93439,571783428.2,0
5/6/2024,64012,65500,62700,63165.19,34674.91949,1.72E+12,2218131198,1392557,17179.56031,1099303474,0
5/7/2024,63165.18,64422.41,62261,62312.08,25598.79472,1.72E+12,1624531632,1272898,12502.38281,793575994.2,0
5/8/2024,62312.07,63020.22,60888,61193.03,26121.19004,1.72E+12,1623561041,1415152,12669.58179,787749415.5,0
5/9/2024,61193.03,63429.03,60630,63074.01,30660.8061,1.72E+12,1895849913,1381957,15120.01471,935341755.7,0
5/10/2024,63074,63469.13,60187.12,60799.99,36529.34025,1.72E+12,2255550468,1500643,18066.83174,1116494638,0
5/11/2024,60799.99,61515,60487.09,60825.99,13374.56936,1.72E+12,814928013.5,753281,6223.09555,379263096.2,0
5/12/2024,60825.99,61888,60610,61483.99,12753.13236,1.72E+12,781041632.5,727113,6416.91108,393132351.9,0
5/13/2024,61484,63450,60749.21,62940.08,32733.41839,1.72E+12,2041896627,1371433,16717.90863,1043060982,0
5/14/2024,62940.09,63118.36,61142.77,61577.49,29088.72041,1.72E+12,1800171876,1127939,13815.81443,855088066.2,0
5/15/2024,61577.49,66444.16,61319.47,66206.5,43559.74719,1.72E+12,2794259632,1729454,21797.84094,1398781701,0
5/16/2024,66206.51,66752.01,64602.77,65235.21,31106.3671,1.72E+12,2045507647,1269793,15645.11263,1028962305,0
5/17/2024,65235.21,67451.2,65106.38,67024,26292.23409,1.72E+12,1745971822,1117254,13301.09525,883129353.2,0
5/18/2024,67024,67400.01,66600,66915.2,14441.25774,1.72E+12,967145944.7,734067,6911.13424,462859253.6,0
5/19/2024,66915.2,67700,65857.25,66274.01,18025.30409,1.72E+12,1204989223,823729,8692.17507,581378180.3,0
5/20/2024,66274,71515.56,66060.31,71446.62,50816.7011,1.72E+12,3485474764,1930939,26792.52994,1839346668,0
5/21/2024,71446.62,71979,69162.94,70148.34,49607.4336,1.72E+12,3509345769,2137448,24686.27911,1746693652,0
5/22/2024,70148.34,70666,68842.19,69166.62,27673.18026,1.72E+12,1931700812,1371973,13124.78731,916344293.9,0
5/23/2024,69166.62,70096.12,66312.16,67969.65,40513.17374,1.72E+12,2766790261,1827855,19791.15119,1351640093,0
5/24/2024,67969.66,69250,66600.12,68549.99,28095.83664,1.72E+12,1906438697,1165907,14344.29889,973457354.7,0
5/25/2024,68549.99,69610,68500,69290.57,12130.39418,1.72E+12,837339789,703803,5851.95991,403954862.7,0
5/26/2024,69290.56,69562.23,68128.01,68507.67,11872.11797,1.72E+12,818914879,722849,5934.62083,409411078.5,0
5/27/2024,68507.67,70687.56,68250,69436.43,23136.92737,1.72E+12,1604722198,1219341,11709.62174,812172288.3,0
5/28/2024,69436.43,69591.81,67277.91,68398.39,32622.97042,1.72E+12,2224860226,1459351,15543.09776,1059920452,0
5/29/2024,68398.4,68935.68,67124.65,67652.42,23159.83149,1.72E+12,1573095222,1221044,11748.55954,797928379.4,0
5/30/2024,67652.41,69500,67128,68352.17,28478.2184,1.72E+12,1945001082,1272851,14074.36655,961595245.2,0
5/31/2024,68352.17,69044.1,66670,67540.01,26690.32184,1.72E+12,1812659052,1177860,13258.10182,900414200.1,0
6/1/2024,67540.01,67900,67428.44,67766.85,8837.66133,1.72E+12,598305208,638484,4235.27045,286752060.4,0
6/2/2024,67766.84,68460,67257.47,67765.63,15426.32529,1.72E+12,1046827665,812348,7760.23377,526768921.1,0
6/3/2024,67765.62,70288,67612.48,68809.9,29633.374,1.72E+12,2047757076,1253789,15308.67275,1058024704,0
6/4/2024,68809.89,71063.45,68567.32,70537.84,29619.78489,1.72E+12,2069902137,1254515,14922.96734,1043071242,0
6/5/2024,70537.83,71758,70383.66,71108,28703.18082,1.72E+12,2040073766,1055115,14210.23392,1010053926,0
6/6/2024,71108,71700,70117.64,70799.06,21842.00449,1.72E+12,1551467659,900226,10287.3911,730849194.2,0
6/7/2024,70799.06,71997.02,68420,69355.6,35598.45045,1.72E+12,2507250591,1516415,17318.78051,1220810920,0
6/8/2024,69355.6,69582.2,69168.02,69310.46,9773.82967,1.72E+12,678267390.5,714103,4772.23036,331182466.9,0
6/9/2024,69310.46,69857.14,69130.24,69648.14,9890.56709,1.72E+12,687344656.1,575583,4883.69296,339405376.1,0
6/10/2024,69648.15,70195.94,69172.29,69540,17122.66941,1.72E+12,1192466550,936731,8412.00246,585909223.8,0
6/11/2024,69540,69590.01,66051,67314.24,41436.01588,1.72E+12,2793799020,1782415,19839.8232,1337254655,0
6/12/2024,67314.23,69999,66905,68263.99,37175.32356,1.72E+12,2550285139,1670745,18975.89081,1302069590,0
6/13/2024,68263.98,68449.3,66251.78,66773.01,29079.55571,1.72E+12,1958897961,1518202,13886.14007,935614189.7,0
6/14/2024,66773.01,67370.24,65078,66043.99,28408.18797,1.72E+12,1884451554,1736314,13619.40861,903708200.8,0
6/15/2024,66043.99,66478.48,65857.1,66228.25,11451.80242,1.72E+12,758175888,700886,5495.02083,363796116.5,0
6/16/2024,66228.25,66998.7,66034.5,66676.87,9392.52223,1.72E+12,624653672.6,703295,4750.05166,315940654,0
6/17/2024,66676.86,67298.81,65130,66504.33,27386.16851,1.72E+12,1812061227,1542620,13716.89431,907703353.5,0
6/18/2024,66504.33,66588.23,64060,65175.32,42350.10244,1.72E+12,2755141806,2151711,20076.41361,1305946734,0
6/19/2024,65175.32,65727.54,64666,64974.37,20060.79576,1.72E+12,1307731954,1078458,10289.7818,670875724.3,0
6/20/2024,64974.37,66482.94,64559.15,64869.99,24265.29031,1.72E+12,1584896152,1282687,11828.87934,772646071.2,0
6/21/2024,64869.99,65066.66,63379.35,64143.56,25993.56442,1.72E+12,1665541540,1362617,12543.2596,803462610.7,0
6/22/2024,64143.56,64546.81,63943.82,64262.01,7308.95542,1.72E+12,470027247.3,562832,3756.29045,241583895.5,0
6/23/2024,64262.01,64521,63178.32,63210.01,8224.45447,1.72E+12,526848525,592759,3974.67964,254685735.5,0
6/24/2024,63210.01,63369.8,58402,60293.3,52161.35414,1.72E+12,3180853461,2190787,24495.59428,1493633138,0
6/25/2024,60293.3,62420,60257.06,61806.01,31189.24361,1.72E+12,1914901309,1277481,15360.08458,943071608.5,0
6/26/2024,61806.01,62487.81,60712,60864.99,22485.66463,1.72E+12,1381716993,1112152,11435.02653,702676210.4,0
6/27/2024,60864.98,62389.22,60606.63,61706.47,18344.28631,1.72E+12,1126705165,1062176,9298.265,570914131.1,0
6/28/2024,61706.46,62225.31,60063,60427.84,24821.19255,1.72E+12,1519872032,1479626,12661.53908,775499790.8,0
6/29/2024,60427.84,61224,60383.77,60986.68,11509.55904,1.72E+12,701345872.5,767669,5461.68911,332791254.7,0
6/30/2024,60986.68,63058.76,60712.21,62772.01,17326.30136,1.72E+12,1070250013,1108912,8224.44601,508208752.1,0
7/1/2024,62772.01,63861.76,62497.2,62899.99,24547.10538,1.72E+12,1550980814,1461508,12388.60654,782785773.8,0
7/2/2024,62900,63288.83,61806.28,62135.47,18573.11875,1.72E+12,1160792333,1308816,9453.17931,590763216.6,0
7/3/2024,62135.46,62285.94,59400,60208.58,32160.11127,1.72E+12,1945901233,1839372,15055.45492,910631739.7,0
7/4/2024,60208.57,60498.19,56771,57050.01,54568.77276,1.72E+12,3168619756,2523236,24982.98822,1450509609,0
7/5/2024,57050.02,57546,53485.93,56628.79,81348.24756,1.72E+12,4515040084,3749255,37926.65162,2104682005,0
7/6/2024,56628.79,58475,56018,58230.13,21651.31558,1.72E+12,1235398733,1411065,11083.50401,632724011.5,0
7/7/2024,58230.13,58449.46,55724.37,55857.81,19118.93918,1.72E+12,1094135752,1289229,9081.66872,519830378.9,0
7/8/2024,55857.81,58236.73,54260.16,56714.62,48090.2049,1.72E+12,2699942701,2554389,23963.90684,1346497811,0
7/9/2024,56714.61,58296,56289.45,58050,27732.20788,1.72E+12,1592351322,1757693,14143.25001,812249336.7,0
7/10/2024,58050,59470,57157.79,57725.85,24951.73799,1.72E+12,1452293496,1766696,12423.53162,723209557.6,0
7/11/2024,57725.85,59650,57050,57339.89,29761.05735,1.72E+12,1728929618,2157661,15019.30135,872986677.1,0
7/12/2024,57339.89,58526.68,56542.47,57889.1,23652.4569,1.72E+12,1360201319,1749738,11488.82545,661028735.7,0
7/13/2024,57889.09,59850,57756.63,59204.02,15357.74519,1.72E+12,900429281.1,1114391,7889.36244,462600767.9,0
7/14/2024,59204.01,61420.69,59194.01,60797.91,21178.33907,1.72E+12,1273562989,1456088,10479.46025,630300143.3,0
7/15/2024,60797.91,64900,60632.3,64724.14,38690.9782,1.72E+12,2435540879,2600425,19076.54212,1201411784,0
7/16/2024,64724.06,65388.97,62373.24,65043.99,42530.52915,1.72E+12,2725231969,2484783,21595.04799,1384337933,0
7/17/2024,65044,66128.63,63854,64087.99,29567.52954,1.72E+12,1922412273,1868671,14616.17013,950725865.6,0
7/18/2024,64087.99,65133.3,63238.48,63987.92,22568.7225,1.72E+12,1449872438,1696742,11288.35191,725073622.7,0
7/19/2024,63987.92,67386,63300.67,66660,35634.72739,1.72E+12,2331517674,2184889,17971.06949,1176753281,0
7/20/2024,66660.01,67598,66222.46,67139.96,14386.92434,1.72E+12,961878801.8,995093,6868.63454,459313955.3,0
7/21/2024,67139.97,68366.66,65777,68165.34,21819.11191,1.72E+12,1465757868,1322942,11412.05459,766856991.8,0
7/22/2024,68165.35,68474.55,66559.97,67532.01,21451.04303,1.72E+12,1448418370,1558140,10263.9504,693063991.1,0
7/23/2024,67532,67750.98,65441.08,65936.01,31406.15316,1.72E+12,2088544473,1772089,15168.84798,1008794779,0
7/24/2024,65936,67102.01,65111,65376,23082.56277,1.72E+12,1526490826,1391053,10827.75551,716084205.2,0
7/25/2024,65376.01,66175.49,63456.7,65799.95,35126.42934,1.72E+12,2266419771,1830360,16579.45258,1070150879,0
7/26/2024,65799.95,68200,65722.63,67907.99,24244.36023,1.72E+12,1630839589,1406982,12444.52129,837159298.6,0
7/27/2024,67908,69399.99,66650,67896.5,31710.21921,1.72E+12,2162335067,1690591,15838.9282,1080427116,0
7/28/2024,67896.49,68318.43,67066.66,68249.88,10868.69394,1.72E+12,736755676.1,821210,5403.48694,366295409.6,0
7/29/2024,68249.88,70079.99,66428,66784.69,36467.29633,1.72E+12,2499265962,1952812,18196.23316,1248743453,0
7/30/2024,66784.68,67000,65302.67,66188,23132.25441,1.72E+12,1533270725,1622083,11096.82554,735708436,0
7/31/2024,66188,66849.24,64530,64628,22625.43905,1.72E+12,1489443333,1609976,10818.48504,712275323.7,0
8/1/2024,64628.01,65659.78,62302,65354.02,35542.26854,1.72E+12,2270877793,2397257,16886.93292,1079221073,0
8/2/2024,65354.02,65596.14,61230.01,61498.33,38820.42937,1.72E+12,2469588786,2457735,18202.35794,1158565579,0
8/3/2024,61498.34,62198.22,59850,60697.99,28034.71567,1.72E+12,1711555901,1669555,12947.95791,790701622.6,0
8/4/2024,60697.99,61117.63,57122.77,58161,31616.52003,1.72E+12,1874490042,1886195,14556.6247,863334320,0
8/5/2024,58161,58305.59,49000,54018.81,162065.5919,1.72E+12,8580928177,7568497,77363.26323,4097736999,0
8/6/2024,54018.82,57040.99,53950,56022.01,55884.77676,1.72E+12,3119018848,3433824,27934.19288,1559417943,0
8/7/2024,56022,57736.05,54558.62,55134.16,44269.37684,1.72E+12,2490553854,2397504,21897.14983,1232415104,0
8/8/2024,55133.76,62745.14,54730,61685.99,48349.52949,1.72E+12,2836312292,2603042,25676.29533,1508140014,0
8/9/2024,61686,61744.37,59535,60837.99,30972.48017,1.72E+12,1878350556,1827809,15023.05073,911225295.6,0
8/10/2024,60837.99,61470.58,60242,60923.51,9995.20621,1.72E+12,607372221.2,800499,4893.63854,297435046,0
8/11/2024,60923.51,61858,58286.73,58712.59,19189.84512,1.72E+12,1152081498,1319469,9094.74521,546165457,0
8/12/2024,58712.59,60711.09,57642.21,59346.64,37009.91743,1.72E+12,2186851067,2293837,18279.26596,1080368631,0
8/13/2024,59346.64,61578.1,58392.88,60587.15,27858.95851,1.72E+12,1668247897,1713485,13647.22341,817397824.2,0
8/14/2024,60587.16,61800,58433.18,58683.39,28422.76326,1.72E+12,1705464264,1729342,13263.8962,796386901.4,0
8/15/2024,58683.39,59849.38,56078.54,57541.06,37686.17622,1.72E+12,2194915865,2507858,17255.22311,1005337424,0
8/16/2024,57541.05,59817.76,57098.62,58874.6,27610.84344,1.72E+12,1614654900,1999539,13963.51824,816740633.5,0
8/17/2024,58874.59,59700,58785.05,59491.99,7721.72931,1.72E+12,457737705.8,807159,3871.6531,229477473.8,0
8/18/2024,59491.99,60284.99,58408.92,58427.35,13634.85717,1.72E+12,813166580.7,1099730,6660.58254,397459480.9,0
8/19/2024,58427.35,59617.63,57787.3,59438.5,22809.31251,1.72E+12,1336287900,1636295,11350.30776,665066212.8,0
8/20/2024,59438.5,61400,58548.23,59013.8,31477.44548,1.72E+12,1890620150,1904519,16041.22019,964180516.2,0
8/21/2024,59013.8,61820.93,58783.47,61156.03,27983.6422,1.72E+12,1682529555,1981525,14156.90984,851829721.4,0
8/22/2024,61156.03,61400,59724.87,60375.84,21241.20588,1.72E+12,1288544248,1718280,10269.33376,623042041.1,0
8/23/2024,60375.83,64955,60342.14,64037.24,38118.07089,1.72E+12,2375916933,2555682,20372.88336,1270318490,0
8/24/2024,64037.24,64494.5,63531,64157.01,15857.15616,1.72E+12,1015774255,1551856,7643.02686,489673236.7,0
8/25/2024,64157.02,65000,63773.27,64220,12305.47977,1.72E+12,789935123,1263065,6315.72233,405555580.9,0
8/26/2024,64219.99,64481,62800,62834,19470.05276,1.72E+12,1238341818,2152841,8995.67609,572188217.6,0
8/27/2024,62834,63212,58034.01,59415,35135.94178,1.72E+12,2158144643,2995281,15873.1536,975361314.9,0
8/28/2024,59415,60234.98,57860,59034.9,36868.54275,1.72E+12,2183054413,3664134,17135.91162,1014904733,0
8/29/2024,59034.9,61166.99,58713.09,59359.01,27020.90743,1.72E+12,1617931684,2743900,13152.3859,787682410.4,0
8/30/2024,59359,59944.07,57701.1,59123.99,28519.32195,1.73E+12,1680918972,2845696,13783.34749,812769089.3,0
8/31/2024,59123.99,59462.38,58744,58973.99,8798.409,1.73E+12,519849184.9,895944,4195.93079,247955494.4,0
9/1/2024,58974,59076.59,57201,57301.86,20705.15741,1.73E+12,1202176847,2153180,9651.50531,560452387.9,0
9/2/2024,57301.77,59425.69,57128,59132.13,22895.01461,1.73E+12,1333092369,1966119,11295.25452,657496577.6,0
9/3/2024,59132.12,59809.65,57415,57487.73,22828.18447,1.73E+12,1335076816,2208758,10979.79204,642252673.1,0
9/4/2024,57487.74,58519,55606,57970.9,35560.82146,1.73E+12,2027630870,3177549,16861.75483,961923197.8,0
9/5/2024,57970.9,58327.07,55643.65,56180,27806.91413,1.73E+12,1577770853,3368058,12955.8897,734996919.4,0
9/6/2024,56180,57008,52550,53962.97,54447.76826,1.73E+12,2988914919,5287281,25325.18849,1390546231,0
9/7/2024,53962.97,54850,53745.54,54160.86,16694.04774,1.73E+12,905693342.6,1920923,8023.90683,435381439,0
9/8/2024,54160.86,55318,53629.01,54869.95,16274.14779,1.73E+12,885743172.9,1796092,8031.76084,437221897.1,0
9/9/2024,54869.95,58088,54591.96,57042,32384.51737,1.73E+12,1809715390,3355912,16412.83148,917669512.2,0
9/10/2024,57042.01,58044.36,56386.4,57635.99,23626.78126,1.73E+12,1349365460,2843148,11690.37506,667774722.7,0
9/11/2024,57635.99,57981.71,55545.19,57338,33026.56757,1.73E+12,1875738697,4045103,15979.30786,907634258.6,0
9/12/2024,57338,58588,57324,58132.32,31074.40631,1.73E+12,1802848638,3706764,14783.00418,857572456.5,0
9/13/2024,58132.31,60625,57632.62,60498,29825.23333,1.73E+12,1760671734,3378012,15395.13731,909141734,0
9/14/2024,60497.99,60610.45,59400,59993.03,12137.90901,1.73E+12,728527024.3,1288784,5570.22098,334303099.7,0
9/15/2024,59993.02,60395.8,58691.05,59132,13757.92361,1.73E+12,822410872.4,1552950,6431.24697,384460724.6,0
9/16/2024,59132,59210.7,57493.3,58213.99,26477.5642,1.73E+12,1543273199,3145152,12859.7584,749563220.8,0
9/17/2024,58213.99,61320,57610.01,60313.99,33116.25878,1.73E+12,1983378425,3918209,16390.65993,981860543.3,0
9/18/2024,60313.99,61786.24,59174.8,61759.99,36087.02469,1.73E+12,2174000497,5167671,18429.59712,1110622779,0
9/19/2024,61759.98,63850,61555,62947.99,34332.52608,1.73E+12,2153175931,4438284,17609.62958,1104427425,0
9/20/2024,62948,64133.32,62350,63201.05,25466.37794,1.73E+12,1611195964,3969296,12411.32227,785440558.8,0
9/21/2024,63201.05,63559.9,62758,63348.96,8375.34608,1.73E+12,528657852.3,1283611,3877.73743,244802615.8,0
9/22/2024,63348.97,64000,62357.93,63578.76,14242.19892,1.73E+12,897477338.4,2145736,6923.17369,436456232,0
9/23/2024,63578.76,64745.88,62538.75,63339.99,24078.05287,1.73E+12,1531015038,3999187,12331.07643,784350440.7,0
9/24/2024,63339.99,64688,62700,64262.7,23185.04759,1.73E+12,1472720339,3870157,11522.89363,732118662.4,0
9/25/2024,64262.7,64817.99,62947.08,63152.01,17813.11168,1.73E+12,1135250828,3355531,8384.67983,534590429.2,0
9/26/2024,63152.01,65839,62670,65173.99,28373.30593,1.73E+12,1831204596,4361333,15041.9886,971176161.4,0
9/27/2024,65173.99,66498,64819.9,65769.95,22048.80487,1.73E+12,1448852210,3498529,11092.85716,729156061.4,0
9/28/2024,65769.95,66260,65422.23,65858,9127.23316,1.73E+12,600118483.1,1341703,4501.22534,296026669.8,0
9/29/2024,65858,66076.12,65432,65602.01,8337.74111,1.73E+12,547980013.7,1413449,4132.9378,271622295.4,0
9/30/2024,65602.01,65618.8,62856.3,63327.59,30011.08752,1.73E+12,1920250262,3978584,14451.93044,924324016.7,0
10/1/2024,63327.6,64130.63,60164,60805.78,43671.48108,1.73E+12,2723672082,5607069,20951.74486,1308603194,0
10/2/2024,60804.92,62390.31,60000,60649.28,31534.70118,1.73E+12,1928377638,5313210,15719.32519,961468320.5,0
10/3/2024,60649.27,61477.19,59828.11,60752.71,26221.43472,1.73E+12,1590773867,5244004,12906.51464,783073701.7,0
10/4/2024,60752.72,62484.85,60459.9,62086,21294.65994,1.73E+12,1311145631,3798631,10689.34488,658151113.9,0
10/5/2024,62086,62370.56,61689.26,62058,7807.46141,1.73E+12,484588468.3,1183175,3690.55536,229107774.8,0
10/6/2024,62058.01,62975,61798.97,62819.91,8906.86177,1.73E+12,555669634.5,1556553,4798.29924,299426562.8,0
10/7/2024,62819.91,64478.19,62128,62224,25966.1852,1.73E+12,1646315507,4809342,12760.73415,809108823.5,0
10/8/2024,62224.01,63200,61860.31,62160.49,19702.22371,1.73E+12,1230076254,3798438,9614.36947,600357593.8,0
10/9/2024,62160.5,62543.75,60301,60636.02,20011.15684,1.73E+12,1234778808,3668363,9454.70171,583725546,0
10/10/2024,60636.01,61321.68,58946,60326.39,23967.92481,1.73E+12,1445604382,3872577,10827.77272,653182369.9,0
10/11/2024,60326.4,63417.56,60087.64,62540,23641.35209,1.73E+12,1462219577,3222180,12099.56755,748431117.9,0
10/12/2024,62539.99,63480,62487.23,63206.22,10911.30116,1.73E+12,686978509,1770837,5196.91695,327263147.5,0
10/13/2024,63206.23,63285.72,62050,62870.02,11909.21995,1.73E+12,746564374.2,2242529,5855.04617,367046338.9,0
10/14/2024,62870.02,66500,62457.81,66083.99,37669.95222,1.73E+12,2450094473,4977577,19941.11906,1297062359,0
10/15/2024,66084,67950,64800.01,67074.14,43683.95423,1.73E+12,2894021862,6245619,21820.682,1446378131,0
10/16/2024,67074.14,68424,66750.49,67620.01,29938.25544,1.73E+12,2024560410,5109685,15212.87402,1029210667,0
10/17/2024,67620,67939.4,66666,67421.78,25328.22861,1.73E+12,1702164440,3981960,12153.94712,816887407.4,0
10/18/2024,67421.78,69000,67192.36,68428,28725.635,1.73E+12,1959735900,4010969,14218.1785,970440964.3,0
10/19/2024,68427.99,68693.26,68010,68378,8193.66737,1.73E+12,559628629,1152428,4071.19627,278085065.5,0
10/20/2024,68377.99,69400,68100,69031.99,12442.47378,1.73E+12,854082429.8,1563795,6772.92574,465001555.9,0
10/21/2024,69032,69519.52,66840.67,67377.5,31374.42184,1.73E+12,2130833594,3686777,13593.60828,923860758.4,0
10/22/2024,67377.5,67836.01,66571.42,67426,24598.96268,1.73E+12,1654285792,3669291,12400.51857,834160889.2,0
10/23/2024,67426.01,67472.83,65260,66668.65,25530.2407,1.73E+12,1695101431,3807365,11888.33995,789384635.1,0
10/24/2024,66668.65,68850,66510,68198.28,22589.83877,1.73E+12,1526736321,3797462,11502.58514,777936396.5,0
10/25/2024,68198.27,68771.49,65596.29,66698.33,34479.71125,1.73E+12,2320667435,5332593,16031.032,1079347459,0
10/26/2024,66698.32,67454.55,66439.9,67092.76,11842.9077,1.73E+12,792887047.1,2373501,6069.18986,406369780.2,0
10/27/2024,67092.76,68332.05,66913.73,68021.7,8653.19592,1.73E+12,585006148.5,1771989,4417.7362,298699667,0
10/28/2024,68021.69,70270,67618,69962.21,29046.75459,1.73E+12,2005105730,4432446,15218.34976,1051606096,0
10/29/2024,69962.21,73620.12,69760,72736.42,50128.60594,1.73E+12,3602465987,5645430,26898.46516,1932608784,0
10/30/2024,72736.41,72961,71436,72344.74,26885.99056,1.73E+12,1941210537,4040734,13487.21433,973898183.7,0
10/31/2024,72344.75,72700,69685.76,70292.01,29352.10297,1.73E+12,2091144977,4525542,14205.13879,1012048242,0
11/1/2024,70292.01,71632.95,68820.14,69496.01,38301.86755,1.73E+12,2677358022,4569271,18044.1622,1261663987,0
11/2/2024,69496,69914.37,69000.14,69374.74,10521.67243,1.73E+12,731232427.6,1603561,5227.50713,363370734.8,0
11/3/2024,69374.74,69391,67478.73,68775.99,24995.70243,1.73E+12,1709666206,3668029,12277.58177,839939073.1,0
11/4/2024,68775.99,69500,66835,67850.01,29800.39187,1.73E+12,2033902307,5377048,14927.24077,1019257548,0
11/5/2024,67850.01,70577.91,67476.63,69372.01,33355.06888,1.73E+12,2310418908,4955644,17059.88663,1181816731,0
11/6/2024,69372.01,76400,69298,75571.99,104126.9948,1.73E+12,7702283270,8434184,53243.88443,3938516657,0
11/7/2024,75571.99,76849.99,74416,75857.89,44869.42235,1.73E+12,3391796662,5207722,21805.4603,1648278335,0
11/8/2024,75857.89,77199.99,75555,76509.78,36521.09958,1.73E+12,2784449098,4877489,17555.39363,1339019332,0
11/9/2024,76509.78,76900,75714.66,76677.46,16942.07915,1.73E+12,1294709002,2585264,8032.79327,614028515.3,0
11/10/2024,76677.46,81500,76492,80370.01,61830.10044,1.73E+12,4905441474,7128598,32751.01218,2597409399,0
11/11/2024,80370.01,89530.54,80216.01,88647.99,82323.66578,1.73E+12,6944268710,9348890,42837.29531,3613896167,0
11/12/2024,88648,89940,85072,87952.01,97299.88791,1.73E+12,8540084566,11499058,49589.33345,4353451683,0
11/13/2024,87952,93265.64,86127.99,90375.2,86763.85413,1.73E+12,7790928962,11962100,44342.32933,3983689817,0
11/14/2024,90375.21,91790,86668.21,87325.59,56729.51086,1.73E+12,5073860816,9828858,27940.856,2499212756,0
11/15/2024,87325.59,91850,87073.38,91032.07,47927.95068,1.73E+12,4276238971,8009111,24800.61087,2213154237,0
11/16/2024,91032.08,91779.66,90056.17,90586.92,22717.87689,1.73E+12,2067958512,4239455,11496.31366,1046686701,0
11/17/2024,90587.98,91449.99,88722,89855.99,23867.55609,1.73E+12,2153871725,4930719,11852.78227,1070094821,0
11/18/2024,89855.98,92594,89376.9,90464.08,46545.03448,1.73E+12,4239909951,7161125,23628.87098,2153158394,0
11/19/2024,90464.07,93905.51,90357,92310.79,43660.04682,1.73E+12,4025108503,5647789,22127.85272,2040301638,0
11/20/2024,92310.8,94831.97,91500,94286.56,42203.19871,1.73E+12,3950932315,7365987,20425.30796,1912348704,0
11/21/2024,94286.56,98988,94040,98317.12,69228.36048,1.73E+12,6722807908,9048605,35424.06323,3440467290,0
11/22/2024,98317.12,99588.01,97122.11,98892,46189.30924,1.73E+12,4555536773,7271311,22709.66819,2240635300,0
11/23/2024,98892,98908.85,97136,97672.4,24757.84367,1.73E+12,2431609866,3839138,11176.2487,1097538915,0
11/24/2024,97672.4,98564,95734.77,97900.04,31200.97838,1.73E+12,3034172012,4964720,15124.12176,1471313634,0
11/25/2024,97900.05,98871.8,92600.19,93010.01,50847.45096,1.73E+12,4883444806,8289691,23486.92705,2255516842,0
11/26/2024,93010.01,94973.37,90791.1,91965.16,57858.73138,1.73E+12,5370918649,10225809,29120.26765,2702543576,0
11/27/2024,91965.16,97208.21,91792.14,95863.11,41153.42734,1.73E+12,3894358512,6648690,20316.58245,1922620637,0
11/28/2024,95863.11,96564,94640,95643.98,28814.54357,1.73E+12,2749861591,4988161,14805.69321,1412851841,0
11/29/2024,95643.99,98619.99,95364.99,97460,27701.78231,1.73E+12,2690451031,5094070,13840.21172,1344148785,0
11/30/2024,97460,97463.95,96092.01,96407.99,14503.83306,1.73E+12,1402672951,3354759,7075.91503,684284805,0
12/1/2024,96407.99,97836,95693.88,97185.18,16938.60452,1.73E+12,1641327627,3342200,8114.89569,786489040.2,0
12/2/2024,97185.17,98130,94395,95840.62,37958.66981,1.73E+12,3646639622,7560103,18821.93327,1808458556,0
12/3/2024,95840.61,96305.52,93578.17,95849.69,35827.32283,1.73E+12,3413995542,5361712,17339.11167,1652090703,0
12/4/2024,95849.69,99000,94587.83,98587.32,43850.53728,1.73E+12,4241994534,6648724,22033.60112,2132655972,0
12/5/2024,98587.32,104088,90500,96945.63,109921.7297,1.73E+12,11048002942,12012364,56235.07836,5657171375,0
12/6/2024,96945.63,101898.99,95981.72,99740.84,45049.5331,1.73E+12,4456641685,6919102,21999.62416,2175645719,0
12/7/2024,99740.84,100439.18,98844,99831.99,14931.9459,1.73E+12,1487953847,2634566,6776.55,675350661.3,0
12/8/2024,99831.99,101351,98657.7,101109.59,14612.99688,1.73E+12,1459576946,2994709,7152.80173,714745738.9,0
12/9/2024,101109.6,101215.93,94150.05,97276.47,53949.11595,1.73E+12,5283626996,8445872,25472.08477,2495722031,0
12/10/2024,97276.48,98270,94256.54,96593,51708.68933,1.73E+12,4988660195,11556189,24523.09586,2367164879,0
12/11/2024,96593,101888,95658.24,101125,37753.78291,1.73E+12,3745703763,8250511,19112.84559,1897146318,0
12/12/2024,101125,102540,99311.64,100004.29,29232.08745,1.73E+12,2949462584,8066322,14175.88661,1430984457,0
12/13/2024,100004.29,101895.26,99205,101424.25,21904.03923,1.73E+12,2203903393,5481660,10669.09365,1073720888,0
12/14/2024,101424.24,102650,100609.41,101420,14191.70326,1.73E+12,1441594367,3374538,6790.24676,689981854.1,0
12/15/2024,101420,105250,101237.14,104463.99,22228.92178,1.73E+12,2290462904,3638809,12668.89436,1305611448,0
12/16/2024,104463.99,107793.07,103333,106058.66,41302.40274,1.73E+12,4364964401,8048054,20349.0995,2150550899,0
12/17/2024,106058.65,108353,105321.49,106133.74,29064.93647,1.73E+12,3103833328,7212799,14187.32045,1515158211,0
12/18/2024,106133.74,106524.98,100000,100204.01,50307.99755,1.73E+12,5194263316,8762120,23308.37525,2407213144,0
12/19/2024,100204.01,102800.11,95700,97461.86,55147.398,1.73E+12,5487546518,7273941,26898.63715,2677636004,0
12/20/2024,97461.86,98233,92232.54,97805.44,62884.1357,1.73E+12,6022845239,7429007,29463.23021,2822939307,0
12/21/2024,97805.44,99540.61,96398.39,97291.99,23483.54143,1.73E+12,2296232055,3717638,11726.94119,1146732451,0
12/22/2024,97292,97448.08,94250.35,95186.27,19353.83036,1.73E+12,1857819866,3633551,9293.39749,892081877.8,0
12/23/2024,95186.28,96538.92,92520,94881.47,32810.76703,1.74E+12,3100007213,5464919,16339.58355,1544707290,0
12/24/2024,94881.47,99487.99,93569.02,98663.58,23674.22488,1.74E+12,2287214425,3421549,11969.2539,1156798175,0
12/25/2024,98663.58,99569.15,97632.02,99429.6,14474.1651,1.74E+12,1426143976,3283028,7006.5265,690465056.6,0
12/26/2024,99429.61,99963.7,95199.14,95791.6,21192.36727,1.74E+12,2049123567,5203490,10071.87249,973940616.1,0
12/27/2024,95791.6,97544.58,93500.01,94299.03,26501.26429,1.74E+12,2528567850,5718866,12945.51657,1235623739,0
12/28/2024,94299.03,95733.99,94135.66,95300,8385.8929,1.74E+12,794651624.8,2732061,4203.59876,398416342.1,0
12/29/2024,95300,95340,93009.52,93738.2,13576.00578,1.74E+12,1278370864,2865838,5651.38589,532195414.1,0
12/30/2024,93738.19,95024.5,91530.45,92792.05,27619.4225,1.74E+12,2573126060,5560563,13092.19646,1220209278,0
12/31/2024,92792.05,96250,92033.73,93576,19612.03389,1.74E+12,1845718802,3347847,9687.96775,911716321.6,0
1/1/2025,93576,95151.15,92888,94591.79,10373.32613,1.74E+12,975444194.1,1516556,5347.73648,502914035.6,0
1/2/2025,94591.78,97839.5,94392,96984.79,21970.48948,1.74E+12,2118411853,3569079,10915.96986,1052226710,0
1/3/2025,96984.79,98976.91,96100.01,98174.18,15253.82936,1.74E+12,1486610769,2851164,7468.60797,727787246.9,0
1/4/2025,98174.17,98778.43,97514.79,98220.5,8990.05651,1.74E+12,881223751.6,1559982,4350.80221,426524714.1,0
1/5/2025,98220.51,98836.85,97276.79,98363.61,8095.63723,1.74E+12,793931716,1685799,3877.90985,380355340.5,0
1/6/2025,98363.61,102480,97920,102235.6,25263.43375,1.74E+12,2540561689,3853702,12539.59534,1260943259,0
1/7/2025,102235.6,102724.38,96181.81,96954.61,32059.87537,1.74E+12,3170421660,4480562,14815.11453,1464336050,0
1/8/2025,96954.6,97268.65,92500.9,95060.61,33704.67894,1.74E+12,3205849081,5171208,15803.85091,1503791329,0
1/9/2025,95060.61,95382.32,91203.67,92552.49,34544.83685,1.74E+12,3217669887,6027161,15323.62663,1427812152,0
1/10/2025,92552.49,95836,92206.02,94726.11,31482.86424,1.74E+12,2962085343,5531444,15617.43823,1469711546,0
1/11/2025,94726.1,95050.94,93831.73,94599.99,7047.9043,1.74E+12,665685994.9,1496191,3412.37671,322346977.4,0
1/12/2025,94599.99,95450.1,93711.19,94545.06,8606.86622,1.74E+12,813278829.7,1658863,4028.33031,380691769.9,0
1/13/2025,94545.07,95940,89256.69,94536.1,42619.56423,1.74E+12,3930666134,5740963,19473.88042,1797888179,0
1/14/2025,94536.11,97371,94346.22,96560.86,27846.61753,1.74E+12,2676048470,4532923,14248.69616,1369464112,0
1/15/2025,96560.85,100681.94,96500,100497.35,30509.99179,1.74E+12,3006242383,3487945,15494.17873,1527728226,0
1/16/2025,100497.35,100866.66,97335.13,99987.3,27832.85317,1.74E+12,2765162041,3762755,13513.53707,1342462622,0
1/17/2025,99987.3,105865.22,99950.77,104077.48,39171.85292,1.74E+12,4040993985,3886907,20673.213,2131223293,0
1/18/2025,104077.47,104988.88,102277.55,104556.23,24307.82998,1.74E+12,2521522119,3403162,11607.51274,1204170928,0
1/19/2025,104556.23,106422.43,99651.6,101331.57,43397.28298,1.74E+12,4513423971,5271920,21079.51082,2193270771,0
1/20/2025,101331.57,109588,99550,102260.01,89529.23173,1.74E+12,9398787064,11597937,44770.52949,4704453255,0
1/21/2025,102260,107240.81,100119.04,106143.82,45941.02002,1.74E+12,4768512258,6842980,23227.02741,2411854259,0
1/22/2025,106143.82,106394.46,103339.12,103706.66,22248.69254,1.74E+12,2331144641,4364035,10501.59306,1100173332,0
1/23/2025,103706.66,106850,101262.28,103910.34,53953.12031,1.74E+12,5610760848,6961383,27045.92646,2813824951,0
1/24/2025,103910.35,107120,102750,104870.5,23609.24017,1.74E+12,2483818574,4798886,11893.4605,1251601023,0
1/25/2025,104870.51,105286.52,104106.09,104746.85,9068.32377,1.74E+12,949511531.4,1770765,4462.60438,467284996.4,0
1/26/2025,104746.86,105500,102520.44,102620,9812.51238,1.74E+12,1024352365,1813011,4642.17247,484871090.3,0
1/27/2025,102620.01,103260,97777.77,102082.83,50758.1341,1.74E+12,5092886323,9368910,23529.22433,2361569761,0
1/28/2025,102082.83,103800,100272.68,101335.52,22022.05765,1.74E+12,2253977324,5428644,10756.64741,1101357650,0
1/29/2025,101335.52,104782.68,101328.01,103733.24,23155.35802,1.74E+12,2380383695,5189699,11675.17182,1200636638,0
1/30/2025,103733.25,106457.44,103278.54,104722.94,19374.07472,1.74E+12,2038112604,3990075,10140.92834,1066933245,0
1/31/2025,104722.94,106012,101560,102429.56,21983.18193,1.74E+12,2282174002,4331904,10697.39968,1111485874,0
2/1/2025,102429.56,102783.71,101412,101608.4,8090.41728,1.74E+12,826286344,1762669,3807.93232,389039399.7,0
