date,open,high,low,close,volume
1/3/2025 14:15,96784,97131,96697.36,97084.6,196.81405
1/3/2025 14:30,97084.6,97342.44,96624.5,97251.98,606.08614
1/3/2025 14:45,97251.99,97285.78,96737.14,97016.01,414.11621
1/3/2025 15:00,97016,97450,96880.59,97156.95,465.97795
1/3/2025 15:15,97156.95,97317.64,96759.12,97263.78,367.50582
1/3/2025 15:30,97263.79,97557.09,97138.14,97432.81,369.21264
1/3/2025 15:45,97432.8,97660,97289.67,97521.35,384.90518
1/3/2025 16:00,97521.36,97726.52,97406.54,97633.12,370.91718
1/3/2025 16:15,97633.12,98444.42,97603.18,98066,826.59909
1/3/2025 16:30,98066,98368.85,98062.61,98147.35,382.88569
1/3/2025 16:45,98147.34,98151.52,97720.31,97868.2,319.51302
1/3/2025 17:00,97868.21,98083.99,97837.63,97919.28,267.26302
1/3/2025 17:15,97919.28,98263.13,97909.09,98164.02,200.37485
1/3/2025 17:30,98164.02,98299.76,98120.37,98214.08,142.03775
1/3/2025 17:45,98214.09,98214.09,97944.44,98026,190.03582
1/3/2025 18:00,98025.99,98330.42,98000,98323.86,167.82282
1/3/2025 18:15,98323.86,98481.74,98272.49,98481.73,177.68702
1/3/2025 18:30,98481.73,98580.92,98290.75,98432,234.98289
1/3/2025 18:45,98432,98697.86,98370,98527.98,233.15051
1/3/2025 19:00,98527.97,98900,98491.53,98900,499.2701
1/3/2025 19:15,98899.99,98976.91,98647.47,98697.85,264.08945
1/3/2025 19:30,98697.85,98838.18,98660.84,98698.23,164.38614
1/3/2025 19:45,98697.39,98697.39,98554.3,98592.01,142.68142
1/3/2025 20:00,98592.02,98602.29,98300,98479.56,265.14694
1/3/2025 20:15,98479.56,98748,98479.56,98618.09,161.19361
1/3/2025 20:30,98618.08,98629.05,98404.13,98453.89,204.29749
1/3/2025 20:45,98453.89,98503.47,98311.51,98311.52,215.53167
1/3/2025 21:00,98311.51,98369.56,98196.96,98206.18,238.05781
1/3/2025 21:15,98206.18,98274.48,98197.28,98274.48,102.97248
1/3/2025 21:30,98274.47,98419.14,98246.95,98325.58,96.34507
1/3/2025 21:45,98325.58,98358.7,98209.95,98272.7,70.00501
1/3/2025 22:00,98272.7,98468.39,98272.7,98372.33,93.52344
1/3/2025 22:15,98372.33,98512.94,98324,98460.37,80.76815
1/3/2025 22:30,98460.38,98485.83,98398.44,98408.56,65.30484
1/3/2025 22:45,98408.55,98408.56,98250,98296.37,77.95201
1/3/2025 23:00,98296.37,98382.19,98272.72,98277.76,99.08032
1/3/2025 23:15,98277.76,98294.32,98101,98101.01,72.08646
1/3/2025 23:30,98101.01,98184.6,98067.99,98174.18,85.56841
1/3/2025 23:45,98174.19,98183.96,98114.89,98174.18,57.52708
1/4/2025 0:00,98174.17,98288,98016.69,98111.11,184.50531
1/4/2025 0:15,98111.12,98155.99,98094.01,98094.02,72.42027
1/4/2025 0:30,98094.02,98094.02,97887.2,97986.21,122.23577
1/4/2025 0:45,97986.2,98055.56,97902.01,97950.01,85.98186
1/4/2025 1:00,97950.01,98005.69,97828.43,97888.78,104.25742
1/4/2025 1:15,97888.78,97961.8,97800,97960.15,71.12691
1/4/2025 1:30,97960.15,98095.06,97909.09,98060.11,65.45458
1/4/2025 1:45,98060.11,98090.33,98021.05,98040,51.25968
1/4/2025 2:00,98040,98042.02,97848.48,97922.75,129.99687
1/4/2025 2:15,97922.75,97944.02,97874.46,97900.67,43.84695
1/4/2025 2:30,97900.67,98184,97874.64,98141.1,101.14015
1/4/2025 2:45,98141.11,98314.15,98141.11,98304.51,93.91761
1/4/2025 3:00,98304.51,98304.51,98111.2,98168.66,89.88892
1/4/2025 3:15,98168.67,98168.67,98052.97,98086.8,49.26023
1/4/2025 3:30,98086.8,98246.97,98078.48,98246.96,56.71133
1/4/2025 3:45,98246.96,98269.39,98196,98200,78.82802
1/4/2025 4:00,98200.01,98200.01,97918.27,97933.46,105.66465
1/4/2025 4:15,97933.46,97972,97900,97948.87,50.74721
1/4/2025 4:30,97948.87,98012.91,97862.87,97999.99,80.72094
1/4/2025 4:45,98000,98001.01,97932.01,98001,67.36677
1/4/2025 5:00,98001,98055.56,97988.76,98034.37,45.84467
1/4/2025 5:15,98034.38,98164.75,98034.38,98143.44,63.0241
1/4/2025 5:30,98143.45,98196.51,98129,98186.51,55.56697
1/4/2025 5:45,98186.51,98186.51,98063.34,98126.21,85.54213
1/4/2025 6:00,98126.21,98140.98,98061.79,98063.32,63.05609
1/4/2025 6:15,98063.32,98090.91,98047.79,98073.02,45.21603
1/4/2025 6:30,98073.03,98093.56,98039.91,98055.49,51.74203
1/4/2025 6:45,98055.48,98209.7,98041.67,98127.54,51.90923
1/4/2025 7:00,98127.53,98233.44,98095.17,98228.83,68.26233
1/4/2025 7:15,98228.84,98350.04,98156,98193.71,220.45355
1/4/2025 7:30,98193.71,98291.04,98169.92,98291.03,105.534
1/4/2025 7:45,98291.03,98323.28,98223.51,98271.88,60.21153
1/4/2025 8:00,98271.87,98306.22,98213.84,98248.99,61.35765
1/4/2025 8:15,98248.99,98250,98112.55,98185.85,76.26064
1/4/2025 8:30,98185.85,98270.07,98136.76,98136.76,55.24498
1/4/2025 8:45,98136.76,98136.77,97905.26,97906.07,110.81251
1/4/2025 9:00,97906.08,97980,97833.34,97850,98.91645
1/4/2025 9:15,97850,97950,97713.11,97873.39,162.69727
1/4/2025 9:30,97873.39,97899.07,97777.72,97804.33,111.14041
1/4/2025 9:45,97804.33,97804.34,97532.58,97690.37,299.03737
1/4/2025 10:00,97690.37,97751.88,97633.28,97708.93,95.95672
1/4/2025 10:15,97708.93,97762.33,97600,97736.17,98.38497
1/4/2025 10:30,97736.17,97848.49,97736.16,97824.65,78.11258
1/4/2025 10:45,97824.66,97859.6,97789.31,97789.32,58.23133
1/4/2025 11:00,97789.32,97789.32,97711.54,97771.74,64.1387
1/4/2025 11:15,97771.74,97781.02,97723.98,97758.89,75.09778
1/4/2025 11:30,97758.89,97849.1,97758.88,97839.75,54.46528
1/4/2025 11:45,97839.76,97923.07,97832,97889.39,85.40942
1/4/2025 12:00,97889.4,97927.57,97804,97840,72.55802
1/4/2025 12:15,97840,98016.97,97800,97921.89,113.96983
1/4/2025 12:30,97921.9,97993.49,97867.43,97867.43,89.34402
1/4/2025 12:45,97867.43,97897.98,97801.49,97888.12,60.92505
1/4/2025 13:00,97888.12,97967.35,97860,97896,81.58543
1/4/2025 13:15,97896.01,97928.48,97770.74,97849.51,104.15238
1/4/2025 13:30,97849.51,97876.32,97750,97876.31,136.11297
1/4/2025 13:45,97876.32,98068.46,97876.32,97973.05,141.34976
1/4/2025 14:00,97973.05,97980,97858.14,97867.13,71.97678
1/4/2025 14:15,97867.13,98013.32,97828.38,98000,100.86812
1/4/2025 14:30,98000.01,98080.15,97940.64,98059.98,98.36556
1/4/2025 14:45,98059.99,98059.99,97999.89,98035.04,58.23114
1/4/2025 15:00,98035.05,98044.72,97925.6,97997.81,88.10382
1/4/2025 15:15,97997.81,98152.02,97625.6,97832.06,174.30565
1/4/2025 15:30,97832.07,97832.07,97568.34,97637.63,283.40708
1/4/2025 15:45,97637.63,97737.5,97514.79,97657.94,191.9677
1/4/2025 16:00,97657.95,97800,97623.99,97780.29,129.81106
1/4/2025 16:15,97780.29,97874.68,97703.11,97703.12,75.52066
1/4/2025 16:30,97703.11,97703.11,97549.99,97636.42,311.86651
1/4/2025 16:45,97636.41,97729.14,97622.66,97704.6,57.92078
1/4/2025 17:00,97704.6,97801.27,97687.77,97774.69,56.63737
1/4/2025 17:15,97774.69,97826.81,97774.69,97780.29,48.93823
1/4/2025 17:30,97780.28,97909.1,97752.02,97877.01,67.34654
1/4/2025 17:45,97877,98049.99,97865.89,98016.26,78.52491
1/4/2025 18:00,98016.26,98084.16,97962.67,98065.12,67.06059
1/4/2025 18:15,98065.13,98139.13,98042.19,98057.28,75.16593
1/4/2025 18:30,98057.27,98098.39,97976.74,98046.4,38.99403
1/4/2025 18:45,98046.4,98064.01,97909.85,97961.56,55.99742
1/4/2025 19:00,97961.56,98123.44,97931.23,98123.44,67.66742
1/4/2025 19:15,98123.43,98350,98123.43,98167.17,147.40616
1/4/2025 19:30,98167.17,98264.24,98119.58,98140.97,51.46608
1/4/2025 19:45,98140.98,98200,98093.66,98166.26,63.94202
1/4/2025 20:00,98166.26,98490,98166.25,98292.5,130.83903
1/4/2025 20:15,98292.5,98466.21,98251.99,98456.37,52.40282
1/4/2025 20:30,98456.37,98671.02,98400,98543.99,169.97678
1/4/2025 20:45,98543.98,98626.97,98521.98,98599.02,88.4761
1/4/2025 21:00,98599.02,98778.43,98539.98,98548.49,146.91134
1/4/2025 21:15,98548.5,98663.46,98502.77,98532.81,213.80465
1/4/2025 21:30,98532.81,98532.82,98363.63,98384.52,118.32024
1/4/2025 21:45,98384.53,98407.92,98344,98362.43,57.33967
1/4/2025 22:00,98362.43,98406.27,98334.3,98340.54,51.36964
1/4/2025 22:15,98340.54,98340.55,98266.33,98268,92.00653
1/4/2025 22:30,98268.01,98448.47,98265.91,98408.11,93.5461
1/4/2025 22:45,98408.1,98484.85,98359.53,98417.25,52.7852
1/4/2025 23:00,98417.25,98419.14,98143.2,98174.99,108.61497
1/4/2025 23:15,98175,98272.56,98174.99,98240,36.10249
1/4/2025 23:30,98240,98280,98208,98225.62,56.80214
1/4/2025 23:45,98225.61,98311.24,98212.26,98220.5,52.31162
1/5/2025 0:00,98220.51,98328.09,98154.18,98286.77,82.75449
1/5/2025 0:15,98286.77,98391.59,98199.51,98272.31,82.508
1/5/2025 0:30,98272.31,98343.9,98238.24,98254.75,53.97606
1/5/2025 0:45,98254.75,98279.84,98200.36,98213.43,35.19497
1/5/2025 1:00,98213.44,98298.56,98151.51,98282.07,53.75463
1/5/2025 1:15,98282.07,98322.35,98213.61,98213.61,45.43956
1/5/2025 1:30,98213.61,98213.62,98062.36,98150.53,89.61682
1/5/2025 1:45,98150.53,98150.54,98050,98123.53,48.55146
1/5/2025 2:00,98123.53,98198.05,98123.52,98189.05,41.70561
1/5/2025 2:15,98189.06,98212.13,98154.32,98181.82,61.21923
1/5/2025 2:30,98181.81,98181.82,98105.41,98154.34,43.79473
1/5/2025 2:45,98154.33,98227.49,98154.33,98227.48,40.81722
1/5/2025 3:00,98227.49,98227.49,98155.33,98177.54,25.78065
1/5/2025 3:15,98177.55,98184.92,98115.3,98152.01,36.60152
1/5/2025 3:30,98152.01,98178.04,98100,98100,43.2776
1/5/2025 3:45,98100,98187.97,98069,98187.96,45.57798
1/5/2025 4:00,98187.97,98380,98187.96,98266.86,100.91813
1/5/2025 4:15,98266.85,98522.76,98252,98487.16,77.39842
1/5/2025 4:30,98487.17,98487.17,98391.67,98391.67,41.20054
1/5/2025 4:45,98391.68,98391.68,98348.15,98357.46,19.13968
1/5/2025 5:00,98357.46,98381.05,98303.19,98318.63,38.18261
1/5/2025 5:15,98318.63,98425.97,98264.78,98425.96,59.61775
1/5/2025 5:30,98425.96,98500,98338.03,98374.55,66.72223
1/5/2025 5:45,98374.56,98393.94,98305.03,98358.98,48.12739
1/5/2025 6:00,98358.98,98358.98,98304.82,98311.99,25.39357
1/5/2025 6:15,98311.99,98393.94,98311.98,98370.35,37.03855
1/5/2025 6:30,98370.34,98400,98339.57,98388.58,27.53969
1/5/2025 6:45,98388.58,98500,98367.38,98451.47,59.63949
1/5/2025 7:00,98451.48,98464.84,98376,98376.01,45.87678
1/5/2025 7:15,98376.01,98400,98339.97,98339.97,25.979
1/5/2025 7:30,98339.98,98355.83,98328.88,98345.75,22.40522
1/5/2025 7:45,98345.74,98345.75,98268.77,98268.77,24.05069
1/5/2025 8:00,98268.77,98268.78,97908.02,97951.01,213.82709
1/5/2025 8:15,97951.02,97951.02,97777.77,97897.1,178.60396
1/5/2025 8:30,97897.11,97941.97,97838.66,97885.3,71.94966
1/5/2025 8:45,97885.31,97911.36,97822,97861.04,47.35859
1/5/2025 9:00,97861.04,97943.02,97814.72,97904.2,50.77941
1/5/2025 9:15,97904.21,97940,97819.32,97819.33,45.96466
1/5/2025 9:30,97819.32,97900,97800,97899.99,66.99016
1/5/2025 9:45,97900,97910.74,97637.93,97652.2,177.40123
1/5/2025 10:00,97652.21,97776.68,97600,97724.81,178.74936
1/5/2025 10:15,97724.81,97756.48,97600.01,97600.02,57.10927
1/5/2025 10:30,97600.02,97715.25,97600.01,97695,57.90312
1/5/2025 10:45,97695,97748.84,97695,97737.48,38.02887
1/5/2025 11:00,97737.48,97767.65,97685.53,97706.19,36.39173
1/5/2025 11:15,97706.2,97822.16,97706.19,97727.27,54.58655
1/5/2025 11:30,97727.27,97735.96,97625.94,97668.62,45.3411
1/5/2025 11:45,97668.62,97668.62,97615.13,97641.63,50.39833
1/5/2025 12:00,97641.62,97737.9,97569.04,97737.64,65.81102
1/5/2025 12:15,97737.63,97922.89,97680,97717.27,97.9275
1/5/2025 12:30,97717.26,97796,97673.67,97769.66,74.86727
1/5/2025 12:45,97769.67,97956.66,97746.12,97770.01,77.86947
1/5/2025 13:00,97770.01,97905.51,97737.2,97861.46,63.00663
1/5/2025 13:15,97861.47,97965.31,97846.36,97965.3,56.24185
1/5/2025 13:30,97965.3,98018.96,97876,97877.86,77.57424
1/5/2025 13:45,97877.86,97877.86,97680.18,97689.96,85.12047
1/5/2025 14:00,97689.96,97779.96,97600,97645,93.55147
1/5/2025 14:15,97645,97645.01,97276.79,97484.97,446.46883
1/5/2025 14:30,97484.97,97678.56,97372.99,97675.19,119.45905
1/5/2025 14:45,97675.19,97967.08,97675.19,97855.06,117.17939
1/5/2025 15:00,97855.06,98024.48,97820.63,97820.63,133.31939
1/5/2025 15:15,97820.64,97909.1,97702.3,97908.1,74.0208
1/5/2025 15:30,97908.1,98281.89,97908.1,98090.37,225.41483
1/5/2025 15:45,98090.37,98167.51,98000,98028.98,59.47572
1/5/2025 16:00,98028.98,98332.54,97988.88,98195.62,242.08021
1/5/2025 16:15,98195.61,98235.79,98045.23,98082.34,73.20782
1/5/2025 16:30,98082.34,98087.18,97937.82,97996.12,77.44616
1/5/2025 16:45,97996.12,98113.29,97973.86,98035.17,61.82962
1/5/2025 17:00,98035.17,98078.94,97989.5,98014.32,63.29081
1/5/2025 17:15,98014.31,98014.32,97880.39,97967.99,98.23066
1/5/2025 17:30,97968,98023.84,97808.49,97849.49,100.14991
1/5/2025 17:45,97849.49,97849.49,97673.57,97731.08,96.98459
1/5/2025 18:00,97731.09,97777.46,97577.46,97700.81,134.58792
1/5/2025 18:15,97700.81,97752.18,97607.27,97706.91,82.80175
1/5/2025 18:30,97706.91,97860,97695.58,97837.66,48.54934
1/5/2025 18:45,97837.66,97927.98,97837.65,97918.91,35.35132
1/5/2025 19:00,97918.91,98039.73,97854.99,98037.38,57.33928
1/5/2025 19:15,98037.37,98109,97960.14,98056.22,114.62066
1/5/2025 19:30,98056.22,98071.57,97975.24,98017.03,87.02843
1/5/2025 19:45,98017.03,98079.64,97984,98079.63,47.86847
1/5/2025 20:00,98079.64,98138.83,98024,98128.61,50.35334
1/5/2025 20:15,98128.6,98678,98128.6,98482.49,420.18342
1/5/2025 20:30,98482.49,98497.32,98331.67,98344.06,85.54402
1/5/2025 20:45,98344.07,98354.74,98161.38,98275.71,124.38089
1/5/2025 21:00,98275.71,98404,98216.58,98396.93,129.05286
1/5/2025 21:15,98396.93,98419.94,98303.61,98303.61,84.70235
1/5/2025 21:30,98303.62,98487.1,98283.29,98429.65,54.56426
1/5/2025 21:45,98429.66,98522.46,98429.65,98496.52,59.46421
1/5/2025 22:00,98496.52,98512.29,98344,98377.52,60.36195
1/5/2025 22:15,98377.53,98556.3,98377.52,98550.18,54.40213
1/5/2025 22:30,98550.17,98745.45,98537.35,98660.01,191.33023
1/5/2025 22:45,98660.01,98738.6,98516.27,98695.21,101.75844
1/5/2025 23:00,98695.21,98836.85,98523.83,98555.84,247.62938
1/5/2025 23:15,98555.84,98592,98366.12,98475.09,96.7045
1/5/2025 23:30,98475.09,98504,98410.59,98424.24,57.10982
1/5/2025 23:45,98424.24,98479.85,98322.72,98363.61,68.23719
1/6/2025 0:00,98363.61,98626.77,98363.61,98455.89,159.94725
1/6/2025 0:15,98455.89,98773.48,98300,98477.68,126.26352
1/6/2025 0:30,98477.68,98561.96,98315.26,98428.55,112.44535
1/6/2025 0:45,98428.54,98454.42,98190.75,98217.23,95.57453
1/6/2025 1:00,98217.23,98345.68,98033.8,98049.61,144.13274
1/6/2025 1:15,98049.16,98139.49,97920,98121.23,117.72072
1/6/2025 1:30,98121.24,98275,98116,98275,55.09669
1/6/2025 1:45,98275,98816.28,98188.63,98759.43,250.42849
1/6/2025 2:00,98759.42,99333,98691.28,99028.96,933.46792
1/6/2025 2:15,99028.95,99028.95,98649.97,98757.01,266.23383
1/6/2025 2:30,98757.01,99118.24,98670.27,98862,284.05769
1/6/2025 2:45,98862.01,98987.99,98800.94,98815.39,129.66042
1/6/2025 3:00,98815.39,99027.24,98759.55,98961.91,108.77289
1/6/2025 3:15,98961.92,99124.24,98900,99099.09,218.4755
1/6/2025 3:30,99099.09,99235.99,99074.49,99119.8,127.8433
1/6/2025 3:45,99119.8,99127.83,99000,99037.57,67.10246
1/6/2025 4:00,99037.57,99289,99037.57,99282.13,139.98484
1/6/2025 4:15,99282.14,99444,99242.42,99250,174.8345
1/6/2025 4:30,99250,99287.52,99184.98,99204.68,136.42256
1/6/2025 4:45,99204.68,99500.88,99204.68,99466.09,194.2647
1/6/2025 5:00,99466.09,99609.99,99400,99413.4,157.48651
1/6/2025 5:15,99413.4,99666,99413.39,99660.12,174.54315
1/6/2025 5:30,99660.13,99826.36,99617.16,99729.7,312.67005
1/6/2025 5:45,99729.7,99892,99502,99600,294.68045
1/6/2025 6:00,99600,99700,99474.32,99521.44,145.79028
1/6/2025 6:15,99521.44,99636.37,99382.31,99484.83,258.82143
1/6/2025 6:30,99484.84,99763.99,99440.64,99699.3,157.47684
1/6/2025 6:45,99699.3,99721.66,99475.49,99512.21,241.76078
1/6/2025 7:00,99512.21,99529.87,99292.15,99380.77,210.22797
1/6/2025 7:15,99380.76,99382.5,99161.14,99322.68,157.63791
1/6/2025 7:30,99322.67,99400,99240.24,99303.04,67.80437
1/6/2025 7:45,99303.04,99423.68,99283.35,99318.7,120.22693
1/6/2025 8:00,99318.7,99625.69,99318.7,99563.76,140.24887
1/6/2025 8:15,99563.76,99563.77,99330,99395.09,96.27195
1/6/2025 8:30,99395.08,99426.38,99000,99046.63,266.95383
1/6/2025 8:45,99046.64,99233.79,99015.91,99043.49,170.85766
1/6/2025 9:00,99043.49,99250,99020,99179.99,144.48155
1/6/2025 9:15,99179.98,99179.99,99062.08,99114.26,96.23944
1/6/2025 9:30,99114.26,99145.63,99035.58,99054.87,108.82643
1/6/2025 9:45,99054.86,99107.31,98942.46,98999.99,97.84369
1/6/2025 10:00,99000,99057.95,98802.01,98882.01,179.75159
1/6/2025 10:15,98882.01,99026.45,98848.44,99010.43,128.69394
1/6/2025 10:30,99010.42,99010.43,98766.79,98766.79,86.18986
1/6/2025 10:45,98766.79,98851.39,98709.28,98767.96,131.23188
1/6/2025 11:00,98767.96,99036.93,98712,99013.62,102.66124
1/6/2025 11:15,99013.62,99312,98972.51,99248.69,326.53046
1/6/2025 11:30,99248.69,99410.23,99165.43,99240.75,142.42108
1/6/2025 11:45,99240.75,99324.84,99174.52,99259.99,96.25497
1/6/2025 12:00,99259.99,99520,99259.99,99485.57,142.75479
1/6/2025 12:15,99485.57,99713.13,99416,99572.49,201.87149
1/6/2025 12:30,99572.49,99572.5,99454.54,99539.01,112.98174
1/6/2025 12:45,99539.01,99545.46,99142.43,99157.12,166.53607
1/6/2025 13:00,99157.12,99236.1,99000.36,99044.49,145.01097
1/6/2025 13:15,99044.49,99363.6,98909.82,99320.03,231.82877
1/6/2025 13:30,99320.03,99389.54,99137.47,99282.82,112.15346
1/6/2025 13:45,99282.82,99575.85,99202.32,99492.51,142.23153
1/6/2025 14:00,99492.5,99600,99221.16,99277.36,200.25078
1/6/2025 14:15,99277.36,99318.52,98711.94,99055.01,448.97078
1/6/2025 14:30,99055,99677,98870.55,99527.81,673.54972
1/6/2025 14:45,99527.81,101295.23,99527.81,100737.03,2165.11409
1/6/2025 15:00,100737.03,101281.9,100481.99,101253.83,1143.35989
1/6/2025 15:15,101253.84,101700.62,100991.41,101678.1,878.86769
1/6/2025 15:30,101678.11,101977.08,101636.36,101969.51,809.61512
1/6/2025 15:45,101969.51,102468.92,101857.36,102147.95,833.12669
1/6/2025 16:00,102147.95,102465.6,101973.11,102198.37,748.98551
1/6/2025 16:15,102198.38,102480,102111.05,102440.02,382.7837
1/6/2025 16:30,102440.01,102469.35,101867.04,101883.16,440.50384
1/6/2025 16:45,101883.16,102300,101719.59,102158.67,573.31711
1/6/2025 17:00,102158.67,102158.68,101859.18,101900.01,409.94484
1/6/2025 17:15,101900.01,102040.79,101717.44,101830.53,302.68893
1/6/2025 17:30,101830.54,101983.19,101250,101414.7,545.93273
1/6/2025 17:45,101414.7,101851.81,101315.8,101831.95,258.48563
1/6/2025 18:00,101831.95,101945.77,101578.12,101945.76,212.30599
1/6/2025 18:15,101945.76,102029.02,101862.27,101933.84,266.49389
1/6/2025 18:30,101933.84,102053.61,101849.62,101954.15,151.26093
1/6/2025 18:45,101954.15,101998.56,101671.39,101738.8,204.24479
1/6/2025 19:00,101738.81,101939.4,101639.6,101921.58,175.75561
1/6/2025 19:15,101921.57,102032,101843.76,101892.96,169.9204
1/6/2025 19:30,101892.96,102009.79,101754.01,102009.78,147.65061
1/6/2025 19:45,102009.79,102030.3,101737.5,101817.22,137.85352
1/6/2025 20:00,101817.22,102181.82,101804,102181.82,301.95736
1/6/2025 20:15,102181.82,102318.5,102052.53,102114.94,242.56247
1/6/2025 20:30,102114.94,102235,101961.67,102018.52,318.52822
1/6/2025 20:45,102018.53,102300,101800,102127.38,595.49578
1/6/2025 21:00,102126.9,102329.98,101999.41,102039.68,350.91216
1/6/2025 21:15,102039.69,102183.59,101950,102060.6,311.65936
1/6/2025 21:30,102060.61,102070.32,101737.5,101769.08,180.71597
1/6/2025 21:45,101769.09,101864,101600.05,101611.92,166.91041
1/6/2025 22:00,101611.92,101752,101600.06,101711.59,115.23842
1/6/2025 22:15,101711.6,101970,101711.59,101928.58,104.22534
1/6/2025 22:30,101928.58,102084.13,101928.58,101975.52,71.33771
1/6/2025 22:45,101975.51,102077.52,101975.51,102011.98,74.35609
1/6/2025 23:00,102011.98,102176.87,101896.87,102000,150.32754
1/6/2025 23:15,102000,102142.44,101998.15,102082.76,130.52189
1/6/2025 23:30,102082.76,102199.99,101980.02,102179.25,77.53003
1/6/2025 23:45,102179.26,102239.58,102157.35,102235.6,77.48838
1/7/2025 0:00,102235.6,102255,101972.5,102031.96,171.7048
1/7/2025 0:15,102031.96,102423.57,101950,102380.85,182.66259
1/7/2025 0:30,102380.85,102724.38,102012.97,102056.5,465.2181
1/7/2025 0:45,102056.5,102212.13,101969.8,102042.46,160.78529
1/7/2025 1:00,102042.47,102071.9,101790.62,101818.18,191.46517
1/7/2025 1:15,101818.18,101909.02,101684.95,101685.27,110.87621
1/7/2025 1:30,101685.27,101984.01,101685.26,101973.79,175.67852
1/7/2025 1:45,101973.8,102026.6,101841.83,101915.66,80.28599
1/7/2025 2:00,101915.66,102018.98,101896.87,101960.06,83.60131
1/7/2025 2:15,101960.05,102013.74,101848.49,101848.49,95.39312
1/7/2025 2:30,101848.5,101876.27,101793.54,101815.73,79.65758
1/7/2025 2:45,101815.73,101841.28,101651.67,101677.66,133.75721
1/7/2025 3:00,101677.66,101818.19,101657.82,101666.73,142.55798
1/7/2025 3:15,101666.73,101714.37,101637,101655.51,80.90431
1/7/2025 3:30,101655.51,101798.42,101625,101625.01,86.95275
1/7/2025 3:45,101625.01,101729.53,101512.91,101708.08,115.91445
1/7/2025 4:00,101708.09,101854.86,101708.08,101854.86,64.85459
1/7/2025 4:15,101854.85,101878.79,101794.15,101878.78,76.13149
1/7/2025 4:30,101878.79,101925.77,101780.35,101780.4,74.04046
1/7/2025 4:45,101780.41,101812,101667.01,101667.02,74.07302
1/7/2025 5:00,101667.02,101775.71,101582.79,101704.53,88.69474
1/7/2025 5:15,101704.53,101786.07,101606.11,101718.53,87.97744
1/7/2025 5:30,101718.53,101740,101629.06,101642.35,96.91802
1/7/2025 5:45,101642.35,101749.15,101634.75,101743.47,67.99809
1/7/2025 6:00,101743.47,101743.47,101648.56,101738.95,94.76533
1/7/2025 6:15,101738.96,101894.47,101738.96,101832.89,74.06889
1/7/2025 6:30,101832.9,101858.2,101780.2,101840.78,82.5656
1/7/2025 6:45,101840.78,101840.79,101783.43,101820.53,84.6024
1/7/2025 7:00,101820.53,102015.01,101803.44,101868,124.58026
1/7/2025 7:15,101868.01,101868.01,101771.65,101773.95,60.52842
1/7/2025 7:30,101773.94,101801.6,101660.8,101748.71,176.06892
1/7/2025 7:45,101748.72,101748.72,101640.47,101664.81,164.90032
1/7/2025 8:00,101664.81,101738.26,101626,101636.37,134.10219
1/7/2025 8:15,101636.37,101812.29,101618.04,101789.6,114.42748
1/7/2025 8:30,101789.61,101895.73,101783.13,101875.25,91.99719
1/7/2025 8:45,101875.26,101995.64,101840.42,101905.08,115.09488
1/7/2025 9:00,101905.08,101914.11,101812.86,101850,53.6453
1/7/2025 9:15,101850.01,101850.01,101736.29,101765.07,113.99822
1/7/2025 9:30,101765.06,101765.07,101649.94,101661.16,197.80763
1/7/2025 9:45,101661.16,101769.93,101632.06,101723.19,124.95158
1/7/2025 10:00,101723.18,101723.19,101418.75,101436.02,332.77975
1/7/2025 10:15,101436.01,101553.55,101379.45,101529.89,169.76691
1/7/2025 10:30,101529.88,101573.94,101445.46,101496.72,121.13565
1/7/2025 10:45,101496.71,101496.71,101391.17,101406.78,92.68666
1/7/2025 11:00,101406.78,101452.99,101300,101383.95,168.73149
1/7/2025 11:15,101383.94,101453,101300,101364.55,144.67262
1/7/2025 11:30,101364.54,101364.55,100619.16,100666.66,761.43319
1/7/2025 11:45,100666.67,100917.92,100472.45,100830.86,497.64458
1/7/2025 12:00,100830.86,100956.99,100718.09,100718.09,270.07902
1/7/2025 12:15,100718.09,100820.17,100628.43,100635.12,169.81078
1/7/2025 12:30,100635.12,100891,100633.61,100854.5,161.83886
1/7/2025 12:45,100854.49,100919.23,100730,100750.89,123.36599
1/7/2025 13:00,100750.88,100847.01,100700,100752.46,135.60721
1/7/2025 13:15,100752.86,100944.26,100672.53,100939.29,224.88639
1/7/2025 13:30,100939.28,100960.06,100615.63,100713.91,245.86884
1/7/2025 13:45,100713.92,100795.44,100622.77,100636.8,137.68385
1/7/2025 14:00,100636.8,100816.47,100576,100576.01,150.31068
1/7/2025 14:15,100576.01,100862.91,100508.19,100759.69,184.06416
1/7/2025 14:30,100759.68,100849.99,100207.76,100716.61,832.63474
1/7/2025 14:45,100716.61,100818.97,99732,99979.69,1323.74761
1/7/2025 15:00,99979.69,100142.99,98400.48,98592.43,3371.7842
1/7/2025 15:15,98592.43,98827.84,98113.8,98457.16,1793.9377
1/7/2025 15:30,98457.16,98546.55,97513.51,97568.37,2071.65136
1/7/2025 15:45,97568.36,98300.64,97153.5,97952.26,1454.75606
1/7/2025 16:00,97952.26,98132,97586.41,97831.69,1035.15712
1/7/2025 16:15,97831.69,98096.93,97700,98013.38,449.37593
1/7/2025 16:30,98013.37,98347.81,97800,98200,519.38696
1/7/2025 16:45,98200,98212.13,97727.62,97733.58,398.86329
1/7/2025 17:00,97733.58,97806.03,97326.53,97385.44,478.56689
1/7/2025 17:15,97385.44,97563.39,97225,97320.81,379.19199
1/7/2025 17:30,97320.8,97571.15,96800.01,97229.98,747.18454
1/7/2025 17:45,97229.98,97380,96577,97277.31,779.96132
1/7/2025 18:00,97277.32,97541.6,97205.16,97398.99,375.92099
1/7/2025 18:15,97399.07,97407.04,97013.5,97061.84,342.53677
1/7/2025 18:30,97061.84,97127.75,96708.68,96864.62,477.45012
1/7/2025 18:45,96864.8,96939.4,96600,96750.86,355.25081
1/7/2025 19:00,96750.86,97178.91,96708.77,97165.6,283.93333
1/7/2025 19:15,97165.13,97200.01,96718.81,96862.16,312.89428
1/7/2025 19:30,96862.16,96866.81,96323.67,96687.64,532.04526
1/7/2025 19:45,96687.65,96816.78,96376.61,96451.98,353.19745
1/7/2025 20:00,96451.99,96715.18,96247.06,96460.43,466.7445
1/7/2025 20:15,96460.43,96550.67,96181.81,96272.74,325.0953
1/7/2025 20:30,96272.74,96610.62,96191.53,96245.62,457.89723
1/7/2025 20:45,96246.03,96870.52,96224.3,96533.35,570.7333
1/7/2025 21:00,96533.34,96893.28,96509.21,96882.62,365.22287
1/7/2025 21:15,96883.06,97028.08,96856.6,96920.01,213.39229
1/7/2025 21:30,96920.01,97094.19,96400,96659.1,284.39004
1/7/2025 21:45,96659.11,96764.68,96468,96501.22,298.94488
1/7/2025 22:00,96501.23,96980.39,96412,96900,258.43957
1/7/2025 22:15,96900.01,97000,96785.16,96921,123.66625
1/7/2025 22:30,96921,97220.76,96842.03,97119.6,193.27117
1/7/2025 22:45,97119.6,97172.96,96968.04,97164,133.33272
1/7/2025 23:00,97163.99,97163.99,96833.56,96886.06,230.33725
1/7/2025 23:15,96886.07,97169.65,96800.8,97066.89,214.06822
1/7/2025 23:30,97066.9,97167.43,96957,96957.01,191.03705
1/7/2025 23:45,96957.01,96981,96857.64,96954.61,175.29954
1/8/2025 0:00,96954.6,97039.99,96707.77,97014.24,201.68905
1/8/2025 0:15,97014.25,97127.97,96909.09,96928.42,179.07134
1/8/2025 0:30,96928.42,97209.55,96770.95,97209.55,176.55874
1/8/2025 0:45,97209.54,97268.65,97024.5,97268.49,260.50337
1/8/2025 1:00,97268.49,97268.5,96937.67,96937.68,149.24181
1/8/2025 1:15,96937.68,97119.18,96892.31,96978.44,124.14879
1/8/2025 1:30,96978.44,97090.91,96764.94,96824.22,192.52293
1/8/2025 1:45,96824.22,96919.82,96608.14,96907.15,285.13351
1/8/2025 2:00,96907.16,97099.09,96778.57,96988.5,231.01613
1/8/2025 2:15,96988.5,97181.82,96956.22,96979.6,186.7578
1/8/2025 2:30,96979.59,97176.11,96979.59,97037.39,170.80717
1/8/2025 2:45,97037.39,97037.4,96878.14,96878.14,88.68326
1/8/2025 3:00,96878.14,96878.14,96443.88,96639.2,458.45459
1/8/2025 3:15,96639.19,96837.56,96552.73,96612.25,190.34839
1/8/2025 3:30,96612.26,96800,96312.86,96484.84,215.5264
1/8/2025 3:45,96484.85,96561.17,96216.83,96525.2,393.38939
1/8/2025 4:00,96525.2,96634.58,96402.01,96524.25,270.04926
1/8/2025 4:15,96524.25,96535.25,96200.4,96500.01,288.53365
1/8/2025 4:30,96500.01,96510.17,96200.4,96283.11,173.31365
1/8/2025 4:45,96283.11,96382.07,96057.48,96274.81,373.21615
1/8/2025 5:00,96274.8,96389.55,96102.94,96327.05,188.11967
1/8/2025 5:15,96327.06,96631.85,96303.04,96620.89,244.15954
1/8/2025 5:30,96620.9,96654.61,96545.45,96582.55,115.17834
1/8/2025 5:45,96582.55,96636.37,96375.76,96492.01,158.40311
1/8/2025 6:00,96492.01,96636.37,96485.77,96537.61,130.29293
1/8/2025 6:15,96537.62,96557.12,96204.9,96204.91,190.21261
1/8/2025 6:30,96204.91,96206.93,95590,95773.99,867.25295
1/8/2025 6:45,95774,95835.57,95259.3,95284.31,683.0304
1/8/2025 7:00,95284.31,95706.58,95250.76,95702.79,431.69376
1/8/2025 7:15,95702.79,95702.8,95340,95481.5,280.6622
1/8/2025 7:30,95481.5,95588.88,95374.37,95582.9,276.02518
1/8/2025 7:45,95582.9,95815.52,95558.67,95657.09,338.12873
1/8/2025 8:00,95657.09,95766.97,95528.56,95695.72,248.10962
1/8/2025 8:15,95695.71,95976.77,95628.4,95838.06,294.0764
1/8/2025 8:30,95838.07,96132.47,95803.47,96109.35,217.53903
1/8/2025 8:45,96109.35,96119.12,95937.18,95945.99,157.87387
1/8/2025 9:00,95946,96078.04,95907.8,95992.7,114.49393
1/8/2025 9:15,95992.71,96098.1,95906.63,95912.72,158.68939
1/8/2025 9:30,95912.72,95919.46,95700,95799.51,170.33741
1/8/2025 9:45,95799.51,95809.9,95412,95432.82,169.70331
1/8/2025 10:00,95432.83,95696.29,95432.43,95556.42,149.57744
1/8/2025 10:15,95556.42,95879.94,95465.73,95862.26,221.64329
1/8/2025 10:30,95862.27,95880.59,95690,95743.26,164.5715
1/8/2025 10:45,95743.26,96000,95687.24,95961.02,177.80918
1/8/2025 11:00,95961.03,96052,95711.25,95741.26,171.12773
1/8/2025 11:15,95741.27,95813.58,95508,95555.3,125.93414
1/8/2025 11:30,95555.31,95587.39,94543.86,94783.99,1178.63202
1/8/2025 11:45,94784,95216.65,94754.56,95134.92,359.94605
1/8/2025 12:00,95134.92,95376.56,94957.23,95191.58,296.03521
1/8/2025 12:15,95191.58,95238.52,94944,95117.81,245.74045
1/8/2025 12:30,95117.56,95347.38,94852.23,95170.31,271.83899
1/8/2025 12:45,95170.31,95211.91,94876.47,94888.01,234.74636
1/8/2025 13:00,94888.01,95538.46,94888,95325.46,399.90624
1/8/2025 13:15,95325.46,95679.69,95258.48,95561.77,354.65769
1/8/2025 13:30,95561.76,95659.98,95235.78,95346.72,332.45706
1/8/2025 13:45,95346.72,95431.54,95147.43,95384,190.76587
1/8/2025 14:00,95384.01,95685.18,95202.77,95290.25,406.70319
1/8/2025 14:15,95290.24,95540.66,95250.01,95439.08,229.85919
1/8/2025 14:30,95439.07,95865.71,95017.28,95356.59,810.83131
1/8/2025 14:45,95356.59,95500,94888.88,95288.01,684.1333
1/8/2025 15:00,95288,96079.32,95133.61,95154.56,1042.16851
1/8/2025 15:15,95154.56,95421.18,94710,94797.37,739.46487
1/8/2025 15:30,94797.38,95258.33,94624.43,94995.64,519.81437
1/8/2025 15:45,94995.64,95523.02,94941.22,95493.77,764.98902
1/8/2025 16:00,95493.77,95555.25,94860.01,95013.43,446.18853
1/8/2025 16:15,95013.43,95263.2,94852.94,94886.24,277.98104
1/8/2025 16:30,94886.23,95149.61,94713.91,94804.46,442.02691
1/8/2025 16:45,94804.46,94876.99,94556.21,94787.87,378.9894
1/8/2025 17:00,94787.87,94847.99,93828.08,93859.53,1450.32374
1/8/2025 17:15,93859.54,94075.75,92899.02,93016.38,1535.10381
1/8/2025 17:30,93016.38,93768.5,92500.9,93619.51,1635.66944
1/8/2025 17:45,93619.79,94132.94,93428,94030.82,674.90437
1/8/2025 18:00,94030.81,94601.27,93977,94387.37,792.45118
1/8/2025 18:15,94387.38,95106.33,94350.01,94921.4,451.33414
1/8/2025 18:30,94921.4,94933.04,94342.67,94389.36,322.30757
1/8/2025 18:45,94389.36,94389.36,93753.99,94242.61,524.83155
1/8/2025 19:00,94242.62,94790.71,94059.33,94293.6,510.89812
1/8/2025 19:15,94293.59,94859.54,94291.27,94752,296.10046
1/8/2025 19:30,94752,94752,94053.82,94174.26,311.62027
1/8/2025 19:45,94174.25,94472.21,94100,94243.89,212.65229
1/8/2025 20:00,94243.89,94404,93800,93800,290.16707
1/8/2025 20:15,93800,94107.16,93755.48,94012.5,317.78387
1/8/2025 20:30,94012.49,94238.74,93968.19,94201.03,194.6738
1/8/2025 20:45,94201.04,94277.38,93868.92,93980,247.80237
1/8/2025 21:00,93982.01,94149.99,93750,93813.47,229.59249
1/8/2025 21:15,93813.46,94317.04,93600,94180.46,256.18915
1/8/2025 21:30,94180.46,94596,94107.8,94498.83,294.46637
1/8/2025 21:45,94498.84,94573.3,94339.52,94468.97,173.35969
1/8/2025 22:00,94468.97,94939.4,94460.86,94759.29,249.20992
1/8/2025 22:15,94759.3,94921.78,94586.09,94785.75,120.4057
1/8/2025 22:30,94785.75,95261.81,94723.68,95259.58,217.84747
1/8/2025 22:45,95259.57,95290.99,94902.22,95290.93,156.18437
1/8/2025 23:00,95290.93,95310.94,94950,95012,199.23596
1/8/2025 23:15,95012,95063.33,94950.64,95028.47,108.71057
1/8/2025 23:30,95028.47,95121.38,94900,95117.23,108.50648
1/8/2025 23:45,95117.23,95239.99,95003.69,95060.61,160.8601
1/9/2025 0:00,95060.61,95060.61,94900.26,94949.18,131.97746
1/9/2025 0:15,94949.17,95077.09,94809.07,94880,110.06315
1/9/2025 0:30,94880,95000,94823.52,95000,187.59375
1/9/2025 0:45,95000,95150,94979.98,95135.3,122.52783
1/9/2025 1:00,95135.3,95227.5,94973.78,95133.37,187.09202
1/9/2025 1:15,95133.37,95382.32,95133.37,95261.84,157.10847
1/9/2025 1:30,95261.83,95261.84,95078.42,95111.01,143.77607
1/9/2025 1:45,95111.01,95111.01,94966.66,94983.82,108.78522
1/9/2025 2:00,94983.82,95030.31,93422.89,94079.21,1746.98412
1/9/2025 2:15,94079.21,94679.69,94057.79,94484.36,841.43426
1/9/2025 2:30,94484.36,94805.57,94263.15,94805.56,429.2449
1/9/2025 2:45,94805.56,94878.52,94653,94776.99,201.55347
1/9/2025 3:00,94777,94800.69,94256.44,94363.65,399.751
1/9/2025 3:15,94363.65,94528,94312,94356.5,303.57503
1/9/2025 3:30,94356.5,94366.99,94168.02,94180.24,182.19088
1/9/2025 3:45,94180.23,94249.99,94017.93,94027.9,166.02745
1/9/2025 4:00,94027.91,94141.52,93851,93851.01,142.83309
1/9/2025 4:15,93851.01,94198.36,93796.99,94170.93,287.13847
1/9/2025 4:30,94170.93,94388.64,94129.99,94335.51,150.4333
1/9/2025 4:45,94335.51,94487.74,94266.15,94424.24,105.74319
1/9/2025 5:00,94424.24,94454.55,94280.65,94358.84,126.62373
1/9/2025 5:15,94358.83,94537.98,94312,94492.01,77.35453
1/9/2025 5:30,94492.01,94536,94405.5,94426.56,68.81668
1/9/2025 5:45,94426.57,94566.64,94371.06,94472.58,75.1387
1/9/2025 6:00,94472.59,94515.16,94277.16,94475.52,137.2767
1/9/2025 6:15,94475.52,94618.63,94337.19,94393.13,134.01987
1/9/2025 6:30,94393.14,94438.94,94218.86,94273.33,116.27941
1/9/2025 6:45,94273.32,94359.91,94048.07,94095.03,128.06623
1/9/2025 7:00,94095.04,94299.22,94054.75,94116.13,104.64856
1/9/2025 7:15,94116.13,94154.38,93741.26,93741.26,303.12252
1/9/2025 7:30,93741.26,93800,93299.34,93621.66,461.6139
1/9/2025 7:45,93621.66,93705.19,93186.38,93221.59,405.21126
1/9/2025 8:00,93221.59,93312.44,92839.3,92926.58,758.46378
1/9/2025 8:15,92924.26,93177.22,92800,92990,301.80845
1/9/2025 8:30,92990.01,93400.98,92750,93390.96,523.31056
1/9/2025 8:45,93390.95,93390.95,92804,93030.87,313.60607
1/9/2025 9:00,93030.88,93387.88,92970.96,93318.25,289.63903
1/9/2025 9:15,93318.25,93597.3,93318.25,93490.7,231.21595
1/9/2025 9:30,93490.69,93787.75,93432.5,93606.06,375.31695
1/9/2025 9:45,93606.05,93640,93464.94,93516.62,115.93132
1/9/2025 10:00,93516.63,93660,93500,93640.16,145.60821
1/9/2025 10:15,93640.17,93640.17,93202.6,93300.76,289.95596
1/9/2025 10:30,93300.76,93375.79,93016.55,93223.75,333.27833
1/9/2025 10:45,93223.75,93470,93105.85,93462.43,189.45611
1/9/2025 11:00,93462.43,93619.69,93312.52,93579.3,188.30841
1/9/2025 11:15,93579.3,93877.46,93552.97,93720.01,155.90826
1/9/2025 11:30,93720.01,93764.83,93224,93412.42,240.05506
1/9/2025 11:45,93412.42,93591.16,93350.23,93465.23,122.52417
1/9/2025 12:00,93465.23,93575.76,93284.45,93527.27,148.82954
1/9/2025 12:15,93527.28,93696.97,93440.15,93620,167.89463
1/9/2025 12:30,93620.01,93679.58,93304.44,93347.06,195.46147
1/9/2025 12:45,93347.07,93443.39,93155.25,93421.94,198.19604
1/9/2025 13:00,93421.94,93486.19,93085.15,93085.15,214.71849
1/9/2025 13:15,93085.15,93238.87,92684.02,92872.01,606.4988
1/9/2025 13:30,92872.02,92918.83,92100,92334.27,1428.16743
1/9/2025 13:45,92334.27,92405.69,91900.12,91986.42,1225.05088
1/9/2025 14:00,91986.41,92560,91800,92399.96,987.98981
1/9/2025 14:15,92399.96,92741.15,92210.54,92440.96,511.41726
1/9/2025 14:30,92440.95,92737,92099.47,92216.29,395.88525
1/9/2025 14:45,92216.29,92900,92181.7,92863.8,467.76736
1/9/2025 15:00,92863.81,92954.54,92671.67,92954.54,440.04368
1/9/2025 15:15,92954.53,93556.59,92954.53,93540.53,535.39142
1/9/2025 15:30,93540.52,93927.53,93452,93920,763.76133
1/9/2025 15:45,93920,94588.23,93815.33,94244.02,821.27724
1/9/2025 16:00,94244.02,94685.25,94170.42,94406.29,515.46876
1/9/2025 16:15,94406.25,94406.25,93905.18,94027.11,488.92009
1/9/2025 16:30,94027.1,94203.99,93846.15,94143.83,340.02311
1/9/2025 16:45,94143.82,94399.99,94095.84,94250.95,252.65573
1/9/2025 17:00,94250.96,94293.96,93968.84,94001.53,206.40467
1/9/2025 17:15,94001.52,94076.5,93649.41,93802.25,288.54765
1/9/2025 17:30,93802.25,93842.39,93409.01,93452.63,291.53588
1/9/2025 17:45,93452.62,93452.63,92325,92693.11,1141.49304
1/9/2025 18:00,92693.11,92939.32,92403.77,92749.15,512.05925
1/9/2025 18:15,92749.15,92873.76,92404.72,92756.01,370.21683
1/9/2025 18:30,92756.01,93239.51,92615.38,93014.93,297.19819
1/9/2025 18:45,93014.93,93139.99,92818.65,93020.11,260.9435
1/9/2025 19:00,93020.1,93291.96,92844.77,93289.73,241.86451
1/9/2025 19:15,93289.72,93290.99,92752.38,92842.5,161.70021
1/9/2025 19:30,92842.5,93035.4,92630.44,92668.16,270.82403
1/9/2025 19:45,92668.17,92682.05,91900.01,91909.59,984.80853
1/9/2025 20:00,91909.59,92371.32,91615.38,91762.39,767.16654
1/9/2025 20:15,91762.4,92013.15,91203.67,91291.69,1258.88356
1/9/2025 20:30,91291.69,91875.36,91220.5,91810.35,494.53792
1/9/2025 20:45,91810.16,92200,91642.61,91903.22,427.51169
1/9/2025 21:00,91903.21,92251.3,91781.09,92183.46,389.59651
1/9/2025 21:15,92183.56,92497.66,92064,92277.94,312.09068
1/9/2025 21:30,92277.93,92350,92038.33,92239.61,218.59757
1/9/2025 21:45,92239.6,92300.42,91921.28,92108.84,193.51578
1/9/2025 22:00,92108.84,92287.63,91624,91686.82,338.17352
1/9/2025 22:15,91686.82,92185.92,91638.71,92185.92,252.19122
1/9/2025 22:30,92186.66,92720.67,92186.66,92592.77,394.51008
1/9/2025 22:45,92592.77,92627.59,92363.63,92456.32,142.00692
1/9/2025 23:00,92456.32,92689.38,92347.04,92461.01,257.43188
1/9/2025 23:15,92461.01,92500,92185.49,92227.36,171.29167
1/9/2025 23:30,92227.36,92319.94,92034.55,92186.93,212.13586
1/9/2025 23:45,92186.93,92562.47,92163.46,92552.49,163.789
1/10/2025 0:00,92552.49,92764.54,92524.08,92637.77,305.13092
1/10/2025 0:15,92637.65,92766.64,92431.73,92567,215.03256
1/10/2025 0:30,92567.01,92757.55,92457.65,92704.51,137.27102
1/10/2025 0:45,92704.51,92850,92534.95,92775.84,108.17212
1/10/2025 1:00,92775.85,92878.79,92590.33,92829.45,195.64513
1/10/2025 1:15,92829.45,92916.66,92670,92789.78,108.33914
1/10/2025 1:30,92789.78,93133.32,92763.55,93113.97,174.83841
1/10/2025 1:45,93113.98,93159.16,92893.85,93102.52,167.68206
1/10/2025 2:00,93102.52,93259.33,93088.58,93111.57,185.92037
1/10/2025 2:15,93111.57,93548.76,93033.5,93515.41,166.76844
1/10/2025 2:30,93515.41,93726.87,93252.6,93329.65,406.64601
1/10/2025 2:45,93329.65,93541.35,93309.7,93364.36,150.72314
1/10/2025 3:00,93364.36,93588,93328.46,93432.74,159.11585
1/10/2025 3:15,93432.74,93566.82,93312.58,93554.99,141.74792
1/10/2025 3:30,93555,93620,93429.68,93536.48,134.93082
1/10/2025 3:45,93536.49,93727.83,93520.76,93696.13,170.07675
1/10/2025 4:00,93696.13,93908.85,93598.97,93705.7,212.14962
1/10/2025 4:15,93705.71,93809.16,93529.59,93567.69,108.72731
1/10/2025 4:30,93567.7,93768.5,93500,93720.76,105.78418
1/10/2025 4:45,93720.76,93845.83,93675.51,93837.69,113.07838
1/10/2025 5:00,93837.69,93895.62,93744.07,93744.08,108.84893
1/10/2025 5:15,93744.07,93808,93642.85,93808,172.60117
1/10/2025 5:30,93808,94250.07,93808,94102.28,373.99832
1/10/2025 5:45,94102.29,94145.16,93904.48,93956.83,148.20391
1/10/2025 6:00,93956.83,94141.91,93880.65,93977.17,137.05816
1/10/2025 6:15,93977.16,94111.62,93911.99,93946.06,243.74752
1/10/2025 6:30,93946.06,94186,93733.83,94111.63,329.36905
1/10/2025 6:45,94111.63,94319,94084.24,94252.83,173.65071
1/10/2025 7:00,94252.83,94314.31,94070,94247.16,146.55127
1/10/2025 7:15,94247.17,94366.49,94159.6,94356.71,115.30859
1/10/2025 7:30,94356.72,94950.07,94272,94811.12,631.21454
1/10/2025 7:45,94811.13,95000,94441.16,94492.63,481.99212
1/10/2025 8:00,94492.62,94733.33,94388.5,94733.23,242.62444
1/10/2025 8:15,94733.23,94766.12,94565.91,94692.73,154.13277
1/10/2025 8:30,94692.73,94696.96,94488.38,94519.99,204.80774
1/10/2025 8:45,94520,94735.96,94468.76,94680.01,185.36149
1/10/2025 9:00,94680,94833.55,94582.03,94822.13,168.33597
1/10/2025 9:15,94822.13,94958.64,94767.73,94941.24,167.79978
1/10/2025 9:30,94941.24,94969.7,94854.59,94867.49,182.84068
1/10/2025 9:45,94867.48,95000.55,94771.45,94793.08,231.74664
1/10/2025 10:00,94793.07,94981.53,94789.82,94958.47,111.2001
1/10/2025 10:15,94958.48,94975.33,94781.25,94788.99,143.10351
1/10/2025 10:30,94788.99,94990.15,94757.57,94974.9,153.53116
1/10/2025 10:45,94974.89,95293.4,94915.45,95215.73,191.50206
1/10/2025 11:00,95215.73,95267.16,94935.62,94951.97,191.82827
1/10/2025 11:15,94951.97,94998.25,94802.34,94804.45,132.55277
1/10/2025 11:30,94803.89,94936.27,94600.49,94911.79,285.42207
1/10/2025 11:45,94911.8,95083.46,94860.46,95073.95,99.77788
1/10/2025 12:00,95073.95,95117.26,94850.22,94884.69,179.63303
1/10/2025 12:15,94884.69,94934,94737.19,94776.87,193.47011
1/10/2025 12:30,94776.87,94899.99,94702.49,94805.25,94.65929
1/10/2025 12:45,94805.26,95063.67,94781.4,95023.44,117.91946
1/10/2025 13:00,95023.44,95046,94790.2,94802.93,135.02255
1/10/2025 13:15,94803.5,95007.79,94733.49,94818.18,165.04608
1/10/2025 13:30,94818.18,94834.77,92715.85,93548,3266.37298
1/10/2025 13:45,93548,93916.75,93140,93557.23,870.1657
1/10/2025 14:00,93557.23,94385.65,93379.93,94151.53,746.34168
1/10/2025 14:15,94151.53,94680.76,94120.01,94409.6,539.18279
1/10/2025 14:30,94409.59,94454.54,93570,94295.2,1121.44304
1/10/2025 14:45,94295.21,94568,93681.15,94115.63,630.61959
1/10/2025 15:00,94115.62,94115.62,92206.02,92356.61,1547.91241
1/10/2025 15:15,92356.62,93390.74,92321.1,93269.55,999.07417
1/10/2025 15:30,93269.55,94397.57,93035.04,94104.01,720.4063
1/10/2025 15:45,94104.01,94524,93706.34,93730.92,680.83983
1/10/2025 16:00,93730.93,93860,93388.01,93637.28,654.67722
1/10/2025 16:15,93637.29,94014.21,93344.7,93424.25,444.16079
1/10/2025 16:30,93424.25,93931.99,93177.4,93865.16,534.41104
1/10/2025 16:45,93865.15,94062.94,93589.52,93645.05,533.69305
1/10/2025 17:00,93645.06,93752.02,93318.07,93535.89,457.21085
1/10/2025 17:15,93535.88,94363.64,93479.26,94363.64,429.70574
1/10/2025 17:30,94363.63,94496,94045.45,94424.49,416.18969
1/10/2025 17:45,94424.49,95836,94270.1,95793.05,1312.57911
1/10/2025 18:00,95793.04,95793.04,95350,95424.49,845.18833
1/10/2025 18:15,95424.26,95460,94832,94962.27,418.82701
1/10/2025 18:30,94962.28,94991.16,94581.87,94710.59,424.96563
1/10/2025 18:45,94710.6,95135.5,94701,94861.62,300.48868
1/10/2025 19:00,94861.62,94923.84,94373.85,94744.76,352.89063
1/10/2025 19:15,94744.28,95188.06,94693.73,94984.52,288.53413
1/10/2025 19:30,94984.52,95259.54,94942.75,95108,239.62248
1/10/2025 19:45,95108,95386.74,94976.14,95327.06,307.44701
1/10/2025 20:00,95327.07,95442.15,95171.29,95171.29,248.79936
1/10/2025 20:15,95171.29,95199.2,94790.97,94925.58,241.53715
1/10/2025 20:30,94924.84,94985.63,94586.02,94711.23,212.29496
1/10/2025 20:45,94711.23,94923.07,94616.01,94672.05,348.11053
1/10/2025 21:00,94669.06,94812.86,94603.72,94812.85,193.43249
1/10/2025 21:15,94812.86,94917.6,94734.37,94872,82.78157
1/10/2025 21:30,94871.99,94923.05,94687.72,94722.86,63.11859
1/10/2025 21:45,94722.86,94908.85,94613.25,94613.26,104.42883
1/10/2025 22:00,94613.26,94682.54,94586.03,94615.1,84.87661
1/10/2025 22:15,94615.1,94818.19,94588.01,94803.53,73.37068
1/10/2025 22:30,94803.54,94955.54,94600.13,94854.62,126.43164
1/10/2025 22:45,94854.62,94854.62,94667.24,94767.7,58.04379
1/10/2025 23:00,94767.69,94815.31,94657.39,94790.02,98.95638
1/10/2025 23:15,94790.01,94894.81,94700,94876.21,58.50173
1/10/2025 23:30,94876.21,94890.12,94784.41,94804.52,79.09475
1/10/2025 23:45,94804.52,94808.97,94695.86,94726.11,63.49301
1/11/2025 0:00,94726.1,94746.37,94629.23,94661.91,90.25479
1/11/2025 0:15,94661.91,94661.91,94360.65,94496.8,141.63517
1/11/2025 0:30,94496.81,94616,94382.08,94382.14,79.66968
1/11/2025 0:45,94382.14,94606.08,94379.19,94600.69,48.60369
1/11/2025 1:00,94600.7,94696.97,94528.91,94630.7,71.88124
1/11/2025 1:15,94630.69,94666.67,94516.26,94526.42,64.17973
1/11/2025 1:30,94526.43,94575.76,94325.82,94330.38,103.8317
1/11/2025 1:45,94330.38,94433.08,94214.38,94424.26,95.89858
1/11/2025 2:00,94424.26,94495.9,94303.37,94320.19,67.31336
1/11/2025 2:15,94320.19,94341.59,94212,94275.48,106.71363
1/11/2025 2:30,94275.47,94381.32,94180,94312.48,82.11399
1/11/2025 2:45,94312.49,94483.18,94278.58,94424.24,48.26559
1/11/2025 3:00,94424.24,94429.84,94177.37,94239.02,106.50688
1/11/2025 3:15,94239.02,94273.78,94106.49,94161.94,50.28692
1/11/2025 3:30,94161.95,94242.43,94126.35,94234.47,43.73173
1/11/2025 3:45,94234.46,94272.73,94165.89,94206.95,74.94703
1/11/2025 4:00,94206.96,94316.09,94148,94163.55,86.62673
1/11/2025 4:15,94163.54,94225.25,94071.21,94071.21,46.558
1/11/2025 4:30,94071.22,94097.4,93831.73,93974.01,209.30889
1/11/2025 4:45,93974.02,94070.04,93903.16,94063.29,66.91096
1/11/2025 5:00,94063.29,94212.1,94013.51,94200,69.28321
1/11/2025 5:15,94199.99,94204.5,94102,94189.66,45.12466
1/11/2025 5:30,94189.65,94363.62,94151.51,94316.54,70.66047
1/11/2025 5:45,94316.55,94381.08,94242.43,94366.69,50.07271
1/11/2025 6:00,94366.7,94441.87,94362,94383.79,46.86634
1/11/2025 6:15,94383.79,94406.52,94322.4,94406.52,33.76271
1/11/2025 6:30,94406.52,94419.5,94292.03,94377.78,40.23329
1/11/2025 6:45,94377.77,94377.78,94216.25,94216.25,29.73905
1/11/2025 7:00,94216.26,94333.34,94205.67,94323.31,48.90157
1/11/2025 7:15,94323.31,94331.9,94169.74,94187.88,49.07047
1/11/2025 7:30,94187.87,94275.02,94154.6,94183.9,46.46108
1/11/2025 7:45,94183.91,94246.36,94151.51,94246.36,49.97952
1/11/2025 8:00,94246.36,94385.58,94202,94385.57,50.9673
1/11/2025 8:15,94385.58,94408.34,94301,94357.86,40.55411
1/11/2025 8:30,94357.86,94361.94,94202.11,94222.08,42.9059
1/11/2025 8:45,94222.08,94222.09,94031.22,94074.79,92.49767
1/11/2025 9:00,94074.8,94177.99,94044.82,94177.98,60.97717
1/11/2025 9:15,94177.98,94231.57,94138.44,94231.56,27.95099
1/11/2025 9:30,94231.57,94329.8,94217.68,94329.79,71.31932
1/11/2025 9:45,94329.79,94329.8,94227.88,94329.45,37.40566
1/11/2025 10:00,94329.46,94415.99,94329.45,94399.98,73.58859
1/11/2025 10:15,94399.98,94415.99,94320.05,94362.35,46.49178
1/11/2025 10:30,94362.35,94424.24,94300.01,94393.69,41.30134
1/11/2025 10:45,94393.69,94528.27,94380.25,94488.86,109.95555
1/11/2025 11:00,94488.87,94619.1,94455.04,94503.15,110.30077
1/11/2025 11:15,94503.15,94660.97,94492.31,94597.02,55.1945
1/11/2025 11:30,94597.03,94791.67,94580.51,94751.99,86.47182
1/11/2025 11:45,94752,94752.01,94600,94625.65,61.80892
1/11/2025 12:00,94625.66,94649.7,94528.01,94540.35,57.53704
1/11/2025 12:15,94540.36,94655.2,94540.35,94601.26,44.1363
1/11/2025 12:30,94601.26,94611.84,94548,94611.6,49.38793
1/11/2025 12:45,94611.6,94631.06,94545.21,94550.01,43.58884
1/11/2025 13:00,94550,94606.11,94428.83,94524.47,65.19556
1/11/2025 13:15,94524.47,94524.48,94364.93,94451.02,75.3071
1/11/2025 13:30,94451.02,94475.39,94342.63,94407.35,56.72282
1/11/2025 13:45,94407.35,94448.16,94383.33,94400.01,36.21838
1/11/2025 14:00,94400.01,94460.44,94330,94340.91,53.03214
1/11/2025 14:15,94340.9,94397.28,94307.25,94389.25,43.42319
1/11/2025 14:30,94389.26,94638.44,94389.25,94557.27,86.95585
1/11/2025 14:45,94557.27,94636.92,94493.2,94620,95.16957
1/11/2025 15:00,94620,94647.05,94500.55,94500.55,45.85953
1/11/2025 15:15,94500.56,94517.52,94410.25,94451.9,61.82521
1/11/2025 15:30,94451.89,94487.41,94393.93,94462.01,45.38482
1/11/2025 15:45,94462.01,94466.33,94377.57,94410.26,32.03533
1/11/2025 16:00,94410.26,94484.85,94312.56,94421.89,73.27694
1/11/2025 16:15,94421.9,94499.12,94369.23,94432.54,50.64131
1/11/2025 16:30,94432.54,94708.12,94432.53,94670.68,82.84193
1/11/2025 16:45,94670.68,94685.54,94443.65,94448.14,71.70946
1/11/2025 17:00,94448.14,94448.14,94065.26,94111.18,189.36709
1/11/2025 17:15,94111.18,94194.32,93984.55,94112.85,135.47095
1/11/2025 17:30,94112.85,94243.9,94048.96,94184.5,62.46893
1/11/2025 17:45,94184.49,94184.5,94068.55,94151.52,34.70368
1/11/2025 18:00,94151.51,94263.23,94121,94254.48,50.12574
1/11/2025 18:15,94254.48,94306.62,94197.23,94289.09,51.91464
1/11/2025 18:30,94289.08,94298.95,94159.99,94191.82,34.84248
1/11/2025 18:45,94191.83,94296.8,94181.81,94275.79,34.623
1/11/2025 19:00,94275.79,94327.4,94198.25,94249.41,33.67951
1/11/2025 19:15,94249.41,94303.6,94246.6,94246.6,22.22708
1/11/2025 19:30,94246.6,94246.6,94084.64,94153.6,39.12344
1/11/2025 19:45,94153.6,94257.22,94114.8,94249.26,49.3331
1/11/2025 20:00,94249.27,94286.47,94200.89,94216.21,39.20066
1/11/2025 20:15,94216.21,94483.04,94206.97,94483.04,57.13202
1/11/2025 20:30,94483.04,94499.29,94381.92,94485.59,53.8447
1/11/2025 20:45,94485.59,94668.31,94453.83,94586.11,131.92253
1/11/2025 21:00,94586.12,94725,94575.75,94661.61,212.43711
1/11/2025 21:15,94661.61,94877.99,94661.6,94808.93,133.29248
1/11/2025 21:30,94808.93,94808.93,94658.18,94751.99,91.22746
1/11/2025 21:45,94752,95050.94,94697.43,94940.76,381.10058
1/11/2025 22:00,94940.75,95005,94771.15,94806.95,259.40982
1/11/2025 22:15,94806.94,94810.67,94724.05,94724.06,60.90167
1/11/2025 22:30,94724.06,94799.4,94625.1,94642.97,139.27222
1/11/2025 22:45,94642.96,94693.51,94561,94593.8,73.11218
1/11/2025 23:00,94593.8,94696,94570.54,94603.39,69.88693
1/11/2025 23:15,94603.39,94705,94567.41,94677.45,37.94029
1/11/2025 23:30,94677.45,94753.37,94640.28,94640.28,48.66524
1/11/2025 23:45,94640.29,94647.3,94541.66,94599.99,75.34476
1/12/2025 0:00,94599.99,94655.22,94546.62,94619.73,71.30699
1/12/2025 0:15,94619.74,94623.69,94500.56,94516.58,80.256
1/12/2025 0:30,94516.57,94575.76,94471.11,94524.59,104.8793
1/12/2025 0:45,94524.59,94544.36,94422.13,94452.07,64.31355
1/12/2025 1:00,94452.08,94485.26,94384.78,94401.95,63.18032
1/12/2025 1:15,94401.95,94432.9,94296.99,94350.17,86.52198
1/12/2025 1:30,94350.18,94490.98,94350.17,94428.2,67.93145
1/12/2025 1:45,94428.2,94589.46,94428.19,94580,83.0392
1/12/2025 2:00,94580,94584.79,94491.8,94549.99,36.2642
1/12/2025 2:15,94549.99,94550,94480.58,94545.45,38.83826
1/12/2025 2:30,94545.45,94670,94510.49,94589.09,52.10709
1/12/2025 2:45,94589.09,94639.93,94528,94625.25,24.94241
1/12/2025 3:00,94625.25,94699,94600,94622.32,62.70561
1/12/2025 3:15,94622.31,94622.32,94432.65,94453.67,44.59488
1/12/2025 3:30,94453.67,94559.5,94418.56,94548.77,49.57095
1/12/2025 3:45,94548.76,94622.4,94527.78,94622.4,54.0332
1/12/2025 4:00,94622.4,94635.82,94584,94584.01,32.69383
1/12/2025 4:15,94584.01,94650,94575.75,94632.42,31.68276
1/12/2025 4:30,94632.43,94641.11,94567.19,94607.07,36.2777
1/12/2025 4:45,94607.06,94613.52,94500,94587.99,31.61837
1/12/2025 5:00,94587.99,94627.8,94580.84,94607.71,22.21646
1/12/2025 5:15,94607.71,94619.1,94550,94592.54,20.09492
1/12/2025 5:30,94592.54,94600.42,94500,94523.53,26.93035
1/12/2025 5:45,94523.74,94571.43,94522.8,94571.43,23.29704
1/12/2025 6:00,94571.43,94616,94501.46,94549.8,59.84821
1/12/2025 6:15,94549.8,94591.49,94472,94488.73,30.25633
1/12/2025 6:30,94488.74,94521.49,94428,94428.01,29.18787
1/12/2025 6:45,94428.01,94464.61,94357.14,94381.78,44.21141
1/12/2025 7:00,94381.78,94441.42,94274.01,94311.99,54.63866
1/12/2025 7:15,94312,94418.87,94311.99,94392.2,43.77292
1/12/2025 7:30,94392.2,94439.94,94313.88,94313.89,35.40084
1/12/2025 7:45,94313.89,94387.22,94290.66,94323.85,33.04909
1/12/2025 8:00,94323.85,94393.57,94323.84,94362.17,33.58897
1/12/2025 8:15,94362.16,94379.99,94329.35,94342.44,22.00401
1/12/2025 8:30,94342.43,94342.44,94173.31,94267.03,102.50941
1/12/2025 8:45,94267.03,94267.03,94109,94170.01,97.80825
1/12/2025 9:00,94170.01,94222.41,94132.51,94222.41,79.91072
1/12/2025 9:15,94222.41,94222.41,94000,94000.01,169.73963
1/12/2025 9:30,94000.01,94029.43,93760.4,93785.55,169.16211
1/12/2025 9:45,93785.54,93906.22,93711.19,93906.22,122.90959
1/12/2025 10:00,93906.21,93985.54,93842.07,93968.84,148.29052
1/12/2025 10:15,93968.85,94056.04,93850,93935.63,139.34342
1/12/2025 10:30,93935.63,93971.32,93836.51,93971.32,59.22914
1/12/2025 10:45,93971.31,94040.14,93958.34,94015.16,91.27741
1/12/2025 11:00,94015.17,94164.11,94015.16,94155,87.0742
1/12/2025 11:15,94155,94325.03,94112.09,94285.96,101.77281
1/12/2025 11:30,94285.95,94348.55,94259.57,94348.54,64.71629
1/12/2025 11:45,94348.55,94348.64,94255.1,94255.1,52.9844
1/12/2025 12:00,94255.1,94433.8,94173.48,94433.79,143.82895
1/12/2025 12:15,94433.8,94600,94411.68,94442.03,133.3387
1/12/2025 12:30,94442.03,94475.07,94352.21,94438.07,56.46517
1/12/2025 12:45,94438.07,94464.74,94328.2,94328.2,80.4642
1/12/2025 13:00,94328.21,94536,94303.03,94536,137.872
1/12/2025 13:15,94535.99,94721.29,94512,94648.28,181.29236
1/12/2025 13:30,94648.29,94710.99,94533.33,94533.34,113.04125
1/12/2025 13:45,94533.33,94730.04,94533.33,94663.78,170.09979
1/12/2025 14:00,94663.77,94922.39,94663.77,94852.53,126.20928
1/12/2025 14:15,94852.34,94980.21,94809.91,94824.54,117.23873
1/12/2025 14:30,94824.53,94994.49,94824.53,94873.71,136.12937
1/12/2025 14:45,94873.7,94921.57,94771.61,94811,64.60516
1/12/2025 15:00,94811,94834.72,94675.54,94729.06,53.02884
1/12/2025 15:15,94729.07,95450.1,94727.27,95267.2,432.30854
1/12/2025 15:30,95267.19,95309.39,94974.91,95075.16,120.12171
1/12/2025 15:45,95075.16,95122.69,95022.38,95071.9,62.09337
1/12/2025 16:00,95071.91,95131.05,94848.48,94848.49,92.83885
1/12/2025 16:15,94848.49,94932.82,94791.43,94882,72.52295
1/12/2025 16:30,94882.01,95063.89,94882.01,94943.58,68.45999
1/12/2025 16:45,94943.57,95046.76,94909.55,95046.76,36.09671
1/12/2025 17:00,95046.76,95200,95021.8,95152,68.259
1/12/2025 17:15,95152,95206.07,95089.53,95089.55,71.29188
1/12/2025 17:30,95089.55,95271.56,94984.36,95239.65,135.38855
1/12/2025 17:45,95239.66,95255.38,95139.45,95139.45,46.04639
1/12/2025 18:00,95139.46,95314.12,95116,95191.32,72.55703
1/12/2025 18:15,95191.32,95224.28,95090.9,95102.8,42.66937
1/12/2025 18:30,95102.8,95107.7,94928.04,94933.54,59.24581
1/12/2025 18:45,94933.53,95037.75,94916,94992.64,47.73053
1/12/2025 19:00,94992.65,95055.93,94807.52,94839.03,176.82769
1/12/2025 19:15,94839.02,94872.08,94666,94708.48,195.01682
1/12/2025 19:30,94708.48,94805.08,94708.48,94781.55,49.50486
1/12/2025 19:45,94781.54,94804.63,94578.54,94650.26,87.13746
1/12/2025 20:00,94650.26,94787.88,94639.22,94787.88,55.77321
1/12/2025 20:15,94787.87,94800,94708.42,94772.31,32.67204
1/12/2025 20:30,94772.32,94777.43,94683.24,94716.39,42.27588
1/12/2025 20:45,94716.38,94716.39,94612,94687.69,52.83413
1/12/2025 21:00,94687.69,94727.28,94510.75,94510.75,43.60164
1/12/2025 21:15,94510.76,94647.3,94387.73,94609.1,123.29002
1/12/2025 21:30,94609.09,94647.99,94471.16,94518.24,70.41258
1/12/2025 21:45,94518.23,94518.23,94302.9,94352.7,98.90647
1/12/2025 22:00,94352.7,94362.92,93914.57,94043.2,245.33822
1/12/2025 22:15,94043.21,94057.6,93850.01,93916.09,196.55311
1/12/2025 22:30,93916.09,94163.15,93800,94024.99,271.87753
1/12/2025 22:45,94025,94090.91,93870,93962.91,117.28325
1/12/2025 23:00,93962.91,94250,93946.96,94239.32,395.04924
1/12/2025 23:15,94239.32,94291.57,94073,94287.16,160.93062
1/12/2025 23:30,94287.16,94470.03,94287.16,94444.03,104.81395
1/12/2025 23:45,94444.03,94563.82,94410,94545.06,63.53999
1/13/2025 0:00,94545.07,94636.37,94463.32,94566.13,89.89224
1/13/2025 0:15,94566.14,95592.11,94467.9,95261.67,420.11299
1/13/2025 0:30,95261.67,95940,95226.12,95582.29,563.78788
1/13/2025 0:45,95582.28,95782.42,95286.91,95325.43,186.19149
1/13/2025 1:00,95325.43,95400,95060.36,95069.81,200.45817
1/13/2025 1:15,95069.8,95268.59,94821.17,95176.41,238.95263
1/13/2025 1:30,95176.41,95243.14,94681.15,94710.43,162.7257
1/13/2025 1:45,94710.43,94816.32,94081.38,94218.01,398.37382
1/13/2025 2:00,94218.01,94337.58,94094.04,94290.35,189.74737
1/13/2025 2:15,94290.34,94500,94200.8,94326.54,110.71312
1/13/2025 2:30,94326.53,94350,94078.07,94090.91,125.21082
1/13/2025 2:45,94090.91,94224.35,93899.99,94217.43,197.31464
1/13/2025 3:00,94217.43,94408.17,94090.91,94191.15,118.90796
1/13/2025 3:15,94191.15,94324.76,94011.31,94300.02,100.28007
1/13/2025 3:30,94300.02,94384.55,94238.97,94292.23,64.97313
1/13/2025 3:45,94292.23,94292.23,93972.54,94269.23,318.9156
1/13/2025 4:00,94269.23,94595.79,94202.76,94500.07,201.13931
1/13/2025 4:15,94500.07,94880,94482,94807.18,107.34371
1/13/2025 4:30,94807.18,94913.03,94581.33,94581.34,99.32781
1/13/2025 4:45,94581.33,94601.05,94434.05,94503.34,97.29677
1/13/2025 5:00,94503.34,94543.28,94246.25,94334.39,97.01044
1/13/2025 5:15,94334.39,94466.46,94200,94249.27,68.81968
1/13/2025 5:30,94249.27,94275.95,94110.07,94196.84,138.89547
1/13/2025 5:45,94196.84,94271.73,94045.45,94181.37,110.91853
1/13/2025 6:00,94181.37,94327.35,94101,94250.01,78.8474
1/13/2025 6:15,94250,94252.36,94072.06,94114,134.20331
1/13/2025 6:30,94114,94123.81,93857,93861.82,191.37588
1/13/2025 6:45,93861.82,93893.45,93281,93637.37,667.16208
1/13/2025 7:00,93637.38,93789.91,93480,93606.06,234.93336
1/13/2025 7:15,93606.06,93733.9,93469.2,93702.23,137.13286
1/13/2025 7:30,93702.23,93947.3,93643.42,93808,177.22217
1/13/2025 7:45,93808,93808,93536.09,93590.24,110.20982
1/13/2025 8:00,93590.24,93661.55,93342.49,93439.93,167.00015
1/13/2025 8:15,93439.93,93526.51,92904.35,93237.25,447.99216
1/13/2025 8:30,93237.24,93336.26,93120.53,93269.28,230.72288
1/13/2025 8:45,93269.28,93315.83,92950.01,93039.1,260.59879
1/13/2025 9:00,93039.11,93195.99,92886.44,92948.53,313.20754
1/13/2025 9:15,92948.52,93053,92762,92813.86,315.40433
1/13/2025 9:30,92813.86,93185.34,92644.11,92935.89,462.12158
1/13/2025 9:45,92935.88,93097.17,92846.79,92846.79,217.5823
1/13/2025 10:00,92846.79,92889.06,92560,92652.97,559.11559
1/13/2025 10:15,92652.98,92652.98,91889.78,92006.73,1065.8179
1/13/2025 10:30,92006.73,92006.73,91555,91610.01,920.79438
1/13/2025 10:45,91610.01,91790,91372.17,91644.96,915.85145
1/13/2025 11:00,91644.96,91760,91369.84,91390.01,685.06428
1/13/2025 11:15,91390,91776.04,91305.35,91462.93,762.23923
1/13/2025 11:30,91462.92,91532.59,90833.12,91000,1805.76543
1/13/2025 11:45,90999.99,91385.21,90850,90851.22,941.36636
1/13/2025 12:00,90851.23,91350,90555,90981.13,1324.55772
1/13/2025 12:15,90981.13,91120,90690.92,90849.15,628.59316
1/13/2025 12:30,90849.16,90877.02,90300,90828.22,1014.18753
1/13/2025 12:45,90828.21,91017.41,90511.22,90732,880.22637
1/13/2025 13:00,90732,91480.11,90583.24,91400.58,1153.88615
1/13/2025 13:15,91400.58,91780,91300.93,91409.96,604.39475
1/13/2025 13:30,91409.96,91529.41,91119.97,91214.27,439.5435
1/13/2025 13:45,91214.28,91220,91000,91131.41,437.78402
1/13/2025 14:00,91131.41,91155.46,90651.13,90833.73,642.61127
1/13/2025 14:15,90833.73,91112,90783.29,90947.74,440.59047
1/13/2025 14:30,90947.73,91589.41,89256.69,91245.66,3508.58472
1/13/2025 14:45,91245.67,92300,90929.96,91833.03,1700.15294
1/13/2025 15:00,91833.03,92506.35,91570,92397.73,1032.96401
1/13/2025 15:15,92397.73,93100,92022.99,92215.11,938.541
1/13/2025 15:30,92215.11,92720,91933.49,92659.26,625.07322
1/13/2025 15:45,92659.26,92689.33,92123.73,92123.75,397.13636
1/13/2025 16:00,92123.75,92289.07,91609.86,91816.81,558.76713
1/13/2025 16:15,91816.81,91957.17,91450.62,91693.49,526.38813
1/13/2025 16:30,91693.49,92094.22,91432.15,92065.74,483.68026
1/13/2025 16:45,92065.74,92189.04,91250,91343.2,398.63538
1/13/2025 17:00,91343.21,92058.33,91250,91735.63,427.57717
1/13/2025 17:15,91735.47,92133.6,91729.17,92027.84,328.77381
1/13/2025 17:30,92027.84,92300,91631.11,91710.12,285.14656
1/13/2025 17:45,91710.37,92000,91581.19,91983.96,251.3404
1/13/2025 18:00,91983.96,92405.39,91852.45,92043.02,299.47562
1/13/2025 18:15,92043.02,92050.88,91593.85,91717.09,280.41921
1/13/2025 18:30,91717.09,92234.29,91717.09,91813.61,296.86848
1/13/2025 18:45,91813.61,92244.17,91725.07,92077.65,269.48472
1/13/2025 19:00,92077.65,92332,91962,91965.57,307.57702
1/13/2025 19:15,91965.57,92200,91600,92172,280.7048
1/13/2025 19:30,92172,92420,92007.6,92390.9,302.67256
1/13/2025 19:45,92390.91,92534.1,92037.04,92312.18,299.61572
1/13/2025 20:00,92312.18,92394.95,91966.8,91966.81,231.85245
1/13/2025 20:15,91966.8,92358.8,91908.2,92129.32,198.69108
1/13/2025 20:30,92129.33,92993.24,92105.89,92965.1,341.97182
1/13/2025 20:45,92965.1,93783.12,92962.16,93575.53,990.74775
1/13/2025 21:00,93575.53,93938.37,93401.84,93773.12,578.99151
1/13/2025 21:15,93773.11,93896.26,93518.12,93855.98,292.08904
1/13/2025 21:30,93855.98,94454.51,93738.75,94451.52,544.29478
1/13/2025 21:45,94451.53,94472,94127.16,94193.49,347.35556
1/13/2025 22:00,94193.49,94650,94152,94650,381.82385
1/13/2025 22:15,94650,94727.15,94405.4,94555.61,233.30718
1/13/2025 22:30,94555.61,94593.92,94200,94361.96,178.16259
1/13/2025 22:45,94361.96,94452,94232.23,94399.98,125.52556
1/13/2025 23:00,94399.99,94486.63,94164.77,94430.22,154.62289
1/13/2025 23:15,94430.22,94453.27,94200,94265.55,115.94722
1/13/2025 23:30,94265.54,94448.37,94244.88,94417.41,141.60371
1/13/2025 23:45,94417.4,94612.7,94336.01,94536.1,187.5825
1/14/2025 0:00,94536.11,94563.11,94369.15,94418.09,141.4013
1/14/2025 0:15,94418.1,94880,94418.1,94584.48,466.16201
1/14/2025 0:30,94584.48,94638.04,94346.22,94354.81,344.55638
1/14/2025 0:45,94354.8,94564,94347.18,94470.77,137.67661
1/14/2025 1:00,94470.76,95024.5,94462.59,94991.59,285.38867
1/14/2025 1:15,94991.59,95041.17,94651.84,94928.5,213.1948
1/14/2025 1:30,94928.51,94991.6,94666,94681.88,152.69698
1/14/2025 1:45,94681.88,94856.68,94588.51,94834.5,142.65373
1/14/2025 2:00,94834.5,95000,94749.57,94941.16,156.71343
1/14/2025 2:15,94941.17,95280.8,94923.91,95209.98,381.89445
1/14/2025 2:30,95209.99,95222,94981.72,95015.41,199.73315
1/14/2025 2:45,95015.4,95037.43,94865.38,94882.65,122.81254
1/14/2025 3:00,94882.65,95013.46,94828.46,94979.12,111.91334
1/14/2025 3:15,94979.12,95112.61,94860.49,95038.78,189.73947
1/14/2025 3:30,95038.78,95093.75,94873,94945.01,147.58584
1/14/2025 3:45,94945.01,94972.33,94842.1,94861.4,109.16108
1/14/2025 4:00,94861.39,95133.35,94861.39,95132,196.00904
1/14/2025 4:15,95133.33,95149.32,94927.91,94938.32,136.03274
1/14/2025 4:30,94938.33,94999.48,94830.25,94964.02,107.5215
1/14/2025 4:45,94964.01,95122,94953.9,95119.19,113.05885
1/14/2025 5:00,95119.18,95464.71,95105.8,95450.4,312.50397
1/14/2025 5:15,95450.41,95450.41,95126,95171.79,149.92157
1/14/2025 5:30,95171.8,95233.3,95072.26,95101.62,130.82449
1/14/2025 5:45,95101.61,95101.61,94861.39,94916.08,87.38693
1/14/2025 6:00,94916.08,94990.51,94786.26,94851.15,167.52628
1/14/2025 6:15,94851.15,94923.58,94757.3,94823.11,102.67947
1/14/2025 6:30,94823.11,94957.55,94753.42,94940.28,104.16935
1/14/2025 6:45,94940.29,95031.94,94842.35,95031.94,154.4639
1/14/2025 7:00,95031.93,95168.6,95005.32,95069.98,167.11775
1/14/2025 7:15,95069.98,95079.99,94962.47,95030.83,202.84365
1/14/2025 7:30,95030.84,95100,94842.71,94850.01,136.03926
1/14/2025 7:45,94850.01,94910.08,94838.56,94864,90.66145
1/14/2025 8:00,94863.99,95585.06,94860.11,95536.46,386.93312
1/14/2025 8:15,95536.46,95750,95257.34,95350.99,472.40625
1/14/2025 8:30,95350.99,95686.73,95247.81,95642.02,397.42276
1/14/2025 8:45,95642.02,95819.7,95480.69,95488.5,298.50659
1/14/2025 9:00,95488.51,95861.45,95469.51,95861.45,671.73055
1/14/2025 9:15,95861.46,96475.44,95806.06,96407.72,625.58722
1/14/2025 9:30,96407.72,96882.36,96265.4,96789.99,524.13279
1/14/2025 9:45,96790,97371,96712,97159.44,898.5956
1/14/2025 10:00,97159.43,97194.26,96663.74,96737.57,530.44665
1/14/2025 10:15,96737.57,96940,96644.51,96753.68,330.25312
1/14/2025 10:30,96753.68,96778.71,96580.01,96768.14,303.90641
1/14/2025 10:45,96768.13,96814.13,96579.31,96697.08,229.89343
1/14/2025 11:00,96686.09,96687.15,96555.01,96596,151.40629
1/14/2025 11:15,96595.99,96642.97,96336.92,96462.8,294.09923
1/14/2025 11:30,96462.8,96680,96382,96649.11,204.33367
1/14/2025 11:45,96649.12,96654,96506.23,96548.04,176.17343
1/14/2025 12:00,96548.04,96700,96258.32,96322,644.80977
1/14/2025 12:15,96322,96363.49,95972.58,96168.88,362.99968
1/14/2025 12:30,96168.88,96320.97,96095.64,96152.45,172.04997
1/14/2025 12:45,96152.45,96243.79,95988,95988,190.08632
1/14/2025 13:00,95988.01,96110,95851.25,96001.87,229.54628
1/14/2025 13:15,96001.87,96029.86,95748.93,95898.65,273.99014
1/14/2025 13:30,95898.66,97263.02,95898.65,96296,1657.22052
1/14/2025 13:45,96296.01,96689.71,96276.35,96336,383.29988
1/14/2025 14:00,96336,96426.08,96029.73,96324,345.90923
1/14/2025 14:15,96323.99,96839.99,96228.59,96791.75,275.80266
1/14/2025 14:30,96791.75,97265.48,96640.55,96815.98,1025.64258
1/14/2025 14:45,96815.99,96889.14,96140.6,96293.6,488.28918
1/14/2025 15:00,96293.61,96894.88,96184.02,96805.62,623.49092
1/14/2025 15:15,96805.61,96974.82,96317.62,96494.95,337.41714
1/14/2025 15:30,96494.96,96900,96390,96873.88,547.88141
1/14/2025 15:45,96873.88,96873.88,96459.49,96471.65,835.89655
1/14/2025 16:00,96471.65,96471.66,95650.01,96045.56,925.62498
1/14/2025 16:15,96045.56,96328.89,95823.07,95867.98,427.12776
1/14/2025 16:30,95867.98,95989.5,95365.07,95442.13,457.8718
1/14/2025 16:45,95442.14,95837.97,95351.76,95745.43,408.62278
1/14/2025 17:00,95745.42,96140,95584.83,96058.01,318.65355
1/14/2025 17:15,96058,96215.86,95728.61,96038.81,273.9145
1/14/2025 17:30,96038.82,96278.05,95708.44,96164.48,195.94403
1/14/2025 17:45,96164.49,96550.46,96101.11,96527.96,261.98056
1/14/2025 18:00,96527.96,96676.2,96335.02,96335.02,318.6083
1/14/2025 18:15,96335.03,96697.48,96290.85,96642.25,241.03391
1/14/2025 18:30,96642.25,96877.88,96561.53,96765.74,214.58931
1/14/2025 18:45,96766.09,96958.97,96667.27,96777.8,222.40053
1/14/2025 19:00,96777.79,96930.77,96619.82,96930.77,212.33525
1/14/2025 19:15,96930.76,97033.76,96795.81,96872,227.09415
1/14/2025 19:30,96871.99,97088.57,96828.75,96895.99,181.28277
1/14/2025 19:45,96896,96917.86,96466.03,96537.8,247.49836
1/14/2025 20:00,96537.23,96595.43,96152.31,96449.99,287.78867
1/14/2025 20:15,96450,96921.13,96450,96897.91,211.11827
1/14/2025 20:30,96897.91,96913.79,96365.95,96578.12,203.35301
1/14/2025 20:45,96578.11,96726.28,96355.14,96505.04,328.85219
1/14/2025 21:00,96505.98,96678.18,96450,96561.88,203.30835
1/14/2025 21:15,96561.89,96658.14,96517.21,96517.22,133.593
1/14/2025 21:30,96517.21,96517.21,96315.38,96451.72,121.19287
1/14/2025 21:45,96451.72,96486.1,96346.76,96486.09,103.44692
1/14/2025 22:00,96486.1,96599.99,96450,96533.98,84.99394
1/14/2025 22:15,96533.99,96657.78,96483.38,96650,60.84738
1/14/2025 22:30,96650.23,96699,96535.89,96640,82.52038
1/14/2025 22:45,96640,96741.95,96579.98,96691.91,82.27118
1/14/2025 23:00,96691.91,96780.02,96569.74,96583.36,75.33005
1/14/2025 23:15,96583.36,96678.65,96512.68,96522.08,60.25838
1/14/2025 23:30,96522.07,96721.68,96500.49,96678.51,60.59332
1/14/2025 23:45,96678.5,96719.02,96536.95,96560.86,60.36376
1/15/2025 0:00,96560.85,96864.61,96500,96853.45,168.22771
1/15/2025 0:15,96853.46,97266.36,96766.21,97208.22,352.38186
1/15/2025 0:30,97208.21,97332.52,96800.01,96858.11,333.30008
1/15/2025 0:45,96858.11,97000,96766.02,96889.36,145.03037
1/15/2025 1:00,96889.36,97213.95,96789.38,97006.89,191.27256
1/15/2025 1:15,97006.88,97200,96852.96,97116.45,134.90144
1/15/2025 1:30,97116.45,97444,96993.35,97279.31,297.30461
1/15/2025 1:45,97279.31,97554.63,97042.36,97349.62,378.66456
1/15/2025 2:00,97349.61,97464.8,97106.03,97155.76,211.74725
1/15/2025 2:15,97155.77,97172,96943.96,96948.84,147.24272
1/15/2025 2:30,96948.85,96980,96746.71,96900.03,171.40794
1/15/2025 2:45,96900.02,97062.83,96824.06,96824.06,116.96586
1/15/2025 3:00,96824.06,97225,96824.06,97064.61,117.46755
1/15/2025 3:15,97064.61,97162.73,96751.47,96926.65,245.61944
1/15/2025 3:30,96926.65,97176.93,96917.48,97076.4,148.81492
1/15/2025 3:45,97076.4,97324,97014.94,97317.12,129.62064
1/15/2025 4:00,97317.12,97724.96,97250.36,97296.57,523.2616
1/15/2025 4:15,97296.57,97430.96,97072.7,97260.96,180.55216
1/15/2025 4:30,97260.96,97374.38,97164.94,97227.59,316.28695
1/15/2025 4:45,97227.59,97250,97152.86,97189.71,105.88661
1/15/2025 5:00,97189.71,97242.29,96818.08,96861.77,303.51015
1/15/2025 5:15,96861.78,97002,96750,96973.31,369.52843
1/15/2025 5:30,96973.31,97013.22,96885.61,96989.97,83.66351
1/15/2025 5:45,96989.97,97077.72,96987.88,97029.97,52.9663
1/15/2025 6:00,97029.97,97100,96900,96902.31,142.66324
1/15/2025 6:15,96902.3,97043.97,96859.99,96860,84.28975
1/15/2025 6:30,96860,97011.11,96851.5,96968.67,129.78131
1/15/2025 6:45,96968.67,97147.95,96965.49,97105.48,100.51407
1/15/2025 7:00,97105.48,97244.01,97105.47,97160.87,89.28446
1/15/2025 7:15,97160.87,97566.32,97160.87,97539.57,235.56433
1/15/2025 7:30,97539.57,97600.31,97250,97250,228.71787
1/15/2025 7:45,97250,97341.04,97173.32,97301.35,113.38785
1/15/2025 8:00,97301.35,97462.82,97224.7,97342.44,153.80585
1/15/2025 8:15,97342.44,97487.42,97153.48,97487.42,292.19828
1/15/2025 8:30,97487.42,97524,97343.96,97386.77,211.07249
1/15/2025 8:45,97386.77,97386.78,97184.61,97202.26,119.80709
1/15/2025 9:00,97202.27,97366.11,97158.4,97325.01,184.78531
1/15/2025 9:15,97325.01,97358.57,96889.14,96889.15,174.53987
1/15/2025 9:30,96889.14,97054.23,96883.96,97054.22,186.88732
1/15/2025 9:45,97054.23,97054.23,96766.57,96816.47,229.50712
1/15/2025 10:00,96816.47,97011.39,96721.39,96891.49,161.99395
1/15/2025 10:15,96891.16,97100,96842.08,97072.01,150.35787
1/15/2025 10:30,97072.01,97136.28,96978.44,97006.8,86.75079
1/15/2025 10:45,97006.81,97054.14,96889.14,96933.59,88.27077
1/15/2025 11:00,96933.59,96942.37,96668.12,96798.37,157.82582
1/15/2025 11:15,96798.37,96806,96521,96641.12,248.10126
1/15/2025 11:30,96641.11,96735.3,96552,96686.98,132.90429
1/15/2025 11:45,96686.99,96781.9,96653.31,96762.18,83.8956
1/15/2025 12:00,96762.19,96795.14,96619.82,96627.83,102.20101
1/15/2025 12:15,96627.82,96646.77,96539.77,96591.96,142.05142
1/15/2025 12:30,96591.97,97194.35,96575.51,97096.91,261.66868
1/15/2025 12:45,97096.91,97096.91,96900.23,96942.93,142.15501
1/15/2025 13:00,96942.92,97075.6,96924.68,96944.34,148.13843
1/15/2025 13:15,96944.33,97333,96852.38,97286.61,309.76336
1/15/2025 13:30,97286.6,98692.04,97276.91,98511.99,3092.71103
1/15/2025 13:45,98512,99073.39,98504,98964,1298.62125
1/15/2025 14:00,98963.99,99451,98800.35,98942.95,1052.97501
1/15/2025 14:15,98942.95,99153.66,98613.99,98729.41,683.60803
1/15/2025 14:30,98729.41,99090.4,98644.78,98993.11,732.41858
1/15/2025 14:45,98993.1,99499,98831.45,99434.41,709.76295
1/15/2025 15:00,99434.8,99696,99225.86,99263.2,981.16378
1/15/2025 15:15,99263.2,99799.98,99135.48,99714.21,925.26927
1/15/2025 15:30,99712.45,99712.45,99250,99270.83,575.13827
1/15/2025 15:45,99270.83,99482.89,98964.71,98992.42,421.30489
1/15/2025 16:00,98992.42,99479.53,98992.42,99434.94,450.99361
1/15/2025 16:15,99434.94,99467.69,99084.67,99274.64,301.26183
1/15/2025 16:30,99274.64,99274.64,98888.98,99004.98,402.64917
1/15/2025 16:45,99004.97,99128,98922.04,98995.58,253.07807
1/15/2025 17:00,98995.58,99316.41,98976.37,99277.31,286.3891
1/15/2025 17:15,99277.31,99335.91,99017.29,99102.01,228.2237
1/15/2025 17:30,99102.02,99307.69,99030,99091.33,211.27459
1/15/2025 17:45,99091.34,99128.09,98602.05,98645.65,365.15694
1/15/2025 18:00,98645.65,98905.96,98645.65,98903.98,197.80083
1/15/2025 18:15,98903.99,99152.67,98903.99,99087.21,126.85394
1/15/2025 18:30,99087.21,99271.56,99000.01,99236.4,181.41436
1/15/2025 18:45,99236.41,99483.87,99221.9,99446.14,294.92468
1/15/2025 19:00,99446.15,99600,99346.15,99377.62,433.1298
1/15/2025 19:15,99378.42,99476.43,99297.41,99365.92,258.49813
1/15/2025 19:30,99365.93,99712.99,99347.29,99434.31,474.16502
1/15/2025 19:45,99434.32,99990,99416.1,99844.9,572.006
1/15/2025 20:00,99844.91,100399.99,99733.49,100245.7,905.33847
1/15/2025 20:15,100245.7,100681.94,100123.54,100179.63,616.05975
1/15/2025 20:30,100179.62,100200.02,99684.32,99755.3,466.1365
1/15/2025 20:45,99755.3,99821.78,99460.8,99566.4,477.11208
1/15/2025 21:00,99566.34,99800,99476.16,99766.79,260.38344
1/15/2025 21:15,99766.79,99876.4,99642.83,99782.7,206.77201
1/15/2025 21:30,99782.71,99797.02,99589.35,99589.35,144.73004
1/15/2025 21:45,99589.35,99838.77,99568.73,99672,197.3431
1/15/2025 22:00,99671.99,99701.2,99564,99615.76,131.88152
1/15/2025 22:15,99615.77,99649.99,99570.06,99580.03,96.13894
1/15/2025 22:30,99580.02,99798.07,99580.02,99782.7,160.35763
1/15/2025 22:45,99782.7,99838.28,99684.43,99713.46,146.17312
1/15/2025 23:00,99713.45,99774.8,99632.73,99672.3,164.73517
1/15/2025 23:15,99672.29,100161.73,99672.29,100138.26,289.98202
1/15/2025 23:30,100138.25,100300,99901.85,100296,358.53983
1/15/2025 23:45,100296,100510.05,100103.44,100497.35,259.00565
1/16/2025 0:00,100497.35,100866.66,100298.15,100299.13,655.67553
1/16/2025 0:15,100299.12,100543.48,100070.13,100353.38,309.83773
1/16/2025 0:30,100353.39,100427.89,99658.78,99848.19,727.74081
1/16/2025 0:45,99848.2,99918.25,99671.25,99869.26,350.63209
1/16/2025 1:00,99869.26,100119.71,99814.91,100018.64,412.53819
1/16/2025 1:15,100018.64,100076,99835.87,99982.09,155.65268
1/16/2025 1:30,99982.09,100150,99867.17,100090.04,165.55016
1/16/2025 1:45,100090.04,100200,99985.21,100082.35,246.95168
1/16/2025 2:00,100082.35,100112,99911.38,100040,182.78848
1/16/2025 2:15,100040,100040.01,99724.02,99729.07,153.01289
1/16/2025 2:30,99729.06,99882.95,99558.66,99608.36,303.99132
1/16/2025 2:45,99608.35,99680.42,99471.48,99637.77,232.66713
1/16/2025 3:00,99637.78,99848,99576.01,99700.94,177.15844
1/16/2025 3:15,99700.95,99726.91,99513.49,99540,157.52032
1/16/2025 3:30,99540,99545.45,99170,99457.55,371.78377
1/16/2025 3:45,99457.56,99538.06,99375.87,99478.03,161.25227
1/16/2025 4:00,99478.04,99688.75,99478.03,99628.99,139.75127
1/16/2025 4:15,99628.99,99650.87,99560.01,99610.02,129.72261
1/16/2025 4:30,99610.01,99698.7,99596.32,99600,112.48521
1/16/2025 4:45,99600.01,99610,99554.54,99610,81.4407
1/16/2025 5:00,99610,99610,99374.01,99381.76,138.31984
1/16/2025 5:15,99381.75,99560,99355.23,99516,82.96055
1/16/2025 5:30,99515.99,99613.99,99396.42,99433.67,100.00786
1/16/2025 5:45,99433.67,99498.27,99372.5,99382.11,83.49153
1/16/2025 6:00,99382.11,99480.12,99322.19,99472.07,86.79788
1/16/2025 6:15,99472.07,99680.46,99416.09,99680.46,147.42503
1/16/2025 6:30,99680.45,99921.86,99680.45,99810.41,350.93836
1/16/2025 6:45,99810.42,99827.31,99703.78,99801.23,114.93879
1/16/2025 7:00,99801.22,99850,99715.51,99767.44,114.40231
1/16/2025 7:15,99767.44,99825.89,99650.33,99715.52,91.41435
1/16/2025 7:30,99715.52,99789.7,99665.7,99756.96,115.02327
1/16/2025 7:45,99756.96,99800,99692.01,99799.99,82.73882
1/16/2025 8:00,99800,99816.34,99715.51,99790.5,175.45273
1/16/2025 8:15,99790.49,99820,99410.23,99549.99,147.72057
1/16/2025 8:30,99549.99,99550,99005,99052.09,340.06521
1/16/2025 8:45,99052.08,99130,98617.55,98955.8,801.82811
1/16/2025 9:00,98955.81,99079.99,98649.41,98838.45,406.45684
1/16/2025 9:15,98838.44,99060.62,98699.99,98947.46,509.39664
1/16/2025 9:30,98947.45,99119.99,98824.19,99067.25,177.35301
1/16/2025 9:45,99067.25,99315,99056.31,99152.93,162.12604
1/16/2025 10:00,99152.93,99300,99122.07,99237.4,145.77859
1/16/2025 10:15,99237.41,99368,99159.11,99345.62,155.70815
1/16/2025 10:30,99345.63,99405.74,99217.8,99223.9,104.94022
1/16/2025 10:45,99223.9,99308.23,99200.01,99214.25,52.79119
1/16/2025 11:00,99214.26,99333.24,99030.84,99202.24,210.81779
1/16/2025 11:15,99202.24,99219.53,98699.99,99064.8,560.76771
1/16/2025 11:30,99064.8,99192.9,98924.63,99076.1,129.88403
1/16/2025 11:45,99076.1,99277.72,99040.86,99158.71,143.40921
1/16/2025 12:00,99158.7,99303.61,98886.95,99261.22,212.61164
1/16/2025 12:15,99261.22,99474.4,99188,99210.12,218.1627
1/16/2025 12:30,99210.12,99517.93,99203.1,99362.3,211.1839
1/16/2025 12:45,99362.3,99500.01,99268.98,99392.09,218.86512
1/16/2025 13:00,99392.09,99424.81,98857.98,98907.26,335.4456
1/16/2025 13:15,98907.26,99176,98777.87,98830.7,282.29368
1/16/2025 13:30,98830.71,99461.93,98830.7,99391.59,606.39158
1/16/2025 13:45,99391.59,99432,99054.45,99084.04,261.64483
1/16/2025 14:00,99084.05,99164.81,98860.44,99134.69,283.85569
1/16/2025 14:15,99134.7,99424.96,99134.25,99345.27,235.72447
1/16/2025 14:30,99345.27,99345.27,98222.15,98260.61,814.83683
1/16/2025 14:45,98262,98262,97489.74,97618.89,1690.44761
1/16/2025 15:00,97618.88,98292.29,97335.13,97813.15,1163.21812
1/16/2025 15:15,97813.16,98436.82,97741.05,98414.57,487.20117
1/16/2025 15:30,98414.57,98533,98041.66,98321.09,356.43205
1/16/2025 15:45,98321.08,99299,98208.73,99296.17,574.61503
1/16/2025 16:00,99296.17,99815.27,99180.99,99418.82,786.54795
1/16/2025 16:15,99418.81,99726.63,99079.05,99714.85,435.845
1/16/2025 16:30,99714.85,99873.37,99280.81,99310.75,459.79669
1/16/2025 16:45,99310.76,99511.11,99179.1,99346.39,363.03926
1/16/2025 17:00,99346.39,99500,99178.3,99394.4,246.17942
1/16/2025 17:15,99394.39,99884.66,99264,99868.92,210.93286
1/16/2025 17:30,99868.92,100361.54,99820.89,99995.98,621.50478
1/16/2025 17:45,99995.98,100100,99728,99838.54,301.0525
1/16/2025 18:00,99838.55,100070.8,99632.22,99647.54,297.75334
1/16/2025 18:15,99647.53,99674.25,99461.52,99495.33,193.54554
1/16/2025 18:30,99495.33,99581,99290.47,99395.98,223.5208
1/16/2025 18:45,99395.98,99647.75,99260.45,99584.24,194.7858
1/16/2025 19:00,99584.23,99789,99408,99738.52,166.41897
1/16/2025 19:15,99738.53,99862.66,99577.48,99772.05,142.57012
1/16/2025 19:30,99772.05,100060.3,99698.71,100027.7,269.63082
1/16/2025 19:45,100027.7,100448.72,100026.25,100417.2,432.59224
1/16/2025 20:00,100417.2,100598.21,100256.85,100413.92,552.75554
1/16/2025 20:15,100413.92,100615.65,100259.14,100615.64,307.7549
1/16/2025 20:30,100615.64,100641.99,100464,100501.9,271.83741
1/16/2025 20:45,100501.9,100607.1,100290.6,100343.99,375.34992
1/16/2025 21:00,100344,100399.33,100149.81,100210.04,190.40273
1/16/2025 21:15,100210.05,100230.42,99717.6,99880.09,331.03101
1/16/2025 21:30,99880.09,100210.33,99815.16,100187.99,150.58485
1/16/2025 21:45,100187.99,100230.76,99912.49,100156.98,189.90231
1/16/2025 22:00,100156.98,100156.98,99858.62,99915.37,165.29179
1/16/2025 22:15,99915.37,99990,99567.82,99596.8,121.9126
1/16/2025 22:30,99596.8,99625.2,99377,99551.8,147.12991
1/16/2025 22:45,99551.81,99842.69,99506.76,99838.25,109.24471
1/16/2025 23:00,99838.25,100100,99746,100002.14,336.36751
1/16/2025 23:15,100002.15,100115.87,99828.16,99891.23,161.95294
1/16/2025 23:30,99891.23,100115.87,99821.19,100099.99,87.07776
1/16/2025 23:45,100100,100100,99974.13,99987.3,74.50326
1/17/2025 0:00,99987.3,100350,99950.77,100277.8,203.64377
1/17/2025 0:15,100277.79,100434.96,100065.24,100156,328.0793
1/17/2025 0:30,100155.99,100300,100113.9,100190.3,122.52174
1/17/2025 0:45,100190.31,100190.31,100064.85,100120.58,79.24785
1/17/2025 1:00,100120.58,100300,100060.35,100080.79,177.16957
1/17/2025 1:15,100080.78,100256,100050,100215.07,135.5166
1/17/2025 1:30,100215.07,101666,100204.83,101635.49,1792.29109
1/17/2025 1:45,101635.5,101833.28,101210.89,101659.8,1024.05979
1/17/2025 2:00,101659.8,101812.5,101467.36,101812.49,385.0316
1/17/2025 2:15,101812.49,102148.13,101803.13,101858.15,968.02958
1/17/2025 2:30,101858.15,101928.64,101549.52,101563.96,427.32874
1/17/2025 2:45,101563.95,101563.96,100780.54,101100,488.99312
1/17/2025 3:00,101100,101271.74,100986.79,101013.99,236.32106
1/17/2025 3:15,101013.98,101129.69,100943.77,100983.56,162.75214
1/17/2025 3:30,100983.57,101258.17,100983.56,101041.61,183.09895
1/17/2025 3:45,101041.61,101142.82,100982.26,101051.73,177.45924
1/17/2025 4:00,101051.73,101282.76,100965.67,101000.81,180.12529
1/17/2025 4:15,101000.81,101219.1,100952.1,101194,213.31666
1/17/2025 4:30,101194,101223.13,101030,101180.32,108.04333
1/17/2025 4:45,101180.32,101490.78,101132.13,101481.29,183.97109
1/17/2025 5:00,101481.28,101778.94,101404.16,101668.51,278.2573
1/17/2025 5:15,101668.52,101782.02,101603.67,101624.99,174.62589
1/17/2025 5:30,101624.99,101698.85,101343.33,101400,206.57006
1/17/2025 5:45,101399.99,101520,101301.4,101334.05,246.40359
1/17/2025 6:00,101334.06,101537.86,101334.05,101532.14,130.54531
1/17/2025 6:15,101532.15,101586.96,101435.39,101435.39,80.13427
1/17/2025 6:30,101435.39,101481.58,101402.56,101457.92,98.38789
1/17/2025 6:45,101457.91,101457.92,101302.6,101408.99,104.80921
1/17/2025 7:00,101409,101661,101408.99,101618.83,226.49787
1/17/2025 7:15,101618.83,101697.99,101563.82,101629.72,100.09613
1/17/2025 7:30,101629.72,101899.49,101442.27,101668.51,484.94703
1/17/2025 7:45,101668.51,101737.2,101401,101440.5,381.75438
1/17/2025 8:00,101440.51,101772.36,101439.77,101696.01,356.70861
1/17/2025 8:15,101696.02,101900,101645.33,101899.99,356.50413
1/17/2025 8:30,101900,102190,101880.01,101964.6,726.71451
1/17/2025 8:45,101964.61,102220.14,101695,102136.01,524.86126
1/17/2025 9:00,102136,102288,102079.72,102182.19,389.66068
1/17/2025 9:15,102182.19,102217.66,101992.37,102026.07,341.30838
1/17/2025 9:30,102026.07,102038.53,101784.76,101801.53,238.25027
1/17/2025 9:45,101801.53,101940.12,101743.19,101861.26,207.99874
1/17/2025 10:00,101861.26,102149.34,101794.14,102057.6,299.60821
1/17/2025 10:15,102057.61,102250,102000.52,102232.64,371.80069
1/17/2025 10:30,102232.64,102581.45,102173.59,102372.23,694.88598
1/17/2025 10:45,102372.23,102411.78,102255.27,102321.53,183.29456
1/17/2025 11:00,102321.54,102321.54,102082.64,102211.13,252.35471
1/17/2025 11:15,102211.12,102443.5,102195.89,102338.66,145.66084
1/17/2025 11:30,102338.66,102385.49,102211.45,102312.02,174.70896
1/17/2025 11:45,102312.02,102312.03,102225.95,102237.6,116.16264
1/17/2025 12:00,102237.6,102568.99,102195.9,102519.99,225.11747
1/17/2025 12:15,102519.99,102666,102429.24,102529.24,230.5046
1/17/2025 12:30,102529.24,102789,102374.25,102711.44,486.11257
1/17/2025 12:45,102711.43,102959.66,102705.35,102745.69,425.9055
1/17/2025 13:00,102745.68,102980,102745.68,102772,226.57726
1/17/2025 13:15,102772,102834.22,102513.03,102552,307.25339
1/17/2025 13:30,102552.01,102839.02,102422.45,102771.95,359.27798
1/17/2025 13:45,102771.95,102815.92,102431.56,102474.14,197.93445
1/17/2025 14:00,102474.14,102713.8,102470.81,102543.04,213.94472
1/17/2025 14:15,102543.05,102782.2,102530.11,102751.39,287.52848
1/17/2025 14:30,102751.38,103200,102279.41,102546.33,1418.09392
1/17/2025 14:45,102546.34,103395.47,102537.27,103378.95,947.8254
1/17/2025 15:00,103379.23,104224,103285.79,104055.18,1638.37906
1/17/2025 15:15,104055.17,104254.19,103508.54,103963.32,1041.29414
1/17/2025 15:30,103963.32,104127.91,103648.59,103920.38,838.94601
1/17/2025 15:45,103920.38,104000,103665.4,104000,453.68013
1/17/2025 16:00,104000,104463.13,103841.18,104450.63,815.43258
1/17/2025 16:15,104450.63,104777,104419.2,104601.95,1124.69832
1/17/2025 16:30,104601.95,104945,104500,104810.07,598.88116
1/17/2025 16:45,104810.07,105000,104615.61,104972.81,542.01408
1/17/2025 17:00,104972.81,104996,104650.34,104753.34,474.51942
1/17/2025 17:15,104753.34,105269.24,104700.01,105015.11,877.48527
1/17/2025 17:30,105015.12,105152.52,104194,104257.52,825.4667
1/17/2025 17:45,104259.18,104477.86,104025.49,104125.46,456.9697
1/17/2025 18:00,104125.46,104405,104039.05,104387.98,381.34323
1/17/2025 18:15,104387.98,104740,104348.88,104613.95,331.32604
1/17/2025 18:30,104613.96,104852.56,104514.15,104723.21,291.50777
1/17/2025 18:45,104723.2,104946.01,104702.53,104835.68,303.55584
1/17/2025 19:00,104835.68,105128.92,104684.21,105128.92,372.49491
1/17/2025 19:15,105128.92,105772.98,105061.58,105409.29,981.8468
1/17/2025 19:30,105409.29,105650,105140.95,105634.32,423.11273
1/17/2025 19:45,105634.31,105865.22,105493.98,105834.93,536.1991
1/17/2025 20:00,105834.93,105847.02,105286.94,105449.99,504.27356
1/17/2025 20:15,105449.99,105561.88,105260.09,105310.01,587.44094
1/17/2025 20:30,105310.01,105338.77,104873.95,105033.63,605.41891
1/17/2025 20:45,105033.63,105048.46,104539.18,104692.7,549.34371
1/17/2025 21:00,104692.7,104900.01,104539.64,104779.99,638.24545
1/17/2025 21:15,104779.99,105041.05,104705.48,104988.67,288.14637
1/17/2025 21:30,104988.66,105027.21,104680,104820.01,236.77325
1/17/2025 21:45,104820.02,104905.15,104462.02,104604.49,267.9585
1/17/2025 22:00,104604.49,104694.42,104372.6,104401.2,242.86616
1/17/2025 22:15,104401.1,104586.31,104344,104586.3,210.69632
1/17/2025 22:30,104586.3,104650,104445.06,104580.79,180.29349
1/17/2025 22:45,104580.8,104580.8,104204,104410.39,204.49844
1/17/2025 23:00,104410.4,104467.99,104240.66,104448.21,169.85383
1/17/2025 23:15,104448.21,104526.32,104408.22,104425.24,119.01124
1/17/2025 23:30,104425.24,104425.24,104263.7,104263.7,102.81379
1/17/2025 23:45,104263.71,104263.71,104065.25,104077.48,158.47762
1/18/2025 0:00,104077.47,104401.06,104075.34,104359.99,303.52601
1/18/2025 0:15,104360,104476.55,104210.52,104224.88,123.19799
1/18/2025 0:30,104224.88,104608.41,104210.52,104578.83,125.25118
1/18/2025 0:45,104578.84,104656.87,104535.19,104656.87,86.80193
1/18/2025 1:00,104656.87,104656.87,104431.22,104438.6,157.73103
1/18/2025 1:15,104438.6,104636.21,104312.95,104585.01,204.19447
1/18/2025 1:30,104585.01,104585.01,104282.01,104282.01,184.22353
1/18/2025 1:45,104282.01,104282.02,104082.19,104268.14,287.28834
1/18/2025 2:00,104268.14,104425.91,104268.14,104377.53,100.9978
1/18/2025 2:15,104377.54,104460.6,104377.53,104398,80.80495
1/18/2025 2:30,104398,104480.74,104362,104406.03,102.20468
1/18/2025 2:45,104406.03,104500,104259.98,104327.98,148.63907
1/18/2025 3:00,104327.99,104479.31,104300.99,104413.04,122.95902
1/18/2025 3:15,104413.03,104413.04,104073.99,104190.72,214.04024
1/18/2025 3:30,104190.71,104235.22,103000.25,103290.8,763.51217
1/18/2025 3:45,103291.07,103686,103220.01,103559.82,513.45317
1/18/2025 4:00,103559.82,103726.23,103460.09,103501.35,261.51872
1/18/2025 4:15,103501.35,103501.35,102666.55,103010.34,750.90788
1/18/2025 4:30,103010.34,103533.9,103010.34,103460.81,251.4371
1/18/2025 4:45,103460.8,103600,103281.25,103599.27,202.12092
1/18/2025 5:00,103599.27,103758.18,103312.51,103398.5,282.28284
1/18/2025 5:15,103398.51,103771.21,103309.48,103660.77,271.49493
1/18/2025 5:30,103660.77,103696,103367.34,103449.15,196.80292
1/18/2025 5:45,103449.15,103571.44,102818,102829.27,627.50401
1/18/2025 6:00,102829.27,103288,102822.16,103236.55,314.53747
1/18/2025 6:15,103236.55,103390,103160.05,103182.66,235.30934
1/18/2025 6:30,103182.65,103636.91,103014.62,103390.39,383.31355
1/18/2025 6:45,103390.4,103586.21,103368.34,103440.39,196.31889
1/18/2025 7:00,103440.39,103488.9,103030.85,103030.86,173.23448
1/18/2025 7:15,103030.85,103279.61,102958.93,103193.66,232.93408
1/18/2025 7:30,103193.66,103193.67,102722.61,102823.43,291.68275
1/18/2025 7:45,102823.44,102885.39,102602.48,102821.75,265.73152
1/18/2025 8:00,102821.75,102821.75,102277.55,102587.98,484.12512
1/18/2025 8:15,102587.99,102804,102336,102804,414.06943
1/18/2025 8:30,102803.99,103209.55,102787.2,103194.43,387.71048
1/18/2025 8:45,103194.43,103344.7,103112,103272,209.82895
1/18/2025 9:00,103271.99,103321.7,103177,103232.23,199.6956
1/18/2025 9:15,103232.22,103455.89,103160.5,103455.17,266.54186
1/18/2025 9:30,103455.17,103455.18,103059.11,103121.23,170.21168
1/18/2025 9:45,103121.24,103223.69,103072.06,103159.29,107.56665
1/18/2025 10:00,103159.29,103294.35,102850,102900.96,174.06144
1/18/2025 10:15,102900.96,103258.66,102828.95,103167.32,223.19327
1/18/2025 10:30,103167.33,103233.05,102870.06,102979.58,284.73137
1/18/2025 10:45,102979.49,103278.28,102837.19,103184.64,223.15274
1/18/2025 11:00,103184.64,103184.64,102932.01,103012.54,134.60957
1/18/2025 11:15,103012.54,103387.96,102981.64,103355.17,187.59556
1/18/2025 11:30,103355.18,103691.45,103230.24,103691.44,348.44701
1/18/2025 11:45,103691.45,103883.01,103567.52,103589.29,298.57475
1/18/2025 12:00,103589.29,103700,103500,103626.19,140.45663
1/18/2025 12:15,103626.18,104035.28,103603.59,103609.45,378.83358
1/18/2025 12:30,103609.44,103688.88,103372.08,103533.97,220.11319
1/18/2025 12:45,103533.98,103615.99,103457.33,103457.34,112.40782
1/18/2025 13:00,103457.34,103500,103107.65,103310.6,253.708
1/18/2025 13:15,103310.6,103520,103224.26,103488.98,105.16562
1/18/2025 13:30,103488.98,103968.01,103456.78,103860,280.04346
1/18/2025 13:45,103860,104395.92,103793.31,104365.81,524.8301
1/18/2025 14:00,104365.81,104562.5,104123.09,104203.89,383.65862
1/18/2025 14:15,104203.89,104511.99,104176.52,104187.87,266.72839
1/18/2025 14:30,104187.87,104187.88,103722,103885.13,409.3302
1/18/2025 14:45,103885.12,104095.47,103830.76,103993.03,287.32963
1/18/2025 15:00,103993.02,104169.67,103761.05,104134.48,467.83287
1/18/2025 15:15,104134.48,104350.34,104100,104253.18,298.10348
1/18/2025 15:30,104253.17,104875.62,104215.03,104668.54,433.98699
1/18/2025 15:45,104668.54,104988.88,104568.96,104568.96,439.64943
1/18/2025 16:00,104568.96,104719.29,104289.24,104334,466.99049
1/18/2025 16:15,104334.01,104377.46,103777.84,103973.69,595.98013
1/18/2025 16:30,103973.69,104199.74,103381.57,103386,526.51464
1/18/2025 16:45,103386,103568,103156.02,103253.66,359.11671
1/18/2025 17:00,103253.65,103878.82,103253.65,103876.95,281.24322
1/18/2025 17:15,103876.94,104091.32,103815.78,103894.74,205.86443
1/18/2025 17:30,103894.74,104093.34,103799.73,104093.33,178.49868
1/18/2025 17:45,104093.34,104207.97,103775.93,103826.16,140.3466
1/18/2025 18:00,103826.16,104114.38,103812.71,104110.6,207.19932
1/18/2025 18:15,104110.6,104117,103779.76,104004.07,201.14373
1/18/2025 18:30,104004.07,104260.74,104004.07,104225.5,245.13617
1/18/2025 18:45,104225.5,104395.92,103961.82,104084.74,206.5993
1/18/2025 19:00,104084.74,104276.71,104084.73,104160.59,139.60426
1/18/2025 19:15,104160.6,104295.79,104080.71,104156.01,159.10022
1/18/2025 19:30,104156,104467.27,104116.58,104439.29,123.58507
1/18/2025 19:45,104439.29,104486.93,104335.19,104382.01,160.23275
1/18/2025 20:00,104382,104488,104340.51,104396.19,123.78085
1/18/2025 20:15,104396.13,104396.13,103808.14,103921.06,251.48364
1/18/2025 20:30,103921.05,104091.29,103920,103965.87,149.74716
1/18/2025 20:45,103965.86,104035.42,103765.44,104035.42,253.46748
1/18/2025 21:00,104035.42,104276.34,104003.43,104188.03,144.73662
1/18/2025 21:15,104188.04,104271.3,104000.65,104131.4,197.11977
1/18/2025 21:30,104131.39,104131.4,103878.87,104005.2,184.33758
1/18/2025 21:45,104005.2,104096.66,103889.29,103889.29,81.14895
1/18/2025 22:00,103888.96,104072.19,103860.91,104072.18,156.59125
1/18/2025 22:15,104072.19,104200.48,104072.18,104199.61,101.98384
1/18/2025 22:30,104199.6,104307,104156,104156.15,109.22148
1/18/2025 22:45,104156.15,104292.77,104148,104291.3,50.38588
1/18/2025 23:00,104291.3,104585.58,104291.3,104585.57,225.08953
1/18/2025 23:15,104585.58,104750,104460.33,104464.99,250.38477
1/18/2025 23:30,104465,104692.89,104460.31,104488.34,137.19957
1/18/2025 23:45,104488.33,104556.23,104351.77,104556.23,121.74542
1/19/2025 0:00,104556.23,104556.23,104290.01,104313.86,184.6251
1/19/2025 0:15,104313.85,104421.63,104175.22,104267.94,156.10758
1/19/2025 0:30,104267.93,104371.84,104189.72,104283.22,145.9208
1/19/2025 0:45,104283.21,104411.64,104108,104108,145.12975
1/19/2025 1:00,104108.01,104291.14,104108,104224.17,120.13551
1/19/2025 1:15,104224.17,104410.4,104013.51,104410.4,118.486
1/19/2025 1:30,104410.39,104684.22,104410.39,104541.71,202.30816
1/19/2025 1:45,104541.71,104584.61,104485.91,104486.83,90.97418
1/19/2025 2:00,104486.83,104848,104486.83,104841.99,218.36987
1/19/2025 2:15,104842,105315.23,104787.23,105190.62,502.48582
1/19/2025 2:30,105190.61,105458.55,105110,105116.54,335.60229
1/19/2025 2:45,105116.54,105216.54,104821.02,104877.96,215.40735
1/19/2025 3:00,104877.97,104999,104560,104665.94,239.08174
1/19/2025 3:15,104665.95,104816.21,104592,104783.49,169.08466
1/19/2025 3:30,104783.49,104970.43,104741.08,104839.67,199.22915
1/19/2025 3:45,104839.68,105183.51,104839.68,104984.01,228.38636
1/19/2025 4:00,104984.01,105181.11,104891.09,105170.06,304.38395
1/19/2025 4:15,105170.07,105267.67,104676.48,105052.01,337.93363
1/19/2025 4:30,105052.01,105089.82,104804.47,104997.26,266.6139
1/19/2025 4:45,104997.26,105079,104831.99,105032.03,270.44011
1/19/2025 5:00,105032.04,105032.04,104429.55,104482.44,404.13253
1/19/2025 5:15,104482.44,104755.07,104191.19,104739.13,368.00096
1/19/2025 5:30,104739.12,104838.97,104673,104810.96,175.49945
1/19/2025 5:45,104810.96,105131.7,104665.41,105116.52,252.59264
1/19/2025 6:00,105116.51,105194.1,105032.43,105134.01,177.29055
1/19/2025 6:15,105134.01,105345.5,105030,105308.37,271.84064
1/19/2025 6:30,105308.36,105478.58,105223.9,105467.8,351.61418
1/19/2025 6:45,105467.8,105634.78,105369.03,105568.29,407.53951
1/19/2025 7:00,105568.29,105594.63,105205.56,105394.52,295.60812
1/19/2025 7:15,105394.52,105447.79,105239.46,105259.47,281.3108
1/19/2025 7:30,105259.47,105260.67,105015.19,105075.43,300.92206
1/19/2025 7:45,105075.44,105316.19,104960.26,105167.12,319.79019
1/19/2025 8:00,105167.11,105167.12,104822.57,104822.58,241.9181
1/19/2025 8:15,104822.58,104849.4,104622.4,104644.75,378.15348
1/19/2025 8:30,104644.76,104965.96,104630,104726.09,345.41952
1/19/2025 8:45,104726.09,104742.86,104305.36,104428.24,636.12234
1/19/2025 9:00,104428.23,104497.52,103904.48,104121.85,820.79209
1/19/2025 9:15,104121.85,104338.31,103450.69,104307.56,1064.51415
1/19/2025 9:30,104307.56,104711.33,104247.39,104566.99,518.15483
1/19/2025 9:45,104566.99,105496.03,104384.62,105299.81,831.76916
1/19/2025 10:00,105299.81,105299.81,104730.66,104863.21,324.38026
1/19/2025 10:15,104863.22,105048.88,104405.13,104495.97,378.88459
1/19/2025 10:30,104495.97,105044,104468.42,105002.45,329.18395
1/19/2025 10:45,105002.45,105176,104823.78,104823.86,367.21981
1/19/2025 11:00,104823.86,105209.26,104823.86,105100.33,332.61176
1/19/2025 11:15,105100.33,105350,104916,104936.15,351.81042
1/19/2025 11:30,104936.15,105028.59,104448,104539.66,447.34439
1/19/2025 11:45,104539.65,104715.65,104209.56,104363.23,527.59529
1/19/2025 12:00,104363.24,104879.68,104300.75,104781.71,465.40975
1/19/2025 12:15,104781.72,104804.49,104399.24,104441.76,430.4899
1/19/2025 12:30,104441.76,104800,104343.7,104739.52,252.71384
1/19/2025 12:45,104739.53,105040.3,104700,104936.54,227.51019
1/19/2025 13:00,104936.54,105280,104850.58,105202.43,389.34541
1/19/2025 13:15,105202.42,105321.87,104975.14,105052.87,247.82533
1/19/2025 13:30,105052.88,105179.33,104876.31,105163.43,193.04962
1/19/2025 13:45,105163.43,105222,104922,104964.71,317.817
1/19/2025 14:00,104964.72,105024.76,104816.75,104865.71,447.13913
1/19/2025 14:15,104865.71,105706.48,104789.6,105448.02,714.08364
1/19/2025 14:30,105448.03,105618.5,104978.63,104995.65,527.02956
1/19/2025 14:45,104995.66,105211.91,104900,105160,302.8499
1/19/2025 15:00,105159.99,105247.4,104500.01,104771.21,691.25399
1/19/2025 15:15,104771.22,105059.24,104569.01,105042.85,267.63294
1/19/2025 15:30,105042.84,105216.67,104980.29,105112.7,233.98057
1/19/2025 15:45,105112.96,105113.64,104675.05,104936.35,317.98398
1/19/2025 16:00,104936.35,105057.43,104725.94,104782.67,214.28073
1/19/2025 16:15,104782.67,105159,104725.68,105158.63,281.22264
1/19/2025 16:30,105158.62,105228.27,104884,104903.73,204.44902
1/19/2025 16:45,104903.73,105011.05,104836,104963.11,150.62408
1/19/2025 17:00,104963.11,104963.12,104599.99,104600,271.90145
1/19/2025 17:15,104599.99,104772.73,104556,104556,288.36133
1/19/2025 17:30,104556.01,104682.84,104520.01,104647.56,111.61916
1/19/2025 17:45,104647.56,105148.42,104613.64,105115.8,229.066
1/19/2025 18:00,105115.8,105250,105038.94,105204.98,185.30739
1/19/2025 18:15,105204.97,105247.01,105028,105084.12,164.65281
1/19/2025 18:30,105084.12,105107.97,104972.19,105051.79,134.78664
1/19/2025 18:45,105051.79,105118.37,104902.27,105042.9,120.35566
1/19/2025 19:00,105042.9,105291.65,104967.66,105251.98,190.22801
1/19/2025 19:15,105250.78,105329.09,105184.12,105189.66,109.56366
1/19/2025 19:30,105189.66,105510.27,105152.36,105495.67,283.59031
1/19/2025 19:45,105495.67,106200.74,105475.87,106200,639.78667
1/19/2025 20:00,106200,106361.39,106000.04,106074.32,578.1395
1/19/2025 20:15,106074.32,106074.56,105486,105894.84,385.77602
1/19/2025 20:30,105894.84,106300,105833.22,106180.08,280.06258
1/19/2025 20:45,106180.09,106422.43,105803.26,106275.49,385.02964
1/19/2025 21:00,106275.49,106368.33,105783.76,106001.28,338.43458
1/19/2025 21:15,106001.27,106001.27,104130.98,104389.99,848.88702
1/19/2025 21:30,104390.01,105301,104359,104402.39,1183.65613
1/19/2025 21:45,104402.39,104543.56,103684.21,103684.44,1222.36311
1/19/2025 22:00,103684.43,104048,102714.64,104047.99,1914.90289
1/19/2025 22:15,104048,104500,103565.96,104177.47,778.62371
1/19/2025 22:30,104177.48,104199.99,102923.96,103356.46,581.18717
1/19/2025 22:45,103356.46,103414.49,101104.71,103414,1781.70631
1/19/2025 23:00,103414,103414,100989.77,101268,1549.86711
1/19/2025 23:15,101268,101746.02,100300,100538.35,1845.67194
1/19/2025 23:30,100538.02,101273.43,99651.6,101211.07,2863.50899
1/19/2025 23:45,101211.07,101963.43,100985.41,101331.57,1300.83429
1/20/2025 0:00,101331.57,101677.71,100654.8,101408,1300.20163
1/20/2025 0:15,101407.99,101548.78,100706,101088,943.40641
1/20/2025 0:30,101088,101232.66,99550,100762.71,1819.57094
1/20/2025 0:45,100762.71,100802.41,99652,99794.51,1671.71858
1/20/2025 1:00,99794.51,100500,99629.86,100214.58,1282.43138
1/20/2025 1:15,100214.58,100518.05,99745,100320,741.72525
1/20/2025 1:30,100320,100999.99,99965.6,100082.26,794.75278
1/20/2025 1:45,100082.27,100724,100033.1,100692.82,547.75498
1/20/2025 2:00,100692.82,101221.75,100600,101016.41,609.03134
1/20/2025 2:15,101016.41,101713.59,100892.96,101713.58,748.48884
1/20/2025 2:30,101713.59,102321.42,101388.64,101657.32,696.5367
1/20/2025 2:45,101657.33,102215.26,101509.82,101926.42,658.59967
1/20/2025 3:00,101926.56,101984.88,101465.08,101795.9,457.30516
1/20/2025 3:15,101795.9,102211.08,101495.17,101653.97,607.36498
1/20/2025 3:30,101653.97,101890.91,101487.42,101580,479.16728
1/20/2025 3:45,101579.99,101958.65,101411.2,101891.93,581.20432
1/20/2025 4:00,101891.94,101899.94,101535.28,101789.32,291.79611
1/20/2025 4:15,101789.32,102070.57,101594.78,101768.23,398.84402
1/20/2025 4:30,101768.24,102378.07,101678.31,102317.14,224.07554
1/20/2025 4:45,102317.13,102800.27,102232.33,102232.34,439.60423
1/20/2025 5:00,102232.34,102784,102127.99,102485.74,341.21876
1/20/2025 5:15,102485.74,102825.73,102420.13,102480.01,383.58652
1/20/2025 5:30,102480.01,102615.57,102332,102615.56,258.36369
1/20/2025 5:45,102615.56,102772.3,102297.86,102344.2,248.02855
1/20/2025 6:00,102344.2,102623.05,102220.8,102500.37,256.55352
1/20/2025 6:15,102500.36,102785.75,102444.31,102640,279.10544
1/20/2025 6:30,102640,104740,102606.03,104689.49,1030.92606
1/20/2025 6:45,104689.92,109588,104689.92,107486.5,8331.197402
1/20/2025 7:00,107482.36,109499.99,107357.22,108975.42,4569.74251
1/20/2025 7:15,108975.43,109081.13,107701.01,108706.15,1807.37669
1/20/2025 7:30,108706.15,108928.58,107801.63,107948.97,1383.77024
1/20/2025 7:45,107948.97,108080,106923,107120.65,960.39838
1/20/2025 8:00,107120.65,108000,107093.33,107862.48,843.53017
1/20/2025 8:15,107862.48,108288,107658.73,108038.55,523.76791
1/20/2025 8:30,108038.55,108300,107821.74,108228.21,716.78804
1/20/2025 8:45,108228.21,108381.92,107894.44,108320.01,389.21015
1/20/2025 9:00,108320,109193.23,108185.27,108756.62,1243.95133
1/20/2025 9:15,108756.63,108907.28,107964.95,108238.04,771.42086
1/20/2025 9:30,108238.03,108325.24,107548,107966.31,705.29579
1/20/2025 9:45,107966.31,108200,107846.15,108132.05,546.54823
1/20/2025 10:00,108132.05,108282.11,107911.29,108078.72,342.56906
1/20/2025 10:15,108078.71,108731.92,108057.98,108501.8,485.58375
1/20/2025 10:30,108501.8,108630.4,108142.23,108456.48,400.58067
1/20/2025 10:45,108456.48,108560.84,107769.18,107964.56,492.35486
1/20/2025 11:00,107964.56,108184.13,107780.51,108095.79,361.24125
1/20/2025 11:15,108095.79,108550,108037.23,108405.33,429.78517
1/20/2025 11:30,108405.34,108535.9,108088,108143.62,399.64077
1/20/2025 11:45,108143.61,108332.5,108038.24,108239.19,358.62984
1/20/2025 12:00,108239.19,108700.01,107000.01,107373.15,1118.68716
1/20/2025 12:15,107373.16,107600,105472.95,106655.98,2301.2567
1/20/2025 12:30,106655.98,107000,106020,106476,748.93441
1/20/2025 12:45,106476,107347.58,106471.09,106917.59,687.89738
1/20/2025 13:00,106918.83,107245.11,106651.11,106971.73,536.17195
1/20/2025 13:15,106971.73,107476,106836.67,107338.17,456.62505
1/20/2025 13:30,107338.16,108112.79,107221.27,107689.47,901.33595
1/20/2025 13:45,107689.47,108125,107580,107956.31,503.38823
1/20/2025 14:00,107956.31,108130.08,107420.69,107667.42,494.43019
1/20/2025 14:15,107667.43,108000.72,107441.44,107486.02,559.03027
1/20/2025 14:30,107486.02,107888.9,107277.28,107733.67,470.34123
1/20/2025 14:45,107733.67,108075.6,107528,107866.65,496.57825
1/20/2025 15:00,107866.65,107990,107393.99,107393.99,444.73801
1/20/2025 15:15,107393.99,107519.34,106250.03,107020.14,1273.24794
1/20/2025 15:30,107020.14,107021.5,106343.75,106460.01,748.21075
1/20/2025 15:45,106460.01,106460.01,104480,104957.99,1970.36966
1/20/2025 16:00,104957.99,105831.52,103708,104513.09,1810.54024
1/20/2025 16:15,104513.1,105659.64,104332,105620.01,1415.96123
1/20/2025 16:30,105620.01,107050,105285,106520.89,1224.76053
1/20/2025 16:45,106520.89,106870.62,106246.96,106670.38,747.95013
1/20/2025 17:00,106670.37,106778.05,101401.01,104231.73,4765.4132
1/20/2025 17:15,104231.73,105628.57,103886.5,104176.54,2338.77493
1/20/2025 17:30,104176.53,104753.43,100333,100786.25,4375.57818
1/20/2025 17:45,100789.01,104618.84,100636.89,102963.32,3461.68844
1/20/2025 18:00,102963.31,104133.01,102738.23,103923.06,1417.95989
1/20/2025 18:15,103923.06,104091.72,103114.23,103724,846.33176
1/20/2025 18:30,103724,104270.67,103500,103972.33,707.44933
1/20/2025 18:45,103972.34,104469.15,103888,103930.66,763.25744
1/20/2025 19:00,103930.66,103964.43,103084.57,103706.7,722.84646
1/20/2025 19:15,103706.7,103838.53,103017.71,103231.82,476.94001
1/20/2025 19:30,103231.82,103493.22,102733.77,103269.95,539.13749
1/20/2025 19:45,103269.96,103959.99,103261.67,103691.63,348.31334
1/20/2025 20:00,103691.64,103920.77,103352,103750.51,378.61013
1/20/2025 20:15,103750.52,104296.4,103505.19,103958.4,297.31259
1/20/2025 20:30,103958.4,104331,103820,103861.61,217.89201
1/20/2025 20:45,103861.62,104119.99,103632.26,103647.16,207.00366
1/20/2025 21:00,103647.16,104000,103603.85,103855.12,134.59301
1/20/2025 21:15,103854.76,104080,103632.4,103710.18,168.5585
1/20/2025 21:30,103710.18,103889.96,103220,103358.62,436.79589
1/20/2025 21:45,103358.61,103379.31,102562.99,102596,499.08207
1/20/2025 22:00,102596,102976.72,101846.15,102583.26,666.61063
1/20/2025 22:15,102583.27,103200,102553.38,103099.99,337.10152
1/20/2025 22:30,103099.99,103582.04,102938.8,103400,329.97129
1/20/2025 22:45,103400,103815.98,103368.1,103608,209.81671
1/20/2025 23:00,103607.99,103728.52,102722,102726,468.22823
1/20/2025 23:15,102726,103244,102252.98,103232.9,303.00157
1/20/2025 23:30,103232.9,103383.77,102983.2,103300.01,204.11182
1/20/2025 23:45,103300.01,103377.59,101701.01,102260.01,841.65062
1/21/2025 0:00,102260,102580,101720.49,102403.56,533.08465
1/21/2025 0:15,102403.56,102526.37,101738.78,101974.5,614.70406
1/21/2025 0:30,101974.51,102396.23,101652.14,102300,809.47774
1/21/2025 0:45,102300,102672,101086.12,101187.75,859.48722
1/21/2025 1:00,101187.75,102233.26,101078.03,102149.1,810.02188
1/21/2025 1:15,102149.09,102150,100200,100480,1097.8796
1/21/2025 1:30,100480,101472.1,100119.04,101242.68,1370.02027
1/21/2025 1:45,101242.69,101864.85,101104.03,101498.24,546.01495
1/21/2025 2:00,101498.23,102442,101064.87,102386.01,634.34384
1/21/2025 2:15,102386,102763.33,101962,102428.14,656.18735
1/21/2025 2:30,102428.13,102556,101955.49,102099.47,353.30598
1/21/2025 2:45,102099.47,102674.4,101805.57,102545.56,408.12219
1/21/2025 3:00,102545.57,102974.75,102300,102699.27,404.1115
1/21/2025 3:15,102699.27,103260.1,102453.94,102898,390.86835
1/21/2025 3:30,102898.01,103230.76,102752.32,103061.27,407.53921
1/21/2025 3:45,103061.27,103175.52,102866.23,102936.01,238.5242
1/21/2025 4:00,102936.01,102936.01,102376.49,102676.2,413.43804
1/21/2025 4:15,102676.2,102974.14,102543.1,102716.6,311.84641
1/21/2025 4:30,102716.6,102716.6,101928.58,102333.31,443.70249
1/21/2025 4:45,102333.32,102538.46,102161.65,102344.2,208.7164
1/21/2025 5:00,102344.21,102527.39,101903.8,102000.01,228.75568
1/21/2025 5:15,102000.01,102109.2,101801.8,101995.99,457.49028
1/21/2025 5:30,101995.99,102056,101343.23,101687.29,386.83299
1/21/2025 5:45,101687.29,101801.87,101339.49,101365.98,289.7871
1/21/2025 6:00,101365.98,101895.51,101111.68,101780,608.54006
1/21/2025 6:15,101780.01,101989.67,101705.21,101824,263.93552
1/21/2025 6:30,101823.99,101947.83,101388,101504,236.45382
1/21/2025 6:45,101503.99,102186.15,101425.44,102176.04,413.89977
1/21/2025 7:00,102176.04,102476.09,102032.62,102373.32,418.01401
1/21/2025 7:15,102373.33,102480,102304,102446.21,185.0564
1/21/2025 7:30,102446.21,102446.22,102082.39,102161.24,249.591
1/21/2025 7:45,102161.24,102256,101799.57,101989.05,284.09861
1/21/2025 8:00,101989.06,102490.13,101740.82,102380.67,359.89426
1/21/2025 8:15,102380.68,102443.65,102150,102237.65,154.43286
1/21/2025 8:30,102237.66,102403.34,102001,102173.52,207.92498
1/21/2025 8:45,102173.51,102496.74,102002.17,102466.81,465.07017
1/21/2025 9:00,102466.82,102894.29,102327.58,102543.37,658.16413
1/21/2025 9:15,102543.37,102621.14,102072.13,102338.48,494.37288
1/21/2025 9:30,102338.98,102555.55,102302.33,102493.35,512.79668
1/21/2025 9:45,102493.35,102807.25,102460,102707.08,361.43057
1/21/2025 10:00,102707.07,102861,102582,102698.16,435.69453
1/21/2025 10:15,102698.16,103226.9,102691.61,103182.64,329.16119
1/21/2025 10:30,103182.63,103182.64,102966.47,102996.01,245.1712
1/21/2025 10:45,102996.01,103364.74,102961.22,103160.85,293.2874
1/21/2025 11:00,103160.85,103600,103073.86,103570.02,281.72091
1/21/2025 11:15,103570.02,103850,103488.78,103676.28,560.09
1/21/2025 11:30,103676.29,103970.23,103468.62,103863.42,520.51704
1/21/2025 11:45,103863.42,103973.02,103708.73,103758.25,355.93193
1/21/2025 12:00,103758.25,103978,103610.77,103978,368.57945
1/21/2025 12:15,103977.99,104708.41,103977.99,104454.7,785.86181
1/21/2025 12:30,104454.7,104700,104332,104445.56,493.00533
1/21/2025 12:45,104445.57,104579.99,104310,104519.98,379.75947
1/21/2025 13:00,104519.98,104661.35,104149.18,104628.01,478.99699
1/21/2025 13:15,104628.01,104999.99,104460.09,104646.35,556.75543
1/21/2025 13:30,104646.35,104735.62,104463.62,104663.98,308.72067
1/21/2025 13:45,104663.98,104833.69,104360.02,104457.07,254.58949
1/21/2025 14:00,104457.08,104688,104404.01,104524.61,228.18408
1/21/2025 14:15,104524.62,105270.36,104524.62,105240.37,529.25834
1/21/2025 14:30,105240.38,105320,103266.56,103758.61,1507.70589
1/21/2025 14:45,103758.6,104264,103001,103260.91,1100.56007
1/21/2025 15:00,103260.9,103463.56,102803.43,103073.7,1189.02686
1/21/2025 15:15,103073.71,103826.73,103020,103720.08,715.74504
1/21/2025 15:30,103720.08,104109.98,103360.17,103814.25,630.84945
1/21/2025 15:45,103813.86,104021.99,103466.66,103943,371.65229
1/21/2025 16:00,103942.99,106300,103822.02,106043.46,1746.63991
1/21/2025 16:15,106043.45,106500.99,105199.05,105412.85,1580.21011
1/21/2025 16:30,105412.86,105867.99,104828.5,105104.46,676.21144
1/21/2025 16:45,105104.47,105728.07,104822.27,104965.99,363.90675
1/21/2025 17:00,104965.99,105527.8,104888.24,105490.18,357.53949
1/21/2025 17:15,105490.18,105815.5,105400,105685.88,295.41849
1/21/2025 17:30,105684.47,105986.64,105512.03,105838.44,253.6573
1/21/2025 17:45,105838.44,106400,105806.34,106173.26,824.61244
1/21/2025 18:00,106173.27,106239,105892,106093.59,383.51859
1/21/2025 18:15,106093.59,106500,106010.04,106395.74,455.23427
1/21/2025 18:30,106395.73,107240.81,106260.88,106832.89,1120.15664
1/21/2025 18:45,106832.89,107100,106746.41,106861.18,363.28144
1/21/2025 19:00,106861.18,106900,106347.5,106347.98,406.1611
1/21/2025 19:15,106347.99,106958.95,106263.84,106877.63,342.86731
1/21/2025 19:30,106877.64,106877.99,106476.81,106643.99,314.11483
1/21/2025 19:45,106643.99,107150,106628.39,107031.34,273.70367
1/21/2025 20:00,107031.34,107199.99,106756,106875.79,351.84506
1/21/2025 20:15,106875.79,107163.48,106686.39,107027.96,421.17336
1/21/2025 20:30,107027.97,107092,105924.24,106072,470.74495
1/21/2025 20:45,106072,106303.59,105963.4,106137.51,395.48583
1/21/2025 21:00,106137.51,106415.33,106008.74,106018.4,246.89215
1/21/2025 21:15,106018.41,106383.47,105772,106235.31,322.64526
1/21/2025 21:30,106235.3,106561.17,106220,106506.58,341.52165
1/21/2025 21:45,106506.58,106814.37,106377.87,106772.23,280.79065
1/21/2025 22:00,106772.23,106772.24,106387.09,106463.73,200.69667
1/21/2025 22:15,106463.74,106656,106358.36,106448,148.3434
1/21/2025 22:30,106448,106478.86,106066.41,106168.71,142.44514
1/21/2025 22:45,106168.71,106359.98,105971.99,105996.01,98.57894
1/21/2025 23:00,105996.01,106109.79,105420,105698.95,491.66028
1/21/2025 23:15,105700,106079.66,105667.24,105724.15,234.03775
1/21/2025 23:30,105724.15,106056,105724.12,106015.39,169.41907
1/21/2025 23:45,106015.39,106284,105818.97,106143.82,198.74312
1/22/2025 0:00,106143.82,106218.73,105871.15,105989.41,215.14039
1/22/2025 0:15,105989.4,106322,105834.36,105986.6,225.77561
1/22/2025 0:30,105986.6,106061.07,105830.29,105931.99,165.795
1/22/2025 0:45,105931.99,106041.83,105807.08,105948,178.99982
1/22/2025 1:00,105948.01,106394.46,105758.97,105821.57,262.59863
1/22/2025 1:15,105821.57,105968.6,105625.34,105684.44,145.79754
1/22/2025 1:30,105684.44,105784,105448.99,105462.63,198.04006
1/22/2025 1:45,105462.64,105891.01,105462.64,105799.99,143.02047
1/22/2025 2:00,105800,105906.82,105663.79,105876.02,131.02665
1/22/2025 2:15,105876.01,106202.82,105823.46,106027.32,312.33584
1/22/2025 2:30,106027.33,106110.48,105870.37,105871.18,253.95015
1/22/2025 2:45,105871.19,105886,105556.05,105583.89,186.29465
1/22/2025 3:00,105583.9,105822.02,105583.89,105815.11,161.06868
1/22/2025 3:15,105815.11,105912.18,105760.55,105839.06,199.06004
1/22/2025 3:30,105839.05,105839.06,105680.34,105685.55,129.84445
1/22/2025 3:45,105685.56,105749.99,105600,105600.01,110.51035
1/22/2025 4:00,105600.01,105780,105566.75,105714.76,140.19373
1/22/2025 4:15,105714.75,105793.11,105620.53,105749,99.19725
1/22/2025 4:30,105749,105812,105277.24,105416.61,196.37636
1/22/2025 4:45,105416.61,105600,105400.6,105578.41,128.54758
1/22/2025 5:00,105578.41,105760,105498.83,105753.85,180.05857
1/22/2025 5:15,105753.84,105882.89,105628,105628.01,195.35179
1/22/2025 5:30,105628,105650.01,105500,105629.98,119.58801
1/22/2025 5:45,105629.98,105767.44,105531.26,105689.15,174.61927
1/22/2025 6:00,105689.15,105952,105621.03,105885.31,287.85248
1/22/2025 6:15,105885.32,105885.32,105359.02,105515.36,214.20187
1/22/2025 6:30,105515.36,105594.99,105320.23,105390,192.49923
1/22/2025 6:45,105390,105428,105186.71,105379.81,179.96952
1/22/2025 7:00,105379.82,105564,105320,105564,98.31672
1/22/2025 7:15,105563.99,105678.57,105353.82,105476.1,146.92808
1/22/2025 7:30,105476.1,105476.11,105043.88,105087.92,236.00433
1/22/2025 7:45,105087.91,105274.82,105055.47,105084.77,304.88796
1/22/2025 8:00,105084.77,105163.14,104939.39,105019.99,266.26829
1/22/2025 8:15,105020,105060.35,104730.72,104805.01,254.63899
1/22/2025 8:30,104805.01,105124.3,104700,105080.01,223.89651
1/22/2025 8:45,105080.01,105343.28,105040.44,105270.03,294.87274
1/22/2025 9:00,105270.03,105270.03,104916.43,105000.42,170.78687
1/22/2025 9:15,105000.42,105152.24,104937.8,105015.42,132.33955
1/22/2025 9:30,105015.42,105198,104956,105182.32,79.95224
1/22/2025 9:45,105182.32,105184,104947.51,104984.83,103.09128
1/22/2025 10:00,104984.82,105003.5,104647.75,104823.12,184.86852
1/22/2025 10:15,104823.13,105010.48,104756,104983,162.22995
1/22/2025 10:30,104983.01,105078.09,104881.33,105046.01,123.2795
1/22/2025 10:45,105046.01,105161.76,104980.19,105142.76,68.97346
1/22/2025 11:00,105142.14,105148.51,104992.4,105040.57,213.46723
1/22/2025 11:15,105042.23,105247.2,104758.62,104795.34,266.55635
1/22/2025 11:30,104795.34,105122.43,104789.99,105080.89,176.69623
1/22/2025 11:45,105080.9,105464.83,105020,105100.39,286.09691
1/22/2025 12:00,105100.38,105473.91,105060.35,105473.91,307.70376
1/22/2025 12:15,105473.91,105584.23,105365.54,105365.55,241.37055
1/22/2025 12:30,105365.55,105464.35,105252.35,105464.35,112.40251
1/22/2025 12:45,105464.34,105464.35,105275.86,105275.86,77.69116
1/22/2025 13:00,105275.87,105363.76,104900,104947.17,188.74603
1/22/2025 13:15,104947.16,105070.5,104867.22,104907.1,313.58293
1/22/2025 13:30,104907.1,104953.92,104283.67,104620,503.29377
1/22/2025 13:45,104620,104642,103768.14,104073.94,574.61531
1/22/2025 14:00,104074.43,104177.25,103700,104090.01,549.70275
1/22/2025 14:15,104090.01,104687.66,104047.78,104662.98,391.54896
1/22/2025 14:30,104662.97,104949,104066.7,104202.1,535.3289
1/22/2025 14:45,104202.1,104715.06,103662.58,104393.66,759.03018
1/22/2025 15:00,104393.67,104950,104121.14,104949.99,433.1968
1/22/2025 15:15,104950,105148.95,104384.61,104387.02,443.192
1/22/2025 15:30,104387.01,104520,103982,104294.45,365.98616
1/22/2025 15:45,104294.45,104663.97,104060,104180.01,210.45689
1/22/2025 16:00,104180.01,104232.64,103700,103809.55,540.31748
1/22/2025 16:15,103809.55,104099.25,103713.09,103987.21,250.9624
1/22/2025 16:30,103987.21,104063.21,103339.12,103437.96,538.38487
1/22/2025 16:45,103437.96,103875.37,103369.31,103704.64,352.97763
1/22/2025 17:00,103704.65,104231.1,103665.73,104124,417.4759
1/22/2025 17:15,104124,104384.5,104036,104265.98,163.78173
1/22/2025 17:30,104265.98,104604.76,104135.19,104426,249.83357
1/22/2025 17:45,104426,104583,104127.44,104345.8,234.98867
1/22/2025 18:00,104345.8,104684,104273.57,104516,227.54667
1/22/2025 18:15,104516,104535.99,104068.96,104310,158.87101
1/22/2025 18:30,104310.01,104572.12,104284.48,104374.94,159.18458
1/22/2025 18:45,104374.93,104428.21,103756.48,103896.01,253.72477
1/22/2025 19:00,103896.01,104332.34,103853.66,104291.77,137.87539
1/22/2025 19:15,104291.78,104734.21,104291.77,104490,188.02025
1/22/2025 19:30,104489.99,104754.64,104301.13,104465.62,273.38189
1/22/2025 19:45,104465.62,104720,104456.89,104630,215.14428
1/22/2025 20:00,104630,104830.12,104385.66,104572.23,408.2685
1/22/2025 20:15,104572.23,104604,104316,104456.57,226.65412
1/22/2025 20:30,104456.56,104612,104148,104201.36,298.25993
1/22/2025 20:45,104201.35,104524.3,104070.61,104321.1,319.9467
1/22/2025 21:00,104321.11,104369.12,103779.84,103891.76,224.89315
1/22/2025 21:15,103891.76,103952.11,103611.66,103902.27,250.53097
1/22/2025 21:30,103902.28,104133.22,103902.28,104017.68,148.91529
1/22/2025 21:45,104017.68,104139.63,103900,104088.03,85.54125
1/22/2025 22:00,104086.95,104110.71,103902.92,104005.11,117.99115
1/22/2025 22:15,104005.11,104025.87,103770.01,104013.42,116.3793
1/22/2025 22:30,104013.42,104514.8,104013.42,104297.7,214.26976
1/22/2025 22:45,104297.7,104342.8,103813.33,103866.79,106.80796
1/22/2025 23:00,103866.79,104143.99,103679.46,103940,201.7815
1/22/2025 23:15,103940.01,104069,103773.02,103845,83.68793
1/22/2025 23:30,103845.01,103982.46,103752.33,103898.88,67.69382
1/22/2025 23:45,103898.89,103911.5,103654,103706.66,84.88576
1/23/2025 0:00,103706.66,103819.99,103570,103678.76,174.37579
1/23/2025 0:15,103678.76,103678.77,103102,103376.13,399.28176
1/23/2025 0:30,103376.14,103634.09,103223.6,103235.6,148.27138
1/23/2025 0:45,103235.61,103459.99,103052.82,103307.51,237.74774
1/23/2025 1:00,103307.51,103420,103105.05,103224.59,204.01341
1/23/2025 1:15,103224.6,103578.14,103135.51,103540.82,205.77931
1/23/2025 1:30,103540.82,103653.84,103342.33,103363.48,131.37354
1/23/2025 1:45,103363.48,103380,102588.15,102931.94,731.09472
1/23/2025 2:00,102931.94,102983.39,102353.04,102519.19,694.17637
1/23/2025 2:15,102519.78,102546.19,102129.31,102391.09,582.16101
1/23/2025 2:30,102391.09,102500.66,102100,102459.99,418.17814
1/23/2025 2:45,102459.99,102775.86,102408.78,102655.34,248.62255
1/23/2025 3:00,102655.34,103004.58,102608.69,102943.35,236.04285
1/23/2025 3:15,102943.35,102996.6,102794.59,102973.84,139.25566
1/23/2025 3:30,102973.83,103007.75,102912.84,102964,97.69921
1/23/2025 3:45,102963.99,102964,102197.34,102461.25,312.2082
1/23/2025 4:00,102461.24,102493.15,102177,102256.35,186.97424
1/23/2025 4:15,102256.34,102256.34,101780,101810,781.53814
1/23/2025 4:30,101809.99,102017.93,101575.5,101829.98,295.62574
1/23/2025 4:45,101829.98,102142.4,101829.97,102075.22,364.98476
1/23/2025 5:00,102075.21,102225.61,102000,102212,176.75693
1/23/2025 5:15,102211.65,102263.93,102000,102025.89,171.56356
1/23/2025 5:30,102025.89,102560,102021.35,102487.56,348.88182
1/23/2025 5:45,102487.57,102639.36,102382.18,102532.52,193.08971
1/23/2025 6:00,102532.52,102968.31,102532.51,102889.95,155.33331
1/23/2025 6:15,102889.95,102895.38,102700,102857.24,133.04301
1/23/2025 6:30,102857.24,102857.25,102611.81,102627.01,109.35351
1/23/2025 6:45,102627.01,102638.01,102209.23,102256.7,198.38339
1/23/2025 7:00,102256.71,102420,102084.51,102390.1,154.40415
1/23/2025 7:15,102390.11,102523.5,102241.65,102325.33,169.59705
1/23/2025 7:30,102325.33,102551.76,102149.82,102431.04,159.6583
1/23/2025 7:45,102431.04,102803.2,102431.04,102710.27,322.99291
1/23/2025 8:00,102710.28,102724.94,102387.93,102481.75,200.62825
1/23/2025 8:15,102481.75,102598.83,102284,102394.95,107.02938
1/23/2025 8:30,102394.95,102464.96,102250,102457.41,145.68459
1/23/2025 8:45,102457.41,102517.24,102060,102215.75,159.96955
1/23/2025 9:00,102215.75,102467.73,102184.2,102432.57,120.79182
1/23/2025 9:15,102433.11,102441.37,102210.33,102307.25,168.08056
1/23/2025 9:30,102307.26,102307.26,101832.13,101905.08,342.66299
1/23/2025 9:45,101905.08,101984.38,101650,101672.01,264.84967
1/23/2025 10:00,101672,101896.3,101600.66,101896.3,206.62893
1/23/2025 10:15,101896.29,102072.72,101836,101950.01,182.4694
1/23/2025 10:30,101950,102027.31,101262.28,101290.18,434.10254
1/23/2025 10:45,101290.18,101683.61,101290.18,101683.61,199.01857
1/23/2025 11:00,101683.61,102002.42,101683.6,101979.99,233.67044
1/23/2025 11:15,101979.99,102158.93,101929.73,102025.41,221.68593
1/23/2025 11:30,102025.4,102195.03,101862.06,101946.6,126.79167
1/23/2025 11:45,101946.6,102008.63,101854.86,101944.49,99.89746
1/23/2025 12:00,101944.5,102135.05,101755.5,101755.51,187.7043
1/23/2025 12:15,101755.51,101778.61,101401.31,101706.59,278.2097
1/23/2025 12:30,101706.58,101942.52,101500,101578.94,242.71305
1/23/2025 12:45,101578.95,101732.15,101460.48,101635.58,169.99592
1/23/2025 13:00,101635.59,101784,101515.99,101720.44,140.60448
1/23/2025 13:15,101720.44,101741.44,101281.62,101523.19,222.90241
1/23/2025 13:30,101523.19,102212.46,101523.18,102164.9,459.46875
1/23/2025 13:45,102164.9,102709.93,102136.24,102512.28,465.59858
1/23/2025 14:00,102512.28,102535.01,102213.61,102294,193.22681
1/23/2025 14:15,102293.99,102443.06,101989.81,102442.48,245.27621
1/23/2025 14:30,102442.48,105076.92,102352.83,104940.95,2671.82443
1/23/2025 14:45,104940.94,106050.86,104700,105213.5,2747.13852
1/23/2025 15:00,105213.6,105792,102643.49,103537.99,4022.99599
1/23/2025 15:15,103537.99,104464.51,102872,104214.49,2694.13084
1/23/2025 15:30,104217.41,105082.52,104214.28,105041.55,1352.48212
1/23/2025 15:45,105041.55,105429.85,104675,105263.52,1146.756
1/23/2025 16:00,105263.52,106579.99,105052,106500,1977.71521
1/23/2025 16:15,106499.99,106850,105290.83,105965.28,1606.82341
1/23/2025 16:30,105965.27,106178.31,105568.63,106074.01,736.66012
1/23/2025 16:45,106074.01,106438.29,105028,105139.18,839.67077
1/23/2025 17:00,105139.18,105147.99,104211,104741.33,681.36193
1/23/2025 17:15,104741.33,105364.55,104666.93,105286.94,383.73654
1/23/2025 17:30,105286.94,105680,105224.13,105591.68,450.04338
1/23/2025 17:45,105591.68,106230.42,105555.2,105927.78,464.24396
1/23/2025 18:00,105927.78,106142.46,105170.46,105217.31,344.79177
1/23/2025 18:15,105217.32,105878.93,105205.66,105755.08,308.71357
1/23/2025 18:30,105755.08,105927.92,105100,105189.48,275.69431
1/23/2025 18:45,105189.48,105608.55,105183.54,105424.39,264.71354
1/23/2025 19:00,105424.39,105514.73,104821.41,104975.41,395.0554
1/23/2025 19:15,104975.41,105148.7,104448.27,104890.37,449.26741
1/23/2025 19:30,104890.37,104915.23,104496.34,104782.4,227.26872
1/23/2025 19:45,104782.4,104793.11,103399.98,103770.04,769.50513
1/23/2025 20:00,103770.05,105973,103150,104846.04,1727.15428
1/23/2025 20:15,104846.03,106421.03,103733.1,105769.22,3315.95996
1/23/2025 20:30,105769.21,105834.59,104453.99,104818.42,1724.36424
1/23/2025 20:45,104818.41,104974.29,102559.2,103284.48,2534.68189
1/23/2025 21:00,103284.01,103410.57,102658.21,102939.99,816.09312
1/23/2025 21:15,102940,103289.68,102195.7,102734,881.09923
1/23/2025 21:30,102734,103268.37,102298.91,103008.12,543.44784
1/23/2025 21:45,103008.12,103283.26,102509.87,103079.08,329.16117
1/23/2025 22:00,103079.08,103735.72,102981.07,103658.15,350.3901
1/23/2025 22:15,103658.15,104181.02,103296.6,104140,668.9423
1/23/2025 22:30,104140,104700,103847.73,104008.89,454.16958
1/23/2025 22:45,104008.88,104248.73,103657.16,103978.82,371.74786
1/23/2025 23:00,103978.82,104349.59,103776.06,104142.76,255.89993
1/23/2025 23:15,104142.76,104544.48,104142.41,104299.99,178.14242
1/23/2025 23:30,104299.99,104344.15,104114,104134.71,119.08522
1/23/2025 23:45,104134.7,104134.71,103848.44,103910.34,170.06397
1/24/2025 0:00,103910.35,104157.98,103793.72,103831.13,230.51743
1/24/2025 0:15,103831.14,103959.99,103520.09,103661.36,243.78391
1/24/2025 0:30,103661.37,103777.37,103564,103620.5,158.18155
1/24/2025 0:45,103620.5,103780,103424.58,103446.62,162.24489
1/24/2025 1:00,103446.62,103692,103420.56,103624.73,169.13784
1/24/2025 1:15,103624.73,103900,103505.72,103632.05,157.18278
1/24/2025 1:30,103632.05,103672.52,103361.37,103380.14,142.92181
1/24/2025 1:45,103380.67,103385.77,103039.87,103234.3,263.80488
1/24/2025 2:00,103234.3,103327,103004.26,103252.65,180.91967
1/24/2025 2:15,103252.66,103487.77,103237.26,103386.51,244.09841
1/24/2025 2:30,103386.51,103545.39,103271,103284.62,124.54885
1/24/2025 2:45,103284.01,103309.8,102956.72,103016.01,241.05263
1/24/2025 3:00,103016,103463,103016,103206.73,230.49815
1/24/2025 3:15,103206.73,103812.86,102750,103479.98,442.54611
1/24/2025 3:30,103479.97,104298,103430.65,104110.82,607.03973
1/24/2025 3:45,104110.82,104186.42,103869.23,103891.75,186.75505
1/24/2025 4:00,103891.75,104134.58,103804.77,104002.29,152.20338
1/24/2025 4:15,104002.28,104107.67,103863.72,103988.5,142.49115
1/24/2025 4:30,103988.5,104500,103900.01,104421.96,227.77762
1/24/2025 4:45,104421.97,104924.4,104409.77,104631.99,402.18346
1/24/2025 5:00,104631.98,105052,104543.21,104861.72,292.07545
1/24/2025 5:15,104861.72,105036.42,104661.95,104879.77,213.91346
1/24/2025 5:30,104879.77,104998.99,104853.66,104916,136.92864
1/24/2025 5:45,104916.01,105262.13,104808.17,105222.15,242.78009
1/24/2025 6:00,105222.15,105355,104857.55,104924.73,239.88107
1/24/2025 6:15,104924.74,105030,104800,104901.34,170.34251
1/24/2025 6:30,104901.35,104950.98,104628,104860.22,166.52464
1/24/2025 6:45,104860.22,104997.59,104843.06,104991.01,101.16004
1/24/2025 7:00,104991.01,105181.82,104737.58,104812.41,173.08348
1/24/2025 7:15,104812.41,104848.49,104660,104719.75,108.15442
1/24/2025 7:30,104719.75,104853.29,104668,104818.19,156.73176
1/24/2025 7:45,104818.18,105089.3,104818.18,105046.8,216.26574
1/24/2025 8:00,105046.79,105251.25,104922.41,105229.99,157.01232
1/24/2025 8:15,105230,105560.67,105175.27,105546.62,268.33305
1/24/2025 8:30,105546.61,105650,105332.5,105343.17,334.91648
1/24/2025 8:45,105343.16,105592,105260,105500.76,178.38689
1/24/2025 9:00,105500.76,105520.66,105381.91,105472.83,225.38874
1/24/2025 9:15,105472.84,105759,105463.43,105611.99,196.18647
1/24/2025 9:30,105611.99,105625.08,105207.1,105297.1,241.94738
1/24/2025 9:45,105297.09,105297.09,105053.8,105146.67,189.60311
1/24/2025 10:00,105146.67,105325.08,105051.46,105220.02,116.72346
1/24/2025 10:15,105220.02,105286.56,105058.79,105270,120.59928
1/24/2025 10:30,105270.01,105428,105193.49,105362.39,278.49694
1/24/2025 10:45,105362.4,105419.67,105110.09,105416.75,156.07776
1/24/2025 11:00,105416.75,105476.91,105326.88,105375.67,127.66102
1/24/2025 11:15,105375.67,105527.69,105374.9,105374.9,100.46653
1/24/2025 11:30,105374.91,105376.01,105214.15,105237.79,123.83033
1/24/2025 11:45,105237.78,105474.29,105229.2,105420.1,164.76444
1/24/2025 12:00,105420.11,105586.29,105183.65,105257.98,177.2192
1/24/2025 12:15,105257.98,105416.99,105236.67,105316.54,178.06606
1/24/2025 12:30,105316.54,105455.33,105300,105384.79,134.19012
1/24/2025 12:45,105384.79,105535.49,105384.79,105526.58,137.93957
1/24/2025 13:00,105526.58,105793.61,105196.73,105259.35,245.58474
1/24/2025 13:15,105259.35,105370.99,104982.03,105279.97,198.92708
1/24/2025 13:30,105279.98,105290,104993.5,105064.81,136.98647
1/24/2025 13:45,105064.8,105279.77,104996,105118.07,171.11241
1/24/2025 14:00,105118.06,105237.15,104880,105010.18,184.47628
1/24/2025 14:15,105010.18,105322.23,105010.18,105266.02,186.05016
1/24/2025 14:30,105266.01,106222,104669.17,106222,1097.02725
1/24/2025 14:45,106221.99,106321.66,105552.14,105758,742.79122
1/24/2025 15:00,105758,105946.73,105505.9,105552.97,294.19537
1/24/2025 15:15,105552.97,105990.5,105259.49,105665.03,498.65483
1/24/2025 15:30,105665.03,105972.9,105420,105640.31,307.66798
1/24/2025 15:45,105640.32,105968.99,105588,105859.98,231.42629
1/24/2025 16:00,105859.99,106126.06,105720.87,105957.27,380.97663
1/24/2025 16:15,105957.27,106125.4,105828.04,105989.41,388.10029
1/24/2025 16:30,105989.41,106174.99,105860.86,105988.97,249.73634
1/24/2025 16:45,105988.41,106129.33,105589,105645.89,413.70262
1/24/2025 17:00,105645.88,106019.78,105612,105963.97,293.64879
1/24/2025 17:15,105963.97,106498.41,105959.9,106478.23,401.34335
1/24/2025 17:30,106478.22,106498.2,106224.13,106320,220.62428
1/24/2025 17:45,106320,106699.99,106258.65,106458.46,456.91392
1/24/2025 18:00,106458.47,106987.58,106426.12,106644,668.23708
1/24/2025 18:15,106644,107120,106644,106917.98,528.18154
1/24/2025 18:30,106917.99,106983.29,106591.21,106641.54,225.01159
1/24/2025 18:45,106641.54,106655.18,106056.95,106327.72,333.70586
1/24/2025 19:00,106327.31,106606.01,105875.4,106105.61,335.89555
1/24/2025 19:15,106105.61,106454.99,106105.6,106369.85,144.75464
1/24/2025 19:30,106369.85,106434.21,105882.68,105910.48,199.95641
1/24/2025 19:45,105910.29,105910.29,105687,105760.94,242.58143
1/24/2025 20:00,105760.93,105781,105599.52,105668,200.34
1/24/2025 20:15,105668.01,105668.01,105100.69,105205.11,347.82107
1/24/2025 20:30,105205.12,105298.4,104819.12,105033.8,460.40352
1/24/2025 20:45,105032.73,105404.45,104736.84,104859.11,333.00512
1/24/2025 21:00,104859.4,105252.91,104859.4,105094.66,279.69486
1/24/2025 21:15,105094.67,105391.47,105028.74,105289.33,178.29934
1/24/2025 21:30,105289.33,105382.88,105030.51,105146.56,146.90823
1/24/2025 21:45,105146.56,105292.29,105061.12,105124.61,144.08116
1/24/2025 22:00,105124.61,105477,105045,105201.07,202.89643
1/24/2025 22:15,105201.07,105306.41,104950.01,104971.97,115.22097
1/24/2025 22:30,104971.96,105218.97,104971.96,105218.97,114.53604
1/24/2025 22:45,105218.97,105229.9,104706.08,104777.25,107.63801
1/24/2025 23:00,104777.25,104925.2,104461.53,104572.28,350.52699
1/24/2025 23:15,104572.29,104687.54,104456.89,104580.16,114.09849
1/24/2025 23:30,104580.15,104760.24,104488.42,104713.21,92.68252
1/24/2025 23:45,104713.22,104872.16,104680,104870.5,107.27727
1/25/2025 0:00,104870.51,104870.51,104508.51,104527.83,159.3796
1/25/2025 0:15,104527.82,104800,104507.99,104623.93,196.83549
1/25/2025 0:30,104623.93,104748,104456.89,104578.83,204.60963
1/25/2025 0:45,104578.84,104636.73,104361.89,104419.59,211.60083
1/25/2025 1:00,104419.58,104640,104380.15,104549.07,171.229
1/25/2025 1:15,104549.08,104751.18,104517.35,104712.12,106.65164
1/25/2025 1:30,104712.12,104815.01,104672.41,104772.41,92.82334
1/25/2025 1:45,104772.42,104800.01,104678.62,104738,79.25964
1/25/2025 2:00,104738.01,104738.01,104550,104699.53,62.32722
1/25/2025 2:15,104699.53,104830.27,104608,104668.22,59.55567
1/25/2025 2:30,104668.22,104741.45,104580,104595.15,53.99408
1/25/2025 2:45,104595.15,104652.3,104473.67,104559.54,91.09029
1/25/2025 3:00,104559.54,104617.99,104467.45,104525.4,93.28962
1/25/2025 3:15,104525.4,104760.37,104461,104696.7,75.2343
1/25/2025 3:30,104696.7,104996.47,104696.7,104867.03,149.46292
1/25/2025 3:45,104867.03,105280.82,104841.32,105202.4,222.51512
1/25/2025 4:00,105202.4,105202.4,104981.33,105008.88,91.24924
1/25/2025 4:15,105008.89,105008.89,104844.82,104905.12,66.29473
1/25/2025 4:30,104905.11,104905.13,104776.65,104829.99,93.56542
1/25/2025 4:45,104830,104870.2,104620,104648,81.10678
1/25/2025 5:00,104647.99,104701.18,104384.65,104476.65,99.39883
1/25/2025 5:15,104476.66,104639.84,104380.85,104623.16,66.51488
1/25/2025 5:30,104623.16,104671.01,104500,104554,62.01815
1/25/2025 5:45,104554,104569.4,104236.95,104365.97,140.29117
1/25/2025 6:00,104365.96,104480,104289.71,104440.22,87.88787
1/25/2025 6:15,104440.21,104464.51,104216.81,104367.8,136.33477
1/25/2025 6:30,104367.81,104386.09,104246.01,104358.61,134.55693
1/25/2025 6:45,104358.6,104358.6,104234.18,104308,106.08787
1/25/2025 7:00,104308,104471.5,104287.24,104453.22,85.47126
1/25/2025 7:15,104452.8,104523.25,104383.7,104448.23,62.75322
1/25/2025 7:30,104448.23,104499.5,104370.68,104387.99,33.86375
1/25/2025 7:45,104388,104447.17,104369.99,104385.98,59.80965
1/25/2025 8:00,104385.99,104450.12,104301.09,104436,99.38696
1/25/2025 8:15,104435.99,104497.54,104308,104340.04,74.2039
1/25/2025 8:30,104340.04,104340.65,104135.71,104305.59,123.93792
1/25/2025 8:45,104305.6,104358.11,104241.37,104341.98,62.65592
1/25/2025 9:00,104341.99,104401.15,104276.41,104279.3,98.02304
1/25/2025 9:15,104279.3,104432.99,104279.3,104300,41.56331
1/25/2025 9:30,104300.01,104450.48,104286.71,104413.79,71.91843
1/25/2025 9:45,104413.8,104428,104313.65,104366.63,50.95166
1/25/2025 10:00,104366.62,104458.34,104106.09,104315.81,151.04538
1/25/2025 10:15,104315.81,104398.18,104211.36,104272.6,75.86816
1/25/2025 10:30,104272.6,104453.41,104272.6,104445.98,54.60484
1/25/2025 10:45,104445.98,104661.04,104428,104540,86.15003
1/25/2025 11:00,104540,104618.25,104500,104500,84.58848
1/25/2025 11:15,104500.01,104500.01,104391.27,104446.2,54.20205
1/25/2025 11:30,104446.2,104529.24,104431.14,104527.09,41.05105
1/25/2025 11:45,104527.1,104700.01,104527.09,104670.99,84.44577
1/25/2025 12:00,104670.99,104676.33,104509.49,104574.18,66.07627
1/25/2025 12:15,104574.18,104637.42,104456,104456,47.28882
1/25/2025 12:30,104456.01,104691.69,104456,104641.25,55.71917
1/25/2025 12:45,104641.24,104792,104607.96,104753.07,89.78675
1/25/2025 13:00,104753.08,104861.35,104682.15,104819.99,169.95965
1/25/2025 13:15,104820,104868,104715.01,104725.61,123.03479
1/25/2025 13:30,104725.6,104799.63,104708.49,104753.99,52.72151
1/25/2025 13:45,104754,104789.79,104629.31,104717.04,49.91859
1/25/2025 14:00,104717.05,104721.99,104541.5,104568.65,66.50313
1/25/2025 14:15,104568.66,104648,104555.51,104606.48,56.61157
1/25/2025 14:30,104606.48,104644,104473.16,104547.99,57.09459
1/25/2025 14:45,104548,104620.26,104489.63,104600.01,88.69908
1/25/2025 15:00,104600,104968.75,104594.01,104923.11,177.35107
1/25/2025 15:15,104923.12,105111.11,104801.73,104929.53,200.36545
1/25/2025 15:30,104929.52,105031.98,104788.64,104819.38,98.84104
1/25/2025 15:45,104819.37,104921.38,104751.46,104897.79,64.14514
1/25/2025 16:00,104897.79,104989.49,104827.25,104915.4,81.22727
1/25/2025 16:15,104915.41,104960.01,104726.29,104786.48,91.51445
1/25/2025 16:30,104786.49,104815.99,104599.39,104638,152.5453
1/25/2025 16:45,104637.99,104741.76,104591.67,104654.9,99.10955
1/25/2025 17:00,104654.91,104691.44,104548.09,104610.53,89.72253
1/25/2025 17:15,104610.53,104850.01,104449.75,104780.01,220.54701
1/25/2025 17:30,104780.01,104809.92,104568.11,104619.1,127.3961
1/25/2025 17:45,104619.1,104934.39,104563.35,104899.71,108.69151
1/25/2025 18:00,104899.72,105094.08,104871.99,104871.99,129.79264
1/25/2025 18:15,104871.99,105076.92,104843.25,105038.08,142.52325
1/25/2025 18:30,105038.08,105286.52,104968.19,104981.49,151.27306
1/25/2025 18:45,104981.49,105072.1,104917.11,104983.49,62.66354
1/25/2025 19:00,104983.5,105186.64,104983.49,105076.01,146.18513
1/25/2025 19:15,105076.02,105187.5,104987.06,105002.91,114.88529
1/25/2025 19:30,105002.95,105050.46,104972.94,105002.4,53.71531
1/25/2025 19:45,105002.41,105071.17,104909.09,105055.16,59.78581
1/25/2025 20:00,105055.16,105173.9,105031.31,105125.85,44.55882
1/25/2025 20:15,105125.85,105200,105050.23,105086.95,55.85488
1/25/2025 20:30,105086.95,105170,104976.01,105057.4,63.15688
1/25/2025 20:45,105057.4,105116,104965.7,104965.71,52.86042
1/25/2025 21:00,104965.71,105000,104866.66,104920.82,119.20946
1/25/2025 21:15,104920.83,104991.3,104899.53,104973.55,52.9466
1/25/2025 21:30,104973.56,104995.16,104891.73,104959.96,53.97558
1/25/2025 21:45,104959.97,105123.5,104898.96,105102.84,165.30535
1/25/2025 22:00,105102.84,105250,105072.29,105081.16,92.87856
1/25/2025 22:15,105081.17,105121.82,105030.06,105030.07,43.38589
1/25/2025 22:30,105030.06,105172.8,105004.53,105065.07,52.1941
1/25/2025 22:45,105065.07,105127.16,105046.63,105077.54,32.68908
1/25/2025 23:00,105077.54,105134.9,104860,104973.75,92.31449
1/25/2025 23:15,104973.76,105000,104952.29,104978.97,37.68773
1/25/2025 23:30,104978.96,104978.97,104889.52,104892.45,30.62215
1/25/2025 23:45,104892.46,104905.5,104696,104746.85,91.3296
1/26/2025 0:00,104746.86,104841.84,104699,104741.62,95.724
1/26/2025 0:15,104741.62,104800.48,104637.55,104664.36,88.1189
1/26/2025 0:30,104664.36,104720,104546.8,104648.76,117.73316
1/26/2025 0:45,104648.77,104736,104515.44,104599.96,77.7696
1/26/2025 1:00,104599.95,104651.97,104503.7,104602.75,141.59592
1/26/2025 1:15,104602.75,104701.58,104584.04,104701.57,71.64311
1/26/2025 1:30,104701.57,104772,104618.9,104624.74,50.50463
1/26/2025 1:45,104624.75,104669.64,104552,104621.37,44.16058
1/26/2025 2:00,104621.37,104621.38,104520.03,104599.06,60.97162
1/26/2025 2:15,104599.05,104700,104583.05,104699.99,37.64012
1/26/2025 2:30,104699.99,104718.16,104576,104641.63,48.67928
1/26/2025 2:45,104641.64,104696.25,104568,104696.25,27.61529
1/26/2025 3:00,104696.25,104808,104696.24,104781.11,51.40633
1/26/2025 3:15,104781.11,104844.83,104749.74,104786.64,44.83216
1/26/2025 3:30,104786.64,105100,104777.89,105084.13,193.06717
1/26/2025 3:45,105084.13,105273.24,105007.27,105062.42,164.14555
1/26/2025 4:00,105062.41,105148.24,104978.82,105097.35,119.83294
1/26/2025 4:15,105097.35,105500,105064.9,105380,199.58608
1/26/2025 4:30,105380,105392.74,105169.38,105193.06,88.61871
1/26/2025 4:45,105193.06,105244.15,105115.76,105174.27,64.06011
1/26/2025 5:00,105174.28,105200,105062.13,105138.36,80.35235
1/26/2025 5:15,105138.37,105189.66,105023,105055.14,82.17884
1/26/2025 5:30,105055.13,105096.67,105013.6,105096.67,64.92381
1/26/2025 5:45,105096.66,105190,105094.12,105094.12,77.18682
1/26/2025 6:00,105094.13,105118.78,105035.08,105087.61,50.97098
1/26/2025 6:15,105087.61,105099.99,105037.52,105055.8,51.85329
1/26/2025 6:30,105055.81,105073,104959.2,104971.99,87.72787
1/26/2025 6:45,104971.99,105036.02,104971.99,104990.75,53.29857
1/26/2025 7:00,104990.75,105028,104965.01,104965.01,38.71306
1/26/2025 7:15,104965.01,105100,104950,105013.7,89.56295
1/26/2025 7:30,105013.69,105050,104960,105008.53,55.19627
1/26/2025 7:45,105008.54,105038.03,104987.54,104998.35,24.88444
1/26/2025 8:00,104998.36,105221.36,104890.56,105085.67,148.56823
1/26/2025 8:15,105085.68,105137.45,104985.73,104985.73,39.02479
1/26/2025 8:30,104985.74,105000.19,104863.31,104988.8,53.22321
1/26/2025 8:45,104988.8,105125.59,104958.65,105030.4,42.68601
1/26/2025 9:00,105030.4,105030.41,104908.9,104958.86,42.31502
1/26/2025 9:15,104958.85,105000.39,104800,104856.08,59.25973
1/26/2025 9:30,104856.08,104856.09,104444.01,104629.16,430.08217
1/26/2025 9:45,104629.15,104681.46,104539.61,104630.03,89.58031
1/26/2025 10:00,104630.02,104699.99,104622.21,104687.51,59.22451
1/26/2025 10:15,104687.51,104687.99,104522.69,104621.9,52.45257
1/26/2025 10:30,104621.9,104700,104500,104500.01,80.50751
1/26/2025 10:45,104500.01,104722.9,104500,104715.29,60.41897
1/26/2025 11:00,104715.29,104814.81,104683.67,104799.99,50.58145
1/26/2025 11:15,104800,104847.69,104679.91,104700,50.25478
1/26/2025 11:30,104700,104801.21,104662.05,104751.38,42.19182
1/26/2025 11:45,104751.38,104837.88,104678.59,104818.69,40.19578
1/26/2025 12:00,104818.68,104818.69,104720,104720.01,32.25331
1/26/2025 12:15,104720.01,104782.97,104703.58,104761.49,55.4935
1/26/2025 12:30,104761.5,104761.5,104713.8,104715.52,28.47206
1/26/2025 12:45,104715.53,104890,104715.52,104890,78.25929
1/26/2025 13:00,104890,105126.11,104858.57,104992.62,336.7311
1/26/2025 13:15,104992.62,105026.45,104838.43,104922.99,66.59407
1/26/2025 13:30,104922.99,105049.34,104880.81,104929.23,66.75098
1/26/2025 13:45,104929.23,104961.74,104848.72,104961.73,53.55681
1/26/2025 14:00,104961.74,104961.75,104804,104834.57,65.43838
1/26/2025 14:15,104834.58,104896,104804,104844.82,34.80076
1/26/2025 14:30,104844.82,104960.35,104843.97,104958.91,33.96201
1/26/2025 14:45,104958.91,105003.54,104899.99,104944,79.05202
1/26/2025 15:00,104944,105033.32,104887.7,104992.62,43.83355
1/26/2025 15:15,104992.61,105093.22,104992.61,105010.01,61.56288
1/26/2025 15:30,105010.01,105075.75,104961.02,104981.69,71.30806
1/26/2025 15:45,104981.69,105025.6,104967.01,104967.01,28.88921
1/26/2025 16:00,104967.02,105022.07,104907.55,104907.55,45.75823
1/26/2025 16:15,104907.55,104973.79,104896,104952.32,38.30559
1/26/2025 16:30,104952.32,105024.32,104952.32,105016.65,35.28878
1/26/2025 16:45,105016.65,105040.64,104938,104938.02,46.61511
1/26/2025 17:00,104938.01,104999.99,104912.53,104999.99,53.26086
1/26/2025 17:15,104999.98,105023.24,104950,104950,38.62968
1/26/2025 17:30,104950,105050,104946.47,104970.24,40.38013
1/26/2025 17:45,104970.24,105050,104945.11,104945.11,50.11097
1/26/2025 18:00,104945.12,105161.75,104906.89,105086.17,147.50208
1/26/2025 18:15,105086.18,105260.36,105086.17,105194.02,133.40343
1/26/2025 18:30,105194.01,105256.38,105156,105156.01,41.58364
1/26/2025 18:45,105156,105175.11,105090,105175.11,32.61032
1/26/2025 19:00,105175.11,105240,105099.62,105099.62,38.58855
1/26/2025 19:15,105099.63,105121.89,105052.53,105080.01,43.56337
1/26/2025 19:30,105080.01,105156,105040,105087.08,37.86621
1/26/2025 19:45,105087.07,105115.64,105071.86,105081.63,42.96807
1/26/2025 20:00,105081.64,105081.64,104960,105010.04,52.61414
1/26/2025 20:15,105010.03,105200,105010.03,105180.75,41.69724
1/26/2025 20:30,105180.75,105180.76,105050,105050.01,35.56508
1/26/2025 20:45,105050,105100,104918.52,104949.99,76.732
1/26/2025 21:00,104949.99,104950,104709.6,104744.19,147.1291
1/26/2025 21:15,104744.18,105006,104744.18,104895.19,79.51141
1/26/2025 21:30,104895.19,104917.42,104796,104803.65,52.37958
1/26/2025 21:45,104803.65,104803.66,104552.48,104557.19,113.97705
1/26/2025 22:00,104557.19,104676.82,104324.32,104427.54,237.39493
1/26/2025 22:15,104427.53,104557.45,104380,104527.82,78.99036
1/26/2025 22:30,104527.82,104715.52,104527.81,104711,71.79669
1/26/2025 22:45,104711,104730.98,104300.01,104330.22,111.4339
1/26/2025 23:00,104330.21,104330.21,103288,103349.66,946.49015
1/26/2025 23:15,103349.67,103360,102678,103136.42,1099.10102
1/26/2025 23:30,103136.42,103136.42,102742.18,102963.88,360.6581
1/26/2025 23:45,102963.88,103100,102520.44,102620,418.52725
1/27/2025 0:00,102620.01,103260,102313.12,102987.28,690.01303
1/27/2025 0:15,102987.28,103044.78,102744.42,102840.03,272.50887
1/27/2025 0:30,102840.03,102902,102500,102500.01,328.63427
1/27/2025 0:45,102500.01,102537.06,101600,101728,1109.38024
1/27/2025 1:00,101728,102085.04,101168.8,101434.01,1052.98359
1/27/2025 1:15,101434.01,101934,101228,101665.93,512.99385
1/27/2025 1:30,101665.92,101976.19,101511.07,101712.64,342.25546
1/27/2025 1:45,101712.64,101784.21,101300.03,101308.29,462.35472
1/27/2025 2:00,101308.29,101563.68,100835.25,101560,999.95053
1/27/2025 2:15,101559.99,101688,101200,101328.5,394.06222
1/27/2025 2:30,101328.5,101362.31,101000,101210,522.63345
1/27/2025 2:45,101210,101226.12,100856.86,101000,401.38531
1/27/2025 3:00,100999.99,101451,100720.53,101425.56,563.93142
1/27/2025 3:15,101425.55,101858.19,101350.66,101816.79,364.34119
1/27/2025 3:30,101816.79,101816.79,101360.94,101491.82,208.06841
1/27/2025 3:45,101491.82,101524,101300,101395.64,128.39063
1/27/2025 4:00,101395.64,101399.99,100950,101038.38,330.40383
1/27/2025 4:15,101038.38,101150,100600,100923,495.276
1/27/2025 4:30,100923,101000.59,100477,100597.51,771.0047
1/27/2025 4:45,100597.51,100597.51,100227.01,100410.04,412.40362
1/27/2025 5:00,100410.04,100690.99,100360,100581.6,327.81033
1/27/2025 5:15,100581.59,100732,100293.86,100459.99,284.69507
1/27/2025 5:30,100460,100524,100024.19,100301.69,653.62668
1/27/2025 5:45,100301.7,100420,99713.37,100374.08,1363.60105
1/27/2025 6:00,100374.07,100491.99,100166.5,100261.03,460.8506
1/27/2025 6:15,100261.03,100261.03,99736.12,99980.01,864.31854
1/27/2025 6:30,99980.02,99980.02,99010.09,99110,1258.52716
1/27/2025 6:45,99110,99398.11,98721,98956.32,1249.89856
1/27/2025 7:00,98956.31,99239,98846.15,98977.21,499.70542
1/27/2025 7:15,98977.21,99045.29,97777.77,97808.1,1678.46695
1/27/2025 7:30,97808.1,99232.26,97792,99158.54,1431.67678
1/27/2025 7:45,99158.55,99415.92,98900,99048.02,569.3689
1/27/2025 8:00,99048.01,99208.54,98700,99150.63,546.32872
1/27/2025 8:15,99150.64,99367.73,98885.66,99143.5,504.03514
1/27/2025 8:30,99143.5,99143.5,98700,98819.72,435.75402
1/27/2025 8:45,98819.71,99068.88,98757.6,99043.77,354.36963
1/27/2025 9:00,99043.78,99486.14,98942.85,99300.46,466.25032
1/27/2025 9:15,99300.45,99533.33,98806,98817.7,391.19462
1/27/2025 9:30,98817.71,99362.31,98800,99166.37,351.51489
1/27/2025 9:45,99166.37,99436.11,99092,99424.38,360.90597
1/27/2025 10:00,99424.37,99454.76,99128.01,99144.51,253.60134
1/27/2025 10:15,99144.51,99322.59,98962.51,99108.01,278.77852
1/27/2025 10:30,99108.01,99153.99,98624.01,98786.15,614.70135
1/27/2025 10:45,98786.16,99050,98263.49,98392.74,646.5964
1/27/2025 11:00,98392.74,98936,98324.01,98712.79,630.95401
1/27/2025 11:15,98712.8,99131.42,98600,99057.06,441.51411
1/27/2025 11:30,99057.05,99362.03,98894.84,98962.36,298.86777
1/27/2025 11:45,98962.35,99053.38,98761.12,98761.13,215.02238
1/27/2025 12:00,98761.12,99250,98714.28,99037.03,324.71279
1/27/2025 12:15,99037.03,99163.48,98917.01,99098.01,221.94587
1/27/2025 12:30,99098,99768.56,99016.16,99761.99,416.07764
1/27/2025 12:45,99761.99,100910.27,99646.01,100619.68,1202.12817
1/27/2025 13:00,100619.68,101650.01,100316.44,101628.22,1248.48637
1/27/2025 13:15,101628.21,101666.66,100617.83,100882.99,1140.23927
1/27/2025 13:30,100882.99,101244.63,100696,100842.53,537.39857
1/27/2025 13:45,100842.53,100959.46,100000,100483.99,809.57374
1/27/2025 14:00,100483.98,100588.2,100105.54,100139.96,312.81249
1/27/2025 14:15,100139.95,100830.9,100139.95,100765.4,311.42128
1/27/2025 14:30,100765.41,101428,100416,101224,1269.73973
1/27/2025 14:45,101224.01,102317.94,101135.02,101920.89,1218.58124
1/27/2025 15:00,101920.88,102118.49,101502.06,101523.45,852.91895
1/27/2025 15:15,101523.46,101940,100852,101658.99,633.68688
1/27/2025 15:30,101658.98,101830.9,101299.79,101341.19,579.24915
1/27/2025 15:45,101341.19,101559.41,101100,101112.03,267.10246
1/27/2025 16:00,101112.03,101250.56,100850.43,101045.58,464.62869
1/27/2025 16:15,101045.58,101164,100564,100829.22,403.12713
1/27/2025 16:30,100829.17,100829.17,99566.25,99976.07,1014.31832
1/27/2025 16:45,99976.06,100275.08,99582,99744,456.99128
1/27/2025 17:00,99744,100050.02,99248.26,99585.87,472.68416
1/27/2025 17:15,99585.88,99660,99049.98,99575.13,425.31806
1/27/2025 17:30,99575.12,99980.08,99381.57,99585.99,421.1133
1/27/2025 17:45,99586,99805.45,99142.46,99150.01,433.54417
1/27/2025 18:00,99150.01,99584,99049.94,99488.68,359.33684
1/27/2025 18:15,99488.68,99753.89,99146.36,99171.43,273.82127
1/27/2025 18:30,99171.44,99545.42,99072.28,99168.35,226.1341
1/27/2025 18:45,99168.35,99399.17,98864,99180,687.67812
1/27/2025 19:00,99180,99693.96,99175.03,99195.99,438.8415
1/27/2025 19:15,99196,99779,99184.94,99690,304.65231
1/27/2025 19:30,99690.04,99952,99564.19,99733.99,196.92432
1/27/2025 19:45,99733.99,99743.92,99400.71,99700.02,294.48416
1/27/2025 20:00,99700.01,99935.82,99606.46,99756.01,240.68928
1/27/2025 20:15,99756.01,100412.18,99668.02,100351.68,238.0216
1/27/2025 20:30,100351.99,100952.48,100351.99,100944.51,329.50068
1/27/2025 20:45,100944.51,101750.4,100932.23,101386.5,729.39012
1/27/2025 21:00,101386.11,102405,101324.63,102295.12,751.72851
1/27/2025 21:15,102295.12,102370.07,101567,101672.55,534.84553
1/27/2025 21:30,101672.54,101724.53,100954,101123.99,340.25227
1/27/2025 21:45,101124,101503.17,101120,101349.67,200.74971
1/27/2025 22:00,101349.67,101677.51,101349.67,101520.28,128.92423
1/27/2025 22:15,101520.28,101592,101277.77,101474,132.29888
1/27/2025 22:30,101474,101717.24,101421.36,101708.12,142.756
1/27/2025 22:45,101708.12,101961.09,101604,101637.18,144.23167
1/27/2025 23:00,101637.18,102123.25,101637.18,101993.52,207.83566
1/27/2025 23:15,101993.52,102107.33,101700.21,101739.95,202.78857
1/27/2025 23:30,101739.96,102039.26,101734.4,101764.05,228.60329
1/27/2025 23:45,101764.05,102183.21,101764.05,102082.83,189.9352
1/28/2025 0:00,102082.83,102892,102067.8,102458.67,545.7842
1/28/2025 0:15,102458.94,102535.99,102172.83,102191,202.02104
1/28/2025 0:30,102190.99,102350.7,102027.21,102288.11,220.18851
1/28/2025 0:45,102288.1,102339.76,101777,101856.01,217.97625
1/28/2025 1:00,101856,101900.04,101629.62,101853.09,148.64449
1/28/2025 1:15,101853.1,102000,101466,101475.05,191.14104
1/28/2025 1:30,101475.04,101728.21,101466,101578.01,253.22137
1/28/2025 1:45,101578,101844.35,101382.66,101382.67,225.88343
1/28/2025 2:00,101382.66,101590.38,101334.55,101515.99,174.33114
1/28/2025 2:15,101515.99,102104,101477.6,101975.84,326.0125
1/28/2025 2:30,101975.84,102320.88,101848.89,102290.25,144.52217
1/28/2025 2:45,102290.25,102436.79,102161.07,102402.01,175.1486
1/28/2025 3:00,102402.01,102443.93,102026.02,102350.91,210.53528
1/28/2025 3:15,102350.9,102459.31,102242.42,102353.14,155.04431
1/28/2025 3:30,102353.15,102606.07,102285.48,102601.99,184.04943
1/28/2025 3:45,102606.03,102880,102545.45,102636.32,295.73261
1/28/2025 4:00,102636.32,102862.77,102600,102800,135.82502
1/28/2025 4:15,102800,103022.3,102663.61,103013.79,201.35833
1/28/2025 4:30,103013.78,103371.24,103001.71,103117.73,357.71927
1/28/2025 4:45,103117.72,103133.63,102899.9,102901.45,147.40816
1/28/2025 5:00,102901.45,103168.36,102901.45,102973.53,182.9104
1/28/2025 5:15,102973.52,103092.81,102812.9,103035.99,153.83675
1/28/2025 5:30,103036,103283.33,102988.14,103221.81,148.13094
1/28/2025 5:45,103221.81,103339.61,102911.2,103014.59,115.4496
1/28/2025 6:00,103014.6,103200,102910.53,102950.83,116.26305
1/28/2025 6:15,102950.83,102980,102757.17,102849.98,105.81965
1/28/2025 6:30,102849.99,102911.51,102599.2,102676.97,131.75948
1/28/2025 6:45,102676.96,102872,102652,102744.38,110.25484
1/28/2025 7:00,102744.39,103065,102527.39,103025.84,166.46238
1/28/2025 7:15,103025.85,103320,103018.96,103272.66,186.97917
1/28/2025 7:30,103272.66,103343.65,102857.83,102857.83,200.06821
1/28/2025 7:45,102857.84,102924,102616.23,102789.72,194.21221
1/28/2025 8:00,102789.72,102913.69,102607.34,102833.51,135.76035
1/28/2025 8:15,102833.52,103028.53,102760.22,102832.99,107.41131
1/28/2025 8:30,102832.99,102878.79,102637.75,102843.1,93.295
1/28/2025 8:45,102843.1,102878.79,102707.35,102851.23,91.57973
1/28/2025 9:00,102851.23,102965.28,102752.01,102834.17,106.65644
1/28/2025 9:15,102834.17,102856.39,102393.94,102474.87,202.11389
1/28/2025 9:30,102474.87,102800,102444.11,102628.78,174.80443
1/28/2025 9:45,102628.78,102962.66,102539.24,102955.99,184.82725
1/28/2025 10:00,102955.99,102989,102821.71,102972.93,94.44232
1/28/2025 10:15,102972.94,103181.82,102953.89,102953.89,167.91308
1/28/2025 10:30,102953.9,103000,102705.83,102714.65,117.4671
1/28/2025 10:45,102714.64,102760.51,102600.79,102745.36,101.16574
1/28/2025 11:00,102745.37,102934.7,102700.5,102874.21,106.22949
1/28/2025 11:15,102874.21,102943.07,102641.87,102693.47,109.20491
1/28/2025 11:30,102693.48,102739.42,102564.77,102701.53,107.62185
1/28/2025 11:45,102701.53,102870,102701.53,102762.01,151.10925
1/28/2025 12:00,102762.02,102988.6,102712.61,102872.82,142.79551
1/28/2025 12:15,102872.82,102901.11,102620,102683.79,117.85937
1/28/2025 12:30,102683.8,102727.89,102476.63,102655.49,150.42529
1/28/2025 12:45,102655.5,102702.66,102489.06,102599.99,121.22808
1/28/2025 13:00,102599.99,102886.2,102564,102886.19,92.74123
1/28/2025 13:15,102886.19,102938.71,102773.2,102820,85.70862
1/28/2025 13:30,102820,102820,102482.35,102571.65,135.83389
1/28/2025 13:45,102571.65,102713.98,102501.6,102597.36,101.53193
1/28/2025 14:00,102597.37,102597.37,101815.26,101962.98,440.03927
1/28/2025 14:15,101962.97,102619.99,101937.22,102580.26,286.4988
1/28/2025 14:30,102580.26,102891.33,102058.99,102159.99,754.24669
1/28/2025 14:45,102159.99,102805.93,102076.93,102641.99,462.04593
1/28/2025 15:00,102642,103315.79,102625.01,102937.33,676.65518
1/28/2025 15:15,102937.33,103280,102738.46,103210.22,298.86774
1/28/2025 15:30,103210.22,103800,102904.62,102964.93,920.23009
1/28/2025 15:45,102964.93,103116.07,102504,102777.99,319.74338
1/28/2025 16:00,102777.99,102907.98,102253.52,102267.4,462.40414
1/28/2025 16:15,102267.41,102440.28,101906.24,102041.99,534.80691
1/28/2025 16:30,102042,102411.96,102025,102382,281.124
1/28/2025 16:45,102382.01,102576.93,101972.84,102250.01,267.79974
1/28/2025 17:00,102250.01,103084,102220.07,103035.9,521.1732
1/28/2025 17:15,103035.9,103098,102733.33,102848.86,311.18234
1/28/2025 17:30,102848.87,102928,102338,102446.01,355.9059
1/28/2025 17:45,102446,102748,102346.01,102572.82,214.03859
1/28/2025 18:00,102572.82,103085.73,102375,103030.41,432.62271
1/28/2025 18:15,103030.41,103108,102785.56,102854.56,245.22751
1/28/2025 18:30,102854.57,102955.89,102472.49,102536.32,165.47521
1/28/2025 18:45,102536,102542.4,102160,102205.79,195.60227
1/28/2025 19:00,102205.78,102235,101820.15,102071.99,266.10232
1/28/2025 19:15,102071.98,102400,101980.99,102237.13,199.06743
1/28/2025 19:30,102237.12,102397.8,102043.53,102396.38,107.5948
1/28/2025 19:45,102396.39,102660,102396.39,102424.24,135.92696
1/28/2025 20:00,102424.24,102538,102302.11,102391.99,115.80904
1/28/2025 20:15,102391.99,102392,101955.49,101972.09,180.05268
1/28/2025 20:30,101972.1,102150.23,101896.4,101964.45,125.21981
1/28/2025 20:45,101964.45,101966.96,101197.04,101264.48,544.05064
1/28/2025 21:00,101264.02,101476.02,101090.71,101293.02,319.55171
1/28/2025 21:15,101293.03,101547.22,101228.27,101470.95,159.00561
1/28/2025 21:30,101470.94,101496.66,100598.22,100761.99,434.30864
1/28/2025 21:45,100761.98,100918.38,100272.68,100334.01,461.83586
1/28/2025 22:00,100334,100877.47,100274.96,100877.47,280.63227
1/28/2025 22:15,100877.47,101119.54,100570.36,100735.81,290.44491
1/28/2025 22:30,100735.8,101100.09,100568.01,101053.24,129.32379
1/28/2025 22:45,101053.25,101404,100923.07,101265.63,155.77815
1/28/2025 23:00,101265.63,101424.07,101000,101229.54,178.0017
1/28/2025 23:15,101229.55,101284.62,100908.51,100953.78,153.02538
1/28/2025 23:30,100953.78,101186.05,100750,101171.62,191.33994
1/28/2025 23:45,101171.62,101450,101161.76,101335.52,124.87652
1/29/2025 0:00,101335.52,101587.49,101328.01,101534.89,146.27438
1/29/2025 0:15,101534.88,101682.58,101430.23,101478.01,154.88314
1/29/2025 0:30,101478.01,101768.81,101396,101768.81,105.95483
1/29/2025 0:45,101768.98,101819.67,101645.75,101702.59,96.47473
1/29/2025 1:00,101702.6,101993.68,101702.6,101762.49,111.97503
1/29/2025 1:15,101762.49,101848.84,101616.39,101677.15,91.47455
1/29/2025 1:30,101677.14,101733.04,101461.12,101717.99,139.24088
1/29/2025 1:45,101717.99,101884,101692.46,101845.02,122.86919
1/29/2025 2:00,101845.02,102319.69,101845.01,102034.43,196.68707
1/29/2025 2:15,102034.43,102034.43,101787.92,101848.55,92.34371
1/29/2025 2:30,101848.55,101978.32,101769.23,101800.03,36.31912
1/29/2025 2:45,101800.03,101811.5,101696.01,101795.4,40.44744
1/29/2025 3:00,101795.41,102089.8,101764.24,101885.01,93.02792
1/29/2025 3:15,101885.02,102008.84,101797.45,102002.18,73.33708
1/29/2025 3:30,102002.19,102136.1,101881.03,102004.01,83.93375
1/29/2025 3:45,102004.01,102162.8,101920.36,102038.2,111.14054
1/29/2025 4:00,102038.21,102130.63,101955.51,102071.15,82.08346
1/29/2025 4:15,102071.15,102146.45,102028.52,102133.33,73.80356
1/29/2025 4:30,102133.33,102190,101992.63,102012.23,107.58028
1/29/2025 4:45,102012.23,102074.12,101976.19,102001.06,60.04418
1/29/2025 5:00,102001.06,102384.61,101980.27,102203.8,192.31248
1/29/2025 5:15,102203.8,102256,102134.62,102171.99,59.68547
1/29/2025 5:30,102172,102308.68,102140.87,102204.61,110.88815
1/29/2025 5:45,102204.61,102284.78,102133.9,102262,51.83824
1/29/2025 6:00,102262,102426.24,102237.05,102426.23,169.53776
1/29/2025 6:15,102426.23,102600,102365.1,102523.08,117.46787
1/29/2025 6:30,102523.09,102853.53,102523.08,102647.24,176.38252
1/29/2025 6:45,102647.25,102801.64,102556,102801.64,109.08797
1/29/2025 7:00,102801.64,102815.66,102449.97,102539.99,149.09763
1/29/2025 7:15,102539.99,102613,102484.62,102531.52,70.52739
1/29/2025 7:30,102531.52,102605.89,102486.85,102605.87,98.2656
1/29/2025 7:45,102605.88,102755.82,102577.16,102755.82,135.60387
1/29/2025 8:00,102755.81,103000,102736.17,102767.99,232.52059
1/29/2025 8:15,102768,102906,102680,102895.36,93.80745
1/29/2025 8:30,102895.36,102976,102741.02,102815.99,121.8671
1/29/2025 8:45,102815.99,102871.42,102712,102732.03,79.47923
1/29/2025 9:00,102732.03,102770,102522.97,102639.98,163.21149
1/29/2025 9:15,102639.98,102650,102346.67,102350,318.47791
1/29/2025 9:30,102350,102546.8,102350,102546.79,92.63036
1/29/2025 9:45,102546.8,102555.09,102303.68,102334.4,61.8316
1/29/2025 10:00,102334.41,102499.99,102180.65,102410.37,113.39461
1/29/2025 10:15,102410.38,102700,102380,102552.95,109.31703
1/29/2025 10:30,102552.95,102726.77,102511.63,102511.63,49.43493
1/29/2025 10:45,102511.64,102581.4,102484.62,102547.01,108.37803
1/29/2025 11:00,102547.01,102598.17,102425.87,102512,207.04351
1/29/2025 11:15,102511.99,102620,102486,102619.99,119.69477
1/29/2025 11:30,102620,102809.52,102558.28,102727.53,122.40187
1/29/2025 11:45,102727.53,102746.5,102539.88,102646,216.2233
1/29/2025 12:00,102646,102775.68,102555.39,102775.67,291.0757
1/29/2025 12:15,102775.67,102842.04,102384,102420,186.56281
1/29/2025 12:30,102419.99,102544,102241.39,102355.25,181.4152
1/29/2025 12:45,102355.26,102430.26,102220.13,102229.85,129.6102
1/29/2025 13:00,102229.85,102330.81,101873.36,102174.01,972.63797
1/29/2025 13:15,102174,102174,101818.25,101896.01,396.53366
1/29/2025 13:30,101896.01,102112.5,101769.78,101983.74,202.6605
1/29/2025 13:45,101983.75,102060,101699.59,101836.23,181.39923
1/29/2025 14:00,101836.23,102050,101751.53,102040,151.22915
1/29/2025 14:15,102040,102186.58,101942.38,102166.65,137.84109
1/29/2025 14:30,102166.64,102380,101742,102122.33,430.30602
1/29/2025 14:45,102122.33,102124,101582.37,102029.93,315.42982
1/29/2025 15:00,102029.94,102531.64,101953.52,102274,318.79828
1/29/2025 15:15,102274.01,102359.04,101867.31,101990,179.6088
1/29/2025 15:30,101990,102100,101833.81,101846.11,179.30848
1/29/2025 15:45,101846.11,102112.5,101798.01,101980.78,128.24585
1/29/2025 16:00,101980.78,102122.86,101780.61,101886.03,146.80464
1/29/2025 16:15,101886.03,102023.26,101675.62,101877.99,204.44551
1/29/2025 16:30,101877.99,102108,101814.18,102050,157.30253
1/29/2025 16:45,102049.99,102150,101949.02,102092.01,121.59444
1/29/2025 17:00,102092,102307.68,101995.37,102294,133.2333
1/29/2025 17:15,102294,102444,102260.84,102409.1,157.27785
1/29/2025 17:30,102409.1,102777.78,102409.1,102600,389.76986
1/29/2025 17:45,102600,102660.84,102359.37,102406.98,132.0717
1/29/2025 18:00,102406.97,102496.3,102008,102306.61,282.90499
1/29/2025 18:15,102306.61,102590.59,102164.33,102581.4,114.10168
1/29/2025 18:30,102581.4,102843.13,102581.39,102754.76,238.11091
1/29/2025 18:45,102754.76,103000,102748.46,102854.15,306.82576
1/29/2025 19:00,102854.14,102896.92,101650.75,102048,1187.50704
1/29/2025 19:15,102048.01,102048.99,101400.01,101547.87,557.28036
1/29/2025 19:30,101547.86,103999,101474.11,103448.29,2115.77321
1/29/2025 19:45,103448.45,103916,103173.6,103583.99,1014.91402
1/29/2025 20:00,103584,103769,102868,103443.44,788.86741
1/29/2025 20:15,103443.44,104689.17,103022,104364.59,1134.58717
1/29/2025 20:30,104365.99,104782.68,103945.75,104273.26,627.67146
1/29/2025 20:45,104273.26,104484.7,104016.84,104193.93,407.112
1/29/2025 21:00,104193.92,104371.97,103743.45,104216.79,708.36183
1/29/2025 21:15,104216.78,104374.68,103940.41,104111,368.17693
1/29/2025 21:30,104111,104393.93,103889,103899.39,245.28297
1/29/2025 21:45,103899.39,104087.42,103715.5,103741.11,192.14492
1/29/2025 22:00,103741.11,103831.56,103414.03,103523.79,212.32992
1/29/2025 22:15,103523.79,103771.29,103405.77,103771.28,132.41727
1/29/2025 22:30,103771.29,104010.94,103459.25,103485.44,306.90171
1/29/2025 22:45,103485.45,103676,103440,103492.06,64.16674
1/29/2025 23:00,103492.07,104121.98,103460,104121.98,265.82305
1/29/2025 23:15,104121.97,104344.64,103959.76,104194.64,161.56994
1/29/2025 23:30,104194.65,104205,103807.04,103823.56,115.33249
1/29/2025 23:45,103823.56,103944,103646.47,103733.24,111.72808
1/30/2025 0:00,103733.25,103818.69,103518.51,103576.45,278.19054
1/30/2025 0:15,103576.45,103715.59,103486,103546,106.91338
1/30/2025 0:30,103546,103789.39,103278.54,103638.3,230.79062
1/30/2025 0:45,103638.31,104123.36,103616.7,104026.04,181.62472
1/30/2025 1:00,104026.05,104162.15,103925,104162.15,105.51152
1/30/2025 1:15,104162.14,104499,104136.01,104372.22,229.42631
1/30/2025 1:30,104372.23,104555,104148.79,104336,329.26541
1/30/2025 1:45,104335.99,104363.93,104180.58,104264.15,109.56021
1/30/2025 2:00,104264.15,104279.49,103994.46,104122,129.14057
1/30/2025 2:15,104122,104360.13,104048.16,104360.13,157.72229
1/30/2025 2:30,104360.13,104595.34,104300,104393.81,297.8486
1/30/2025 2:45,104393.81,104668.35,104325.92,104663.19,239.05357
1/30/2025 3:00,104663.19,104748,104493.16,104724.11,201.1009
1/30/2025 3:15,104724.1,104724.11,104550.38,104683.55,167.76461
1/30/2025 3:30,104683.56,104944.45,104676,104904.81,261.76131
1/30/2025 3:45,104904.81,105300,104877.71,105196,851.22861
1/30/2025 4:00,105196,105288.63,104897.86,104972.01,214.7505
1/30/2025 4:15,104972,105162.78,104900.57,105069.61,148.89649
1/30/2025 4:30,105069.62,105182.35,104842.37,105182.34,157.80808
1/30/2025 4:45,105182.34,105595.81,105094.33,105478,337.37805
1/30/2025 5:00,105478,105520,105210.5,105373.94,266.39101
1/30/2025 5:15,105373.93,105480.16,105236,105304.76,116.41349
1/30/2025 5:30,105304.76,105364,105118.06,105188.03,122.39377
1/30/2025 5:45,105188.02,105375.71,104996.97,105375.7,300.70193
1/30/2025 6:00,105375.7,105580.16,105346.12,105506.02,245.1262
1/30/2025 6:15,105506.01,105506.01,105208.01,105212.76,92.45157
1/30/2025 6:30,105212.76,105297.59,105163.44,105181.77,108.39371
1/30/2025 6:45,105181.77,105245.28,105164.76,105184.37,106.53499
1/30/2025 7:00,105184.38,105348,104831.98,104895.71,230.49006
1/30/2025 7:15,104895.72,105071.8,104895.72,105007.97,100.64721
1/30/2025 7:30,105007.96,105007.97,104799.66,104913.46,133.22
1/30/2025 7:45,104913.46,105160.95,104873.31,105132.07,113.48788
1/30/2025 8:00,105132.07,105368.84,105004.84,105011.08,213.62875
1/30/2025 8:15,105011.07,105243.17,104925.26,105167.01,89.39997
1/30/2025 8:30,105167.01,105194.95,105014.9,105120,75.00874
1/30/2025 8:45,105120.01,105291.14,105060,105060.01,94.1007
1/30/2025 9:00,105060.01,105218,105021.36,105187.55,106.43489
1/30/2025 9:15,105187.55,105293.95,105162.49,105293.94,97.99571
1/30/2025 9:30,105293.95,105499.99,105278.05,105436.07,151.77316
1/30/2025 9:45,105436.07,105534,105373.17,105412.05,144.97213
1/30/2025 10:00,105412.05,105412.06,105117.63,105213.94,168.09649
1/30/2025 10:15,105213.93,105261.36,105132.07,105258.02,85.83923
1/30/2025 10:30,105258.01,105317.65,105186.55,105226.12,48.19504
1/30/2025 10:45,105226.12,105364,105200,105345.4,61.15985
1/30/2025 11:00,105345.41,105345.41,105078.01,105136.92,105.84935
1/30/2025 11:15,105136.92,105236.61,105080.88,105123.99,66.24839
1/30/2025 11:30,105123.99,105349,105109.65,105264.01,60.71271
1/30/2025 11:45,105264.01,105392,105207.54,105300.63,120.80072
1/30/2025 12:00,105300.63,105312.93,105112,105112.01,97.10953
1/30/2025 12:15,105112,105142.62,105000,105036.08,119.10374
1/30/2025 12:30,105036.09,105110.37,104880,104894.9,129.51711
1/30/2025 12:45,104894.91,105083.97,104836.85,105020,94.35418
1/30/2025 13:00,105020.01,105128.55,104929.72,105074.38,96.21418
1/30/2025 13:15,105074.39,105367.57,105074.39,105259.15,235.6012
1/30/2025 13:30,105259.14,105337.43,104915.4,105043.05,255.87522
1/30/2025 13:45,105043.04,105043.13,104836.58,104879.99,218.38002
1/30/2025 14:00,104879.99,105044.4,104660,104836,310.46567
1/30/2025 14:15,104836,104982.98,104733.33,104909.42,192.33444
1/30/2025 14:30,104909.42,105241,104768.48,105157.77,316.17834
1/30/2025 14:45,105157.15,106222.08,105148.26,105920.57,1393.159
1/30/2025 15:00,105920.57,106457.44,105751.01,106236.47,858.98898
1/30/2025 15:15,106236.47,106236.48,105353.85,105498.3,569.32602
1/30/2025 15:30,105498.3,105989,105450,105828.81,296.04672
1/30/2025 15:45,105828.82,106165.15,105459.64,105564,404.15713
1/30/2025 16:00,105563.99,105849.98,105455.3,105638.3,248.85288
1/30/2025 16:15,105638.29,106004.48,105544,105948.73,348.59595
1/30/2025 16:30,105948.73,106013.01,105687.01,105795.68,256.5176
1/30/2025 16:45,105795.68,105843.68,105624.53,105696.96,138.34753
1/30/2025 17:00,105696.96,105698.27,105272.72,105335.41,253.25501
1/30/2025 17:15,105335.4,105452.85,105111,105131.77,167.74873
1/30/2025 17:30,105131.76,105216.46,104900.14,105018.14,283.62433
1/30/2025 17:45,105018.13,105333.06,105018.13,105300.01,153.85892
1/30/2025 18:00,105300.01,105330.95,105153.14,105215.69,146.18649
1/30/2025 18:15,105215.68,105261.99,104762.59,104910.75,202.95621
1/30/2025 18:30,104910.75,105496,104888.85,105395.19,161.35426
1/30/2025 18:45,105395.2,105583.39,105338,105578.95,158.97265
1/30/2025 19:00,105578.96,105632.25,105450.98,105472.86,170.06059
1/30/2025 19:15,105472.86,105504,105231.58,105410.77,170.2705
1/30/2025 19:30,105410.78,105480.37,105244.47,105480.36,139.59448
1/30/2025 19:45,105480.36,105776.87,105404,105711.27,142.557
1/30/2025 20:00,105711.28,105810.82,105659.92,105772.32,171.35128
1/30/2025 20:15,105772.32,105821.62,105642.06,105653.05,180.49804
1/30/2025 20:30,105653.05,105669.48,104900,104900,374.05721
1/30/2025 20:45,104900,105280.09,104815.82,104907.15,392.521
1/30/2025 21:00,104907.1,105054.71,104805.15,104966.28,197.96355
1/30/2025 21:15,104966.28,105200,104963.11,105006.73,84.01036
1/30/2025 21:30,105006.73,105217.17,104929.86,105142.01,133.57763
1/30/2025 21:45,105141.53,105159.84,104999.3,105048.89,73.30181
1/30/2025 22:00,105048.89,105106.38,104962.11,105091.28,79.90795
1/30/2025 22:15,105091.27,105126.28,105079.69,105087.17,51.23436
1/30/2025 22:30,105087.17,105351.29,105087.16,105320.01,76.08088
1/30/2025 22:45,105320,105320.01,105079.2,105094.56,72.30248
1/30/2025 23:00,105094.57,105240,105049.94,105070.91,89.28378
1/30/2025 23:15,105070.91,105254,105070.9,105202.44,45.95179
1/30/2025 23:30,105202.44,105202.45,104980,104980,98.41898
1/30/2025 23:45,104980.01,104980.01,104693.82,104722.94,161.84507
1/31/2025 0:00,104722.94,104850,104535,104564.92,181.55202
1/31/2025 0:15,104564.93,104828,104400,104763.56,244.44116
1/31/2025 0:30,104763.56,104901.97,104679.41,104856.29,142.16702
1/31/2025 0:45,104856.29,105029.72,104830.57,104898.49,83.85886
1/31/2025 1:00,104898.48,104908.15,104704.92,104759.6,87.80971
1/31/2025 1:15,104759.6,104770.99,104420.97,104499.17,107.81027
1/31/2025 1:30,104499.17,104691.81,104499.16,104660.71,89.85624
1/31/2025 1:45,104660.71,104767.67,104541.01,104729.58,108.2744
1/31/2025 2:00,104729.95,104851.99,104702.6,104709.71,154.32587
1/31/2025 2:15,104709.7,104723.43,104331,104368.72,129.99271
1/31/2025 2:30,104368.49,104485,104255.01,104417,183.35601
1/31/2025 2:45,104417,104484.99,104334.82,104341.72,116.11534
1/31/2025 3:00,104341.73,104341.73,103998.3,104218.92,332.74961
1/31/2025 3:15,104218.91,104218.92,103930.09,104106.01,264.40107
1/31/2025 3:30,104106,104235.14,104000,104184.7,177.71865
1/31/2025 3:45,104184.7,104377.76,104184.7,104344.46,106.11893
1/31/2025 4:00,104344.46,104360.41,104283.03,104319.2,55.04481
1/31/2025 4:15,104319.21,104547.24,104177.16,104500.36,81.58522
1/31/2025 4:30,104500.35,104520.39,104205.59,104244,93.9759
1/31/2025 4:45,104244.01,104244.01,103972.13,104007.58,164.44537
1/31/2025 5:00,104007.59,104467.06,104007.59,104380.01,117.79087
1/31/2025 5:15,104380.01,104484.09,104380,104418.86,61.51159
1/31/2025 5:30,104418.87,104441.8,104323.91,104340.33,45.69661
1/31/2025 5:45,104340.34,104364.37,104258.29,104319.87,134.47672
1/31/2025 6:00,104319.87,104500,104298.73,104431.38,94.87598
1/31/2025 6:15,104431.38,104557.34,104431.37,104539.84,50.19916
1/31/2025 6:30,104539.83,104631.95,104521.08,104605.44,77.19308
1/31/2025 6:45,104605.44,104745.1,104509.8,104511.02,105.58495
1/31/2025 7:00,104511.03,104638.3,104470.58,104627.46,80.70927
1/31/2025 7:15,104627.45,104814.46,104627.45,104676.71,84.08064
1/31/2025 7:30,104676.71,104676.72,104263.47,104291.07,239.82635
1/31/2025 7:45,104291.06,104291.06,104002.01,104188.56,381.94215
1/31/2025 8:00,104188.57,104321.98,104116.03,104116.04,137.74568
1/31/2025 8:15,104116.04,104318.76,104013.63,104083.56,143.00073
1/31/2025 8:30,104083.55,104252.6,104036.9,104233.23,51.89005
1/31/2025 8:45,104233.23,104233.23,104023.91,104028.78,109.35525
1/31/2025 9:00,104028.79,104138.99,103950.01,103950.23,169.61095
1/31/2025 9:15,103950.23,104230.52,103936.54,104193.63,187.49241
1/31/2025 9:30,104193.64,104329.73,104142.58,104176.01,144.42698
1/31/2025 9:45,104176.02,104262.27,104119.15,104256.56,176.40326
1/31/2025 10:00,104256.57,104310.53,104208,104249.99,57.53121
1/31/2025 10:15,104250,104310.52,104080.1,104153.96,83.14344
1/31/2025 10:30,104153.96,104300,104100.64,104299.99,66.98814
1/31/2025 10:45,104299.99,104431.49,104272,104284.1,90.91494
1/31/2025 11:00,104284.1,104732.51,104284.1,104725.02,203.22098
1/31/2025 11:15,104725.02,104848.65,104610.06,104823.5,165.81315
1/31/2025 11:30,104823.5,104823.5,104627.92,104741.12,114.39309
1/31/2025 11:45,104741.13,104817.57,104551.35,104736,90.87994
1/31/2025 12:00,104736.01,104757.45,104612.07,104691.88,146.05817
1/31/2025 12:15,104691.88,104918.3,104669.55,104705.89,147.89239
1/31/2025 12:30,104705.89,104726.96,104553.71,104619.74,224.70768
1/31/2025 12:45,104619.74,104773.04,104619.73,104704.68,94.83006
1/31/2025 13:00,104704.69,105036.03,104704.68,104902.05,203.89483
1/31/2025 13:15,104902.05,104951.43,104750.01,104862.74,131.56628
1/31/2025 13:30,104862.74,104939.99,104551.09,104635.84,231.37644
1/31/2025 13:45,104635.83,104732,104563.04,104664.02,93.23005
1/31/2025 14:00,104664.01,104760.23,104549.01,104664.06,159.25864
1/31/2025 14:15,104664.06,104768.71,104470.58,104721.31,150.28813
1/31/2025 14:30,104721.31,104860,104169,104485.11,506.36785
1/31/2025 14:45,104485.12,104523.92,104106,104442.79,248.7013
1/31/2025 15:00,104443.99,104981.52,104443.99,104869.49,345.15842
1/31/2025 15:15,104869.49,105200,104565.21,105166.25,624.76527
1/31/2025 15:30,105166.24,105848.92,105104.53,105641.98,851.26054
1/31/2025 15:45,105641.99,106012,105381.53,105464.01,670.29617
1/31/2025 16:00,105464,105574.4,105120.01,105240,377.52157
1/31/2025 16:15,105240,105312,104696.23,104804.01,385.44757
1/31/2025 16:30,104804.01,105098.76,104795.26,104988.04,266.84718
1/31/2025 16:45,104988.04,105101.06,104975,105081.87,221.35048
1/31/2025 17:00,105081.86,105081.87,104542,104835.36,237.53647
1/31/2025 17:15,104835.35,104995.75,104688,104995.75,165.57058
1/31/2025 17:30,104995.75,105025.92,104627.45,104757.3,165.5004
1/31/2025 17:45,104757.29,104823.48,104580.87,104580.87,131.89076
1/31/2025 18:00,104580.87,104772.63,104499.37,104772.31,137.8993
1/31/2025 18:15,104772.31,104820,104000,104018.68,427.66092
1/31/2025 18:30,104018.67,104018.67,103000.01,103096.27,1020.13046
1/31/2025 18:45,103096.27,103181.81,102605,102627.29,872.38321
1/31/2025 19:00,102627.29,103016.66,102505,102670,587.46265
1/31/2025 19:15,102670,102959.37,102138.8,102508.33,575.69984
1/31/2025 19:30,102508.33,102659.45,102263.12,102350,376.84432
1/31/2025 19:45,102350.01,102527.92,102122,102312.32,427.10261
1/31/2025 20:00,102312.31,102312.31,102059.02,102118.09,330.23745
1/31/2025 20:15,102118.1,102271.67,101694.87,101938.43,637.4971
1/31/2025 20:30,101938.42,102321.42,101770.15,101855.27,443.10957
1/31/2025 20:45,101855.26,102077.77,101603.23,101680.02,598.69625
1/31/2025 21:00,101680.02,101948.96,101617.47,101654.83,263.4098
1/31/2025 21:15,101654.84,101863.15,101608,101625.31,287.54566
1/31/2025 21:30,101625.32,101958.88,101560,101896.01,294.74595
1/31/2025 21:45,101896.01,102166.11,101784.68,102148.73,201.87326
1/31/2025 22:00,102148.72,102241.64,101918.46,101995.1,173.91737
1/31/2025 22:15,101995.1,102380.66,101949.39,102366.06,148.55783
1/31/2025 22:30,102366.07,102480,102241.24,102473.48,220.67319
1/31/2025 22:45,102473.49,102482.94,102050,102261.3,216.80883
1/31/2025 23:00,102261.29,102261.29,101955,102143.2,240.0791
1/31/2025 23:15,102143.21,102268.05,102119.12,102268.05,124.31224
1/31/2025 23:30,102268.04,102290.99,102089.84,102290.99,89.04151
1/31/2025 23:45,102290.99,102439.31,102230.04,102429.56,133.87954
2/1/2025 0:00,102429.56,102570.64,102274.5,102531.98,140.4053
2/1/2025 0:15,102531.98,102575.06,102274.5,102282.28,130.71293
2/1/2025 0:30,102282.29,102499,102213.07,102458.65,130.45236
2/1/2025 0:45,102458.64,102515,102354.97,102494.94,136.55117
2/1/2025 1:00,102494.94,102612.37,102460.33,102606.03,105.60574
2/1/2025 1:15,102606.03,102710.38,102550,102710.38,117.3201
2/1/2025 1:30,102710.37,102780.27,102613.14,102778,147.6529
2/1/2025 1:45,102778.99,102779,102532.5,102566,130.85956
2/1/2025 2:00,102566,102697.17,102408.95,102684.15,132.58634
2/1/2025 2:15,102684.15,102783.71,102684.14,102706.53,68.41081
2/1/2025 2:30,102706.53,102711.69,102588.23,102662.33,71.03783
2/1/2025 2:45,102662.34,102702.59,102400,102467.77,164.0002
2/1/2025 3:00,102466.96,102518.42,102300,102425.61,104.57611
2/1/2025 3:15,102425.62,102438.81,102334.01,102346,47.30216
2/1/2025 3:30,102346,102360,102198.52,102261.22,111.31208
2/1/2025 3:45,102261.22,102289.99,102218.34,102249.19,71.55726
2/1/2025 4:00,102249.19,102331.16,102118.56,102201.01,105.88332
2/1/2025 4:15,102201,102259.97,102170.33,102238.06,65.89905
2/1/2025 4:30,102238.07,102503.03,102236.55,102493.77,99.88593
2/1/2025 4:45,102493.77,102493.77,102310.86,102316.16,50.62701
2/1/2025 5:00,102316.15,102382.25,102235.29,102352.4,90.49733
2/1/2025 5:15,102352.39,102479.48,102348,102479.47,45.36391
2/1/2025 5:30,102479.47,102588.57,102437.11,102549.01,55.41665
2/1/2025 5:45,102549.02,102551.56,102481.5,102500,63.40708
2/1/2025 6:00,102500,102577.12,102429.59,102429.6,51.62716
2/1/2025 6:15,102429.59,102429.59,102313.72,102354.9,52.48607
2/1/2025 6:30,102354.89,102446.14,102250,102294.07,60.80456
2/1/2025 6:45,102294.07,102402.91,102184.46,102402.91,67.05304
2/1/2025 7:00,102402.91,102494.69,102369.26,102443.36,52.95905
2/1/2025 7:15,102443.36,102443.37,102265.55,102301.44,69.47769
2/1/2025 7:30,102301.44,102380,102196.07,102196.08,58.18072
2/1/2025 7:45,102196.08,102273.33,102161.82,102166.49,62.64944
2/1/2025 8:00,102166.49,102276.99,102166.48,102205.63,66.35876
2/1/2025 8:15,102205.64,102205.64,101952,102009.26,300.11995
2/1/2025 8:30,102009.27,102051.98,101911.78,102011.05,126.38383
2/1/2025 8:45,102011.06,102053.14,101836.43,102016.85,156.78763
2/1/2025 9:00,102016.85,102016.85,101800.01,101800.01,121.34335
2/1/2025 9:15,101800.02,101939.99,101800.01,101865.14,71.34585
2/1/2025 9:30,101865.14,101889.99,101601.38,101620.29,203.11352
2/1/2025 9:45,101620.29,101692.5,101412,101675.99,242.20532
2/1/2025 10:00,101675.99,101883.33,101675.99,101820,104.74573
2/1/2025 10:15,101820.01,101939.49,101708.08,101872.03,111.13195
2/1/2025 10:30,101872.02,101984.99,101776,101776,97.55314
2/1/2025 10:45,101776.01,101833.63,101626.82,101638,98.44375
2/1/2025 11:00,101638,101881.44,101638,101881.43,76.35855
2/1/2025 11:15,101881.43,102026.79,101881.43,101980.68,79.39119
2/1/2025 11:30,101980.67,102048,101900,101959.99,114.68458
2/1/2025 11:45,101959.99,102055.98,101879.75,102028.81,59.17794
2/1/2025 12:00,102028.82,102150,102009.12,102096.94,105.72457
2/1/2025 12:15,102096.93,102205.3,102041.99,102178.6,115.58653
2/1/2025 12:30,102178.61,102290,102156.22,102238.93,143.08392
2/1/2025 12:45,102238.93,102329.01,102219.54,102277.71,85.39133
2/1/2025 13:00,102277.71,102277.71,102163.56,102257.96,69.26993
2/1/2025 13:15,102257.96,102278,102203.09,102246,86.34566
2/1/2025 13:30,102245.99,102284.46,102191.66,102196.08,89.2642
2/1/2025 13:45,102196.08,102196.08,101799.9,101869.02,202.96768
2/1/2025 14:00,101869.04,102084.89,101812,101960.79,124.29971
2/1/2025 14:15,101960.78,102119.24,101855.97,102111.18,89.16962
2/1/2025 14:30,102111.17,102173.45,102021.6,102025.37,115.69871
2/1/2025 14:45,102025.38,102035.58,101827.52,101827.53,105.11205
2/1/2025 15:00,101827.53,102059.66,101730.79,101919.05,141.91084
2/1/2025 15:15,101919.04,102005.34,101790.01,102005.33,61.15915
2/1/2025 15:30,102005.34,102120.54,101959.57,102078.44,81.44915
2/1/2025 15:45,102078.44,102185.94,102020,102073.89,88.24214
2/1/2025 16:00,102073.89,102209.98,102039.21,102063.38,80.45881
2/1/2025 16:15,102063.39,102119.15,101906.59,102086.24,104.81909
2/1/2025 16:30,102086.24,102113.91,102023.55,102024.01,40.88105
2/1/2025 16:45,102024,102072.8,101863.77,101892.32,87.68776
2/1/2025 17:00,101892.32,102174.54,101892.32,102117.64,99.99179
2/1/2025 17:15,102117.65,102297.99,102078.41,102212.44,137.46077
2/1/2025 17:30,102212.45,102232.01,102094,102141.41,43.66542
2/1/2025 17:45,102141.42,102287.3,102141.04,102262.49,39.78398
2/1/2025 18:00,102262.5,102279.52,102209.99,102233.23,44.72035
2/1/2025 18:15,102233.24,102239.99,102107.93,102154.24,55.33984
2/1/2025 18:30,102154.23,102200.79,102044,102102.08,54.47153
2/1/2025 18:45,102102.07,102154.24,101965.24,102003.7,56.61656
2/1/2025 19:00,102003.7,102023.63,101799.82,101872,121.81572
2/1/2025 19:15,101872.01,102004.49,101777.56,101806.86,103.20805
2/1/2025 19:30,101806.86,101856.44,101489.18,101557.32,270.05769
2/1/2025 19:45,101557.32,101702.66,101448,101669.6,131.60217
2/1/2025 20:00,101669.6,101669.6,101233.01,101292.83,304.71818
2/1/2025 20:15,101292.82,101531.25,101151.25,101215.93,423.23426
2/1/2025 20:30,101215.93,101326.91,101110,101298.64,265.3674
2/1/2025 20:45,101298.64,101532.39,101000,101333.34,289.82631
2/1/2025 21:00,101333.34,101529.99,101176.7,101473.74,136.51323
2/1/2025 21:15,101473.75,101578.04,101444.9,101480.68,141.75027
2/1/2025 21:30,101480.68,101490.2,101247.96,101370.62,116.85363
2/1/2025 21:45,101370.61,101388,101001,101199.82,229.33179
2/1/2025 22:00,101199.81,101428,101052.35,101070.05,148.36172
2/1/2025 22:15,101070.04,101118.72,100666,100730,388.62778
2/1/2025 22:30,100730,100929.12,100555,100902.22,279.65006
2/1/2025 22:45,100902.21,100968.18,100510,100666.91,203.06913
2/1/2025 23:00,100666.9,100684,100384,100389.11,490.37271
2/1/2025 23:15,100389.11,100560.61,100279.51,100517.7,431.53871
2/1/2025 23:30,100517.69,100871.45,100462.9,100818.02,220.78187
2/1/2025 23:45,100818.02,100839.45,100600.88,100635.65,151.99875
2/2/2025 0:00,100635.66,100898,100500,100849.98,224.9867
2/2/2025 0:15,100849.98,101180.01,100778.53,101150.47,131.11613
2/2/2025 0:30,101150.46,101266.1,101058.82,101250.38,173.99392
2/2/2025 0:45,101250.38,101288.51,101137.25,101243.86,94.99244
2/2/2025 1:00,101243.86,101390.87,101185.82,101353.75,84.02663
2/2/2025 1:15,101353.75,101456.6,101319.6,101374.59,99.35818
2/2/2025 1:30,101374.6,101381.12,101209.51,101372.53,72.06062
2/2/2025 1:45,101372.52,101382.25,101165.1,101248.38,101.33008
2/2/2025 2:00,101248.38,101271.32,100919.1,100930.22,175.09922
2/2/2025 2:15,100930.23,101092,100769.18,100930.32,148.97119
2/2/2025 2:30,100930.33,100930.33,100648.3,100774.8,141.16126
2/2/2025 2:45,100774.8,100774.8,100425,100452.16,246.21575
2/2/2025 3:00,100452.16,100755.93,99835.02,99976.63,1274.40356
2/2/2025 3:15,99976.63,100156.17,99418.5,99612,750.16074
2/2/2025 3:30,99611.99,99754.69,99349.9,99493.52,428.05822
2/2/2025 3:45,99493.51,99722.14,99148.91,99206.86,419.41174
2/2/2025 4:00,99206.85,99555.23,99031.19,99276.99,367.47517
2/2/2025 4:15,99277,99681.67,99077.74,99539.09,419.51827
2/2/2025 4:30,99539.08,99794.13,99465.62,99764.87,243.44926
2/2/2025 4:45,99764.87,99884,99538.37,99538.6,216.92182
2/2/2025 5:00,99538.6,99804,99500,99658,139.54281
2/2/2025 5:15,99658.22,99982.38,99600,99820.64,178.214
2/2/2025 5:30,99820.64,100264.47,99804.01,100239.99,254.91304
2/2/2025 5:45,100239.99,100342.69,100126.81,100259.53,141.55887
2/2/2025 6:00,100259.53,100364,100094.69,100292,171.05382
2/2/2025 6:15,100292.01,100515.99,100208.82,100488.01,196.61994
2/2/2025 6:30,100488.01,100488.02,100319.86,100463.65,137.61188
2/2/2025 6:45,100463.64,100463.64,100238.9,100265.15,147.31858
2/2/2025 7:00,100265.15,100277.54,100080,100244.02,181.53685
2/2/2025 7:15,100244.01,100260.25,99781.62,99886.45,156.38308
2/2/2025 7:30,99886.46,99959.65,99649.51,99766.22,305.73508
2/2/2025 7:45,99766.21,99836.23,99565.6,99643.3,220.93091
2/2/2025 8:00,99643.3,99842.29,99400.24,99412.75,238.96116
2/2/2025 8:15,99412.75,99820.34,99315.91,99753.74,345.45117
2/2/2025 8:30,99753.74,100100,99753.74,100000.01,209.12795
2/2/2025 8:45,100000.01,100057.31,99655.5,99831.04,124.3296
2/2/2025 9:00,99831.05,99831.05,99574.08,99771.08,150.82975
2/2/2025 9:15,99771.08,99774.59,99352.94,99562.01,277.17918
2/2/2025 9:30,99562,99852,99495.14,99816.68,124.35635
2/2/2025 9:45,99816.68,99864.02,99588.24,99690.78,162.29951
2/2/2025 10:00,99690.78,99694.72,99280,99280,286.72301
2/2/2025 10:15,99280.01,99488.51,99200,99368.33,332.15946
2/2/2025 10:30,99368.33,99514.05,99276.43,99469.48,159.09206
2/2/2025 10:45,99469.49,99644.49,99386,99417.06,201.97704
2/2/2025 11:00,99417.07,99604,99320,99343.18,172.59579
2/2/2025 11:15,99343.18,99374.62,99000,99006.01,323.58512
2/2/2025 11:30,99006,99272.7,98800,98828,489.48838
2/2/2025 11:45,98828,99041.67,98645,98864.6,509.06777
2/2/2025 12:00,98864.6,99166.19,98750,99136.15,282.70275
2/2/2025 12:15,99136.16,99137.25,98742.13,98831.91,224.19308
2/2/2025 12:30,98831.92,98831.92,98500,98692.82,359.6982
2/2/2025 12:45,98692.82,98692.82,98157,98178,585.22648
2/2/2025 13:00,98178,98646.26,98160,98542.87,346.34767
2/2/2025 13:15,98542.87,98810.42,98431.37,98733.7,253.28048
2/2/2025 13:30,98733.7,98796,98496.86,98704.23,650.05563
2/2/2025 13:45,98704.23,98827.18,98484.2,98795.88,505.57566
2/2/2025 14:00,98795.89,98795.89,98705.88,98764.32,51.41365
