Datetime,Open,High,Low,Close,Volume,Close Time,Quote Asset Volume,Number of Trades,Taker Buy Base Asset Volume,Taker Buy Quote Asset Volume,Ignore
2024-03-01 00:00:00,3340.1,3388.82,3338.54,3367.79,66201.9036,2024-03-01 03:59:59.999,222965019.099085,187104,28466.4481,95855282.886371,0
2024-03-01 04:00:00,3367.78,3399.0,3364.32,3365.41,55423.9715,2024-03-01 07:59:59.999,187276055.271236,182562,26042.197,88018556.415763,0
2024-03-01 08:00:00,3365.41,3437.08,3353.74,3410.9,91689.1515,2024-03-01 11:59:59.999,312939650.438604,268023,44923.6479,153293581.666368,0
2024-03-01 12:00:00,3410.89,3449.81,3379.6,3390.76,89813.1551,2024-03-01 15:59:59.999,307020374.149828,272960,43783.4705,149698164.396885,0
2024-03-01 16:00:00,3390.76,3435.9,3380.06,3427.73,63881.7445,2024-03-01 19:59:59.999,217887714.049759,198815,32416.897,110590628.709888,0
2024-03-01 20:00:00,3427.73,3450.0,3421.28,3433.43,45778.6511,2024-03-01 23:59:59.999,157207021.564182,153666,24141.0017,82908237.51951,0
2024-03-02 00:00:00,3433.42,3460.04,3424.71,3442.34,53603.9715,2024-03-02 03:59:59.999,184427702.138931,164302,25323.9698,87124610.701556,0
2024-03-02 04:00:00,3442.33,3452.76,3390.01,3430.25,73960.5478,2024-03-02 07:59:59.999,253312489.36252,185636,38228.3413,130903751.205448,0
2024-03-02 08:00:00,3430.26,3435.68,3391.83,3403.39,46989.2405,2024-03-02 11:59:59.999,160271763.569625,171394,20881.426,71225692.966204,0
2024-03-02 12:00:00,3403.4,3427.01,3394.47,3418.05,43485.4252,2024-03-02 15:59:59.999,148439232.14786,168744,20718.0578,70725198.130148,0
2024-03-02 16:00:00,3418.04,3431.03,3410.0,3426.19,34444.983,2024-03-02 19:59:59.999,117863114.800156,126582,16642.3918,56957724.588495,0
2024-03-02 20:00:00,3426.2,3431.31,3402.56,3421.4,31500.7768,2024-03-02 23:59:59.999,107442618.432117,109455,16448.0911,56096611.687844,0
2024-03-03 00:00:00,3421.39,3434.0,3409.1,3431.56,42198.1371,2024-03-03 03:59:59.999,144463491.863448,143259,21605.5177,73969390.798981,0
2024-03-03 04:00:00,3431.57,3446.23,3360.0,3392.76,76052.0366,2024-03-03 07:59:59.999,259152181.737341,216905,36069.0081,122937331.336994,0
2024-03-03 08:00:00,3392.76,3414.91,3375.0,3413.39,51813.7052,2024-03-03 11:59:59.999,176160392.782118,183978,24856.8069,84521093.128049,0
2024-03-03 12:00:00,3413.39,3447.53,3403.92,3422.5,60505.3203,2024-03-03 15:59:59.999,207373714.456846,214352,30667.1126,105114070.241876,0
2024-03-03 16:00:00,3422.5,3484.44,3418.22,3465.2,69628.9165,2024-03-03 19:59:59.999,241105545.920255,203138,34470.535,119347794.17676,0
2024-03-03 20:00:00,3465.2,3491.8,3458.65,3487.81,41433.4153,2024-03-03 23:59:59.999,144017334.224482,155191,21170.183,73595024.982583,0
2024-03-04 00:00:00,3487.8,3528.96,3423.78,3471.85,104241.127,2024-03-04 03:59:59.999,363697600.779851,310732,52730.3783,184049459.106395,0
2024-03-04 04:00:00,3471.84,3487.34,3456.36,3478.61,64931.4423,2024-03-04 07:59:59.999,225429901.596277,218093,28303.7781,98260653.012606,0
2024-03-04 08:00:00,3478.61,3544.14,3478.6,3506.91,130561.2393,2024-03-04 11:59:59.999,458609962.50977904,358986,59540.5752,209163546.623052,0
2024-03-04 12:00:00,3506.92,3568.18,3459.03,3560.42,132120.4513,2024-03-04 15:59:59.999,465429012.554064,361342,67666.0596,238533539.591439,0
2024-03-04 16:00:00,3560.42,3610.0,3528.42,3593.01,184688.9321,2024-03-04 19:59:59.999,658361771.084433,432785,97211.9333,346668222.380903,0
2024-03-04 20:00:00,3593.0,3640.94,3558.3,3627.76,98817.4441,2024-03-04 23:59:59.999,355376793.414786,271826,49601.2999,178437174.906781,0
2024-03-05 00:00:00,3627.75,3697.2,3607.24,3689.81,115612.4894,2024-03-05 03:59:59.999,420407884.531008,324632,57055.8016,207546609.815714,0
2024-03-05 04:00:00,3689.81,3740.0,3641.5,3672.98,214653.2558,2024-03-05 07:59:59.999,794972638.2136511,553202,105895.0613,392222827.73890704,0
2024-03-05 08:00:00,3672.99,3742.0,3651.87,3731.45,96557.8615,2024-03-05 11:59:59.999,357286399.956623,279143,51096.3229,189117765.743073,0
2024-03-05 12:00:00,3731.46,3822.04,3730.8,3783.01,232303.136,2024-03-05 15:59:59.999,877844958.252932,546999,121815.7181,460230794.55977905,0
2024-03-05 16:00:00,3783.0,3796.07,3200.0,3376.46,421444.8851,2024-03-05 19:59:59.999,1513207195.93118,903025,184323.921,663778466.127835,0
2024-03-05 20:00:00,3376.46,3580.6,3324.68,3553.65,312333.2362,2024-03-05 23:59:59.999,1080128602.798086,658581,163012.6174,563846910.305207,0
2024-03-06 00:00:00,3553.66,3591.23,3499.4,3538.01,115820.7803,2024-03-06 03:59:59.999,410620562.453988,308084,56595.4936,200667286.994489,0
2024-03-06 04:00:00,3538.01,3789.77,3536.2,3786.6,230737.8482,2024-03-06 07:59:59.999,857218015.158171,532773,108639.672,402978845.020883,0
2024-03-06 08:00:00,3786.61,3899.47,3778.6,3879.74,201051.8756,2024-03-06 11:59:59.999,771696165.97028,543050,100807.9411,386893043.57605106,0
2024-03-06 12:00:00,3879.74,3900.0,3724.0,3790.94,234039.7964,2024-03-06 15:59:59.999,893035989.441185,597164,117277.561,447730295.677208,0
2024-03-06 16:00:00,3790.95,3880.0,3764.25,3852.59,107005.7888,2024-03-06 19:59:59.999,409118549.86632705,328744,56519.1698,216104033.362026,0
2024-03-06 20:00:00,3852.59,3892.58,3792.7,3818.59,80838.6207,2024-03-06 23:59:59.999,310561641.387786,245647,39881.2405,153187466.217442,0
2024-03-07 00:00:00,3818.58,3852.69,3764.21,3775.18,101621.8497,2024-03-07 03:59:59.999,386856294.195594,276102,49766.8322,189463426.912208,0
2024-03-07 04:00:00,3775.18,3803.36,3735.0,3789.22,71852.4759,2024-03-07 07:59:59.999,271235293.12673,253200,36829.253,139048469.097955,0
2024-03-07 08:00:00,3789.23,3814.92,3770.36,3787.58,73348.2997,2024-03-07 11:59:59.999,278072588.494697,244733,33893.3877,128513593.222534,0
2024-03-07 12:00:00,3787.58,3855.23,3765.12,3837.16,112772.69,2024-03-07 15:59:59.999,429926800.214338,350495,57239.5219,218219231.075372,0
2024-03-07 16:00:00,3837.17,3883.77,3812.44,3870.19,78329.5525,2024-03-07 19:59:59.999,301721502.985617,248897,40344.6344,155423057.975526,0
2024-03-07 20:00:00,3870.19,3933.81,3840.0,3868.76,102855.8072,2024-03-07 23:59:59.999,399795438.42673296,263289,54176.7819,210601510.435743,0
2024-03-08 00:00:00,3868.76,3940.6,3863.56,3900.85,77725.9157,2024-03-08 03:59:59.999,303589793.507959,216380,39718.8986,155085586.651633,0
2024-03-08 04:00:00,3900.85,3946.57,3880.0,3908.16,64744.9491,2024-03-08 07:59:59.999,253191672.209616,184918,30059.0104,117521009.258054,0
2024-03-08 08:00:00,3908.16,3954.98,3908.15,3950.46,79443.9638,2024-03-08 11:59:59.999,312892087.243655,215515,42199.1725,166177286.381823,0
2024-03-08 12:00:00,3950.46,3993.75,3886.0,3900.75,172241.1434,2024-03-08 15:59:59.999,680648397.63422,428205,84953.7415,335857205.003177,0
2024-03-08 16:00:00,3900.76,3978.49,3820.0,3928.82,174005.1197,2024-03-08 19:59:59.999,677673023.2660071,400885,88893.5533,346255951.934431,0
2024-03-08 20:00:00,3928.82,3950.85,3871.28,3883.36,78238.1672,2024-03-08 23:59:59.999,306214946.144108,211238,36848.9228,144267150.843597,0
2024-03-09 00:00:00,3883.37,3929.0,3877.5,3923.21,42981.501,2024-03-09 03:59:59.999,167903859.661188,130154,22685.0281,88615970.03019,0
2024-03-09 04:00:00,3923.22,3942.0,3912.05,3925.47,36331.8334,2024-03-09 07:59:59.999,142677110.03882,112376,18917.0258,74294395.460463,0
2024-03-09 08:00:00,3925.46,3936.0,3887.99,3912.49,47849.7238,2024-03-09 11:59:59.999,187299810.115134,148607,23160.2422,90671001.971672,0
2024-03-09 12:00:00,3912.5,3927.05,3901.62,3916.66,40208.5626,2024-03-09 15:59:59.999,157420411.851778,132277,20790.8998,81396459.040425,0
2024-03-09 16:00:00,3916.66,3920.22,3870.01,3881.18,57453.4371,2024-03-09 19:59:59.999,223431791.271514,183967,28464.0511,110692805.881008,0
2024-03-09 20:00:00,3881.18,3912.68,3881.17,3905.21,30014.0807,2024-03-09 23:59:59.999,117090705.375119,111954,14633.3674,57084483.780745,0
2024-03-10 00:00:00,3905.2,3940.1,3899.51,3935.0,51918.0288,2024-03-10 03:59:59.999,203710896.550461,177310,26634.9729,104505936.612653,0
2024-03-10 04:00:00,3935.01,3950.0,3929.79,3944.82,38704.7462,2024-03-10 07:59:59.999,152557454.964687,138154,17802.1546,70173227.521044,0
2024-03-10 08:00:00,3944.81,3964.67,3920.02,3932.72,60457.1563,2024-03-10 11:59:59.999,238326730.082198,208330,28234.8247,111304407.82829,0
2024-03-10 12:00:00,3932.72,3947.18,3860.65,3883.69,85475.6879,2024-03-10 15:59:59.999,333599841.479161,260598,40881.0658,159594988.803078,0
2024-03-10 16:00:00,3883.7,3927.05,3882.06,3898.0,48450.6237,2024-03-10 19:59:59.999,189237770.723987,177833,23435.004,91537192.873601,0
2024-03-10 20:00:00,3898.01,3903.89,3791.26,3878.47,71658.4371,2024-03-10 23:59:59.999,275982960.182926,233255,33487.8169,129023592.665687,0
2024-03-11 00:00:00,3878.47,3888.38,3722.95,3866.93,104660.8458,2024-03-11 03:59:59.999,400551495.704717,334058,50849.0945,194645890.417704,0
2024-03-11 04:00:00,3866.92,4011.79,3834.22,4001.4,158741.3444,2024-03-11 07:59:59.999,625182042.371797,421692,83398.2963,328533991.400739,0
2024-03-11 08:00:00,4001.4,4054.6,3986.86,4034.25,166787.8858,2024-03-11 11:59:59.999,670680688.785295,423088,70280.7386,282527924.966004,0
2024-03-11 12:00:00,4034.25,4065.8,4017.0,4018.0,128794.4803,2024-03-11 15:59:59.999,520042479.01821506,298811,49006.8399,198038634.298369,0
2024-03-11 16:00:00,4018.01,4086.23,3998.92,4031.71,107913.564,2024-03-11 19:59:59.999,436007818.210371,270938,50885.116,205686797.306003,0
2024-03-11 20:00:00,4031.7,4082.0,4027.92,4064.8,54656.3936,2024-03-11 23:59:59.999,221654630.212964,145917,27939.5802,113270698.557956,0
2024-03-12 00:00:00,4064.8,4093.92,4021.19,4028.69,82355.2843,2024-03-12 03:59:59.999,334537249.35709,191159,38705.9753,157262425.929517,0
2024-03-12 04:00:00,4028.69,4052.4,4000.02,4027.13,62019.6953,2024-03-12 07:59:59.999,249781180.982053,203435,31337.044,126185736.518109,0
2024-03-12 08:00:00,4027.13,4065.0,3965.0,4020.83,83842.3936,2024-03-12 11:59:59.999,335918390.411136,282696,43229.1528,173233155.15919,0
2024-03-12 12:00:00,4020.84,4053.8,3950.0,3988.46,146976.2191,2024-03-12 15:59:59.999,588692818.872793,460439,70763.6167,283526316.964566,0
2024-03-12 16:00:00,3988.46,3991.62,3828.98,3980.23,199020.7718,2024-03-12 19:59:59.999,782059225.9598529,536106,98003.0393,385316910.218992,0
2024-03-12 20:00:00,3980.23,3980.56,3927.18,3979.96,58573.03,2024-03-12 23:59:59.999,231487007.498885,204706,35026.2449,138422345.789809,0
2024-03-13 00:00:00,3979.97,4045.86,3973.53,4043.78,64974.9648,2024-03-13 03:59:59.999,260757150.21378,221623,35529.3597,142591713.557243,0
2024-03-13 04:00:00,4043.78,4078.38,4029.1,4038.36,70118.1647,2024-03-13 07:59:59.999,283737336.244632,225274,34328.6872,138935594.572886,0
2024-03-13 08:00:00,4038.36,4083.0,4038.09,4048.9,71500.9906,2024-03-13 11:59:59.999,290046606.070283,227547,37594.086,152500674.904761,0
2024-03-13 12:00:00,4048.91,4053.0,3932.23,3962.8,148148.3053,2024-03-13 15:59:59.999,590624091.741835,427831,70040.954,279242941.260742,0
2024-03-13 16:00:00,3962.8,4011.06,3952.23,4000.44,70578.3149,2024-03-13 19:59:59.999,281084028.705434,235573,38768.8088,154386131.859116,0
2024-03-13 20:00:00,4000.44,4021.0,3974.62,4004.79,56985.0363,2024-03-13 23:59:59.999,227660177.32616,198650,29844.1782,119233565.993314,0
2024-03-14 00:00:00,4004.79,4010.98,3955.0,3993.77,59083.0005,2024-03-14 03:59:59.999,235433112.942463,185032,29319.2756,116825585.718127,0
2024-03-14 04:00:00,3993.77,4005.69,3940.64,3963.46,64515.6419,2024-03-14 07:59:59.999,256203562.990425,239127,31383.1233,124644141.247156,0
2024-03-14 08:00:00,3963.45,3997.7,3943.12,3955.04,59789.1681,2024-03-14 11:59:59.999,237494933.263703,219291,28916.1173,114872356.146065,0
2024-03-14 12:00:00,3955.04,3967.4,3820.2,3845.81,180384.2757,2024-03-14 15:59:59.999,701656206.361321,498921,88025.3949,342517528.313101,0
2024-03-14 16:00:00,3845.81,3896.02,3723.0,3785.89,184658.1893,2024-03-14 19:59:59.999,704956514.73234,508034,85357.8159,325959661.673203,0
2024-03-14 20:00:00,3785.89,3892.0,3780.79,3881.7,99807.249,2024-03-14 23:59:59.999,384263621.400948,269558,51203.9052,197123425.554694,0
2024-03-15 00:00:00,3881.69,3934.02,3623.0,3722.2,208926.9893,2024-03-15 03:59:59.999,787949193.236912,527722,99418.5734,375249092.933543,0
2024-03-15 04:00:00,3722.2,3779.92,3656.49,3754.12,174978.3857,2024-03-15 07:59:59.999,648210415.811397,435809,87676.6017,324926489.774123,0
2024-03-15 08:00:00,3754.12,3761.65,3570.0,3689.33,231263.8534,2024-03-15 11:59:59.999,847219414.965264,576751,105520.8967,386704079.527224,0
2024-03-15 12:00:00,3689.33,3742.0,3670.77,3688.9,116561.5186,2024-03-15 15:59:59.999,431571417.89807695,381599,60435.2563,223803085.185136,0
2024-03-15 16:00:00,3688.89,3806.62,3659.01,3689.54,128183.8655,2024-03-15 19:59:59.999,476975575.48295695,336535,68220.4065,253946332.138516,0
2024-03-15 20:00:00,3689.53,3749.93,3606.65,3742.19,87622.7946,2024-03-15 23:59:59.999,321551441.925842,228921,43926.2143,161274884.129815,0
2024-03-16 00:00:00,3742.19,3781.12,3722.41,3735.52,73363.2961,2024-03-16 03:59:59.999,275263425.317909,213362,37732.947,141591416.811873,0
2024-03-16 04:00:00,3735.52,3743.6,3690.18,3740.19,50218.9677,2024-03-16 07:59:59.999,186862190.933716,212531,25341.6803,94309193.59812,0
2024-03-16 08:00:00,3740.2,3741.1,3661.83,3692.29,62013.0313,2024-03-16 11:59:59.999,229899398.3993,245335,29860.1099,110690992.790622,0
2024-03-16 12:00:00,3692.29,3711.37,3637.73,3679.55,92942.0765,2024-03-16 15:59:59.999,340952824.483541,336336,47441.0547,174033004.466641,0
2024-03-16 16:00:00,3679.54,3679.88,3570.0,3600.6,122770.3784,2024-03-16 19:59:59.999,444756532.34111506,394761,57169.01,207121321.934456,0
2024-03-16 20:00:00,3600.6,3633.8,3468.8,3523.09,146980.4069,2024-03-16 23:59:59.999,521442509.837034,396614,64460.8,228856109.884846,0
2024-03-17 00:00:00,3523.09,3582.4,3504.95,3571.5,90384.1792,2024-03-17 03:59:59.999,320885707.020565,280839,44962.7349,159625744.648501,0
2024-03-17 04:00:00,3571.49,3572.51,3412.0,3472.72,114120.8728,2024-03-17 07:59:59.999,397390492.406276,355819,54475.8524,189720528.430533,0
2024-03-17 08:00:00,3472.72,3606.41,3460.01,3578.99,107483.9821,2024-03-17 11:59:59.999,381692055.11441,331395,52961.9939,188102274.212856,0
2024-03-17 12:00:00,3578.99,3647.15,3528.36,3628.42,95169.7591,2024-03-17 15:59:59.999,341198412.769451,333210,49556.4741,177731960.522548,0
2024-03-17 16:00:00,3628.42,3656.45,3602.43,3651.18,62380.0184,2024-03-17 19:59:59.999,226297753.6255,243482,30881.5421,112049630.383475,0
2024-03-17 20:00:00,3651.18,3678.68,3624.19,3644.71,48252.182,2024-03-17 23:59:59.999,176023343.685112,176610,23122.7066,84349254.159245,0
2024-03-18 00:00:00,3644.7,3645.02,3557.31,3600.39,82008.4412,2024-03-18 03:59:59.999,295276710.411454,251340,37258.1734,134127818.007171,0
2024-03-18 04:00:00,3600.38,3642.52,3576.9,3626.65,65470.8897,2024-03-18 07:59:59.999,237025617.697945,224718,32352.3691,117125105.214185,0
2024-03-18 08:00:00,3626.65,3627.0,3548.99,3597.82,104156.7504,2024-03-18 11:59:59.999,373284948.138283,348163,49637.7421,177910972.836069,0
2024-03-18 12:00:00,3597.83,3613.41,3486.0,3525.18,134712.3087,2024-03-18 15:59:59.999,477278115.04898703,445468,65720.6054,232928351.427085,0
2024-03-18 16:00:00,3525.17,3563.86,3454.09,3478.89,129920.707,2024-03-18 19:59:59.999,454560287.73240894,426759,61193.5457,214143877.599231,0
2024-03-18 20:00:00,3478.88,3548.0,3478.88,3520.46,54632.1881,2024-03-18 23:59:59.999,192264934.692384,209939,27263.1898,95962047.844792,0
2024-03-19 00:00:00,3520.47,3548.09,3362.15,3419.17,189698.6232,2024-03-19 03:59:59.999,649902454.443524,479891,85815.8225,294102148.276651,0
2024-03-19 04:00:00,3419.18,3427.8,3306.1,3360.14,146220.9547,2024-03-19 07:59:59.999,492565240.50958,436546,69963.9485,235720765.049958,0
2024-03-19 08:00:00,3360.14,3360.16,3202.84,3276.51,265410.214,2024-03-19 11:59:59.999,864665304.972428,655601,120349.8278,392070254.349618,0
2024-03-19 12:00:00,3276.51,3325.69,3223.5,3303.16,164469.5428,2024-03-19 15:59:59.999,538948991.438383,440828,78827.8597,258324545.489068,0
2024-03-19 16:00:00,3303.16,3359.8,3280.8,3333.26,129837.4242,2024-03-19 19:59:59.999,431063936.31554097,323525,61303.9433,203559041.340592,0
2024-03-19 20:00:00,3333.27,3338.84,3150.88,3158.64,153992.9347,2024-03-19 23:59:59.999,497161784.597,310994,70151.9418,226530032.130357,0
2024-03-20 00:00:00,3158.65,3266.01,3153.26,3161.02,176684.8529,2024-03-20 03:59:59.999,566099143.419354,403667,85092.3398,272694582.666399,0
2024-03-20 04:00:00,3161.02,3226.0,3056.56,3218.48,241498.0331,2024-03-20 07:59:59.999,759531600.492287,537847,114303.1494,359783752.191891,0
2024-03-20 08:00:00,3218.47,3296.72,3205.1,3293.26,137299.3104,2024-03-20 11:59:59.999,444793216.797992,435329,68054.5917,220517091.352027,0
2024-03-20 12:00:00,3293.26,3397.0,3275.35,3292.55,226068.0678,2024-03-20 15:59:59.999,755344433.5538899,584009,105233.4718,351676111.385893,0
2024-03-20 16:00:00,3292.54,3405.78,3140.71,3379.01,263906.8566,2024-03-20 19:59:59.999,867456082.3949751,649474,132788.841,436545146.29614097,0
2024-03-20 20:00:00,3379.0,3535.24,3370.91,3516.53,161865.6993,2024-03-20 23:59:59.999,564026952.240543,377627,83984.5035,292586447.585969,0
2024-03-21 00:00:00,3516.53,3558.99,3493.4,3510.59,109802.7426,2024-03-21 03:59:59.999,387132481.07161903,279881,52001.8354,183404249.100706,0
2024-03-21 04:00:00,3510.59,3537.2,3446.47,3516.03,89965.5165,2024-03-21 07:59:59.999,315211191.252762,266664,43127.6834,151094306.850184,0
2024-03-21 08:00:00,3516.04,3587.32,3516.03,3531.18,94844.8442,2024-03-21 11:59:59.999,336601297.509863,293395,43911.7348,155881285.850193,0
2024-03-21 12:00:00,3531.18,3574.41,3478.73,3497.6,103968.4195,2024-03-21 15:59:59.999,366747041.005136,331682,52768.3659,186148500.297924,0
2024-03-21 16:00:00,3497.59,3545.99,3412.22,3441.38,131679.5015,2024-03-21 19:59:59.999,455977320.211656,363426,65375.6385,226484993.658421,0
2024-03-21 20:00:00,3441.37,3521.91,3412.0,3492.85,72494.1829,2024-03-21 23:59:59.999,252415527.105499,256941,38180.7428,132977993.903452,0
2024-03-22 00:00:00,3492.84,3527.61,3454.01,3522.01,61088.8562,2024-03-22 03:59:59.999,213295500.21104,236413,30879.1474,107876205.837076,0
2024-03-22 04:00:00,3522.0,3542.52,3500.63,3511.4,58201.2989,2024-03-22 07:59:59.999,204857357.91738,209459,31163.9404,109711292.472795,0
2024-03-22 08:00:00,3511.39,3523.8,3394.42,3405.19,68698.234,2024-03-22 11:59:59.999,237640783.697398,255507,31759.7676,109914570.080446,0
2024-03-22 12:00:00,3405.18,3425.84,3281.0,3349.31,160395.4791,2024-03-22 15:59:59.999,537281164.880772,468273,81109.2583,271776030.865979,0
2024-03-22 16:00:00,3349.3,3362.19,3289.0,3340.46,123949.364,2024-03-22 19:59:59.999,413141706.43165296,318902,61982.8717,206595801.008544,0
2024-03-22 20:00:00,3340.46,3345.59,3250.0,3336.35,86515.6558,2024-03-22 23:59:59.999,285555127.880764,259202,41329.0047,136391936.585051,0
2024-03-23 00:00:00,3336.35,3362.38,3270.08,3303.56,58618.341,2024-03-23 03:59:59.999,194909078.867049,205289,27378.28,91067571.312377,0
2024-03-23 04:00:00,3303.55,3383.8,3298.6,3365.28,42455.7546,2024-03-23 07:59:59.999,141937607.208639,172933,22418.2323,74961057.438305,0
2024-03-23 08:00:00,3365.28,3380.57,3328.34,3364.99,43508.015,2024-03-23 11:59:59.999,145899443.662813,186281,20664.256,69315305.565356,0
2024-03-23 12:00:00,3364.98,3423.03,3343.41,3405.5,69877.3828,2024-03-23 15:59:59.999,236761234.173659,217765,34297.3579,116193114.107604,0
2024-03-23 16:00:00,3405.49,3435.48,3384.82,3386.12,45078.0352,2024-03-23 19:59:59.999,153633440.149587,176321,20586.736,70170536.444069,0
2024-03-23 20:00:00,3386.11,3401.6,3327.28,3329.53,64138.4162,2024-03-23 23:59:59.999,216637575.539482,171094,29496.0907,99628806.260295,0
2024-03-24 00:00:00,3329.53,3368.16,3307.0,3307.62,48041.0628,2024-03-24 03:59:59.999,160095333.221736,179503,22176.5926,73932968.001392,0
2024-03-24 04:00:00,3307.63,3343.07,3298.76,3341.8,39533.9037,2024-03-24 07:59:59.999,131122687.959043,159984,18936.2553,62825234.975671,0
2024-03-24 08:00:00,3341.81,3392.72,3335.5,3387.38,36214.3205,2024-03-24 11:59:59.999,121958567.801464,164834,19454.3109,65506611.13062,0
2024-03-24 12:00:00,3387.37,3414.46,3376.73,3397.51,36265.3185,2024-03-24 15:59:59.999,123146394.124376,160912,19113.9568,64921059.633948,0
2024-03-24 16:00:00,3397.5,3409.5,3333.0,3382.5,49572.2639,2024-03-24 19:59:59.999,167003849.299634,204032,24304.8437,81872930.594626,0
2024-03-24 20:00:00,3382.49,3471.22,3375.56,3454.98,51197.2714,2024-03-24 23:59:59.999,175706240.625201,221717,27869.2962,95655629.737304,0
2024-03-25 00:00:00,3454.99,3461.17,3420.12,3454.97,42364.5167,2024-03-25 03:59:59.999,145595702.064298,162285,23279.0295,80006823.542246,0
2024-03-25 04:00:00,3454.98,3506.49,3440.8,3444.6,84573.3282,2024-03-25 07:59:59.999,293876470.425248,211664,46231.1722,160652748.130121,0
2024-03-25 08:00:00,3444.59,3472.0,3432.15,3436.19,49155.8492,2024-03-25 11:59:59.999,169605919.478467,179547,24564.9248,84772325.484159,0
2024-03-25 12:00:00,3436.2,3587.9,3430.0,3581.49,126222.948,2024-03-25 15:59:59.999,444679030.893866,387616,68128.0351,239982953.720259,0
2024-03-25 16:00:00,3581.49,3666.0,3566.2,3638.96,184776.909,2024-03-25 19:59:59.999,669779282.431658,433009,100460.7486,364069670.32980496,0
2024-03-25 20:00:00,3638.96,3646.66,3566.47,3590.42,61484.1431,2024-03-25 23:59:59.999,221841343.366733,236009,31569.2,113892193.554093,0
2024-03-26 00:00:00,3590.43,3643.71,3580.95,3623.0,118159.5628,2024-03-26 03:59:59.999,426915570.342918,244940,58754.8495,212181514.934353,0
2024-03-26 04:00:00,3623.0,3678.86,3618.4,3635.13,83621.5109,2024-03-26 07:59:59.999,304268994.522482,212483,33941.579,123557523.114635,0
2024-03-26 08:00:00,3635.14,3670.32,3630.0,3631.6,58958.4099,2024-03-26 11:59:59.999,215152144.153039,195595,26389.1614,96336958.262651,0
2024-03-26 12:00:00,3631.61,3654.34,3545.13,3593.35,109018.2391,2024-03-26 15:59:59.999,392567063.708427,318105,48607.611,174893985.964142,0
2024-03-26 16:00:00,3593.35,3603.55,3542.62,3560.82,88321.8786,2024-03-26 19:59:59.999,315195680.37091,249739,44371.1551,158324953.939089,0
2024-03-26 20:00:00,3560.83,3613.5,3558.15,3587.33,40934.2371,2024-03-26 23:59:59.999,146712582.748448,152829,20520.0076,73508506.335975,0
2024-03-27 00:00:00,3587.32,3627.67,3577.0,3603.11,38078.1551,2024-03-27 03:59:59.999,137360675.950308,156057,19225.9777,69363165.264646,0
2024-03-27 04:00:00,3603.1,3616.5,3560.2,3565.21,41410.5898,2024-03-27 07:59:59.999,148804697.025704,160620,19624.4185,70522023.630188,0
2024-03-27 08:00:00,3565.21,3590.84,3532.96,3585.07,55698.9769,2024-03-27 11:59:59.999,198727577.585283,209848,27742.3363,99006643.421279,0
2024-03-27 12:00:00,3585.07,3665.84,3496.15,3514.3,191134.3058,2024-03-27 15:59:59.999,681910565.917784,486536,92386.8357,329696434.871466,0
2024-03-27 16:00:00,3514.29,3531.76,3460.02,3491.18,73658.2574,2024-03-27 19:59:59.999,257692440.514348,263672,36865.4257,128974524.108726,0
2024-03-27 20:00:00,3491.18,3521.47,3485.04,3501.19,43215.0447,2024-03-27 23:59:59.999,151602671.314549,159860,19850.8044,69643259.539531,0
2024-03-28 00:00:00,3501.2,3531.47,3465.0,3496.61,98043.3592,2024-03-28 03:59:59.999,343257821.981096,229930,49767.3631,174194456.551284,0
2024-03-28 04:00:00,3496.61,3579.95,3495.79,3573.88,73489.0492,2024-03-28 07:59:59.999,260161147.710007,184783,38859.792,137576725.178613,0
2024-03-28 08:00:00,3573.88,3595.7,3565.81,3579.73,55528.1056,2024-03-28 11:59:59.999,198878647.588887,193422,28060.4196,100525575.946456,0
2024-03-28 12:00:00,3579.74,3611.78,3552.55,3578.7,84030.442,2024-03-28 15:59:59.999,301100158.205841,261640,43800.0579,156967422.126344,0
2024-03-28 16:00:00,3578.71,3580.75,3537.48,3563.05,60508.7819,2024-03-28 19:59:59.999,215543127.816329,175478,28552.3551,101703362.73838,0
2024-03-28 20:00:00,3563.06,3580.0,3541.37,3560.49,33054.2932,2024-03-28 23:59:59.999,117689621.320883,113100,17031.3896,60642696.052525,0
2024-03-29 00:00:00,3560.49,3584.37,3550.05,3562.39,28619.8812,2024-03-29 03:59:59.999,101992183.044696,117446,14940.6668,53252533.857125,0
2024-03-29 04:00:00,3562.39,3580.8,3512.85,3519.43,58587.0884,2024-03-29 07:59:59.999,208330494.02755,166213,28818.9238,102474940.496732,0
2024-03-29 08:00:00,3519.42,3562.71,3517.15,3549.85,55857.175,2024-03-29 11:59:59.999,197568650.100298,150378,29057.4807,102813068.536014,0
2024-03-29 12:00:00,3549.86,3558.0,3481.14,3488.53,64510.6073,2024-03-29 15:59:59.999,227458501.428825,201552,29168.4994,102941101.509056,0
2024-03-29 16:00:00,3488.52,3502.36,3445.91,3500.34,60765.2112,2024-03-29 19:59:59.999,211670026.362983,178982,24599.0527,85743123.693465,0
2024-03-29 20:00:00,3500.35,3524.55,3476.01,3509.74,54746.2159,2024-03-29 23:59:59.999,191528436.194035,137173,27404.7317,95892346.721983,0
2024-03-30 00:00:00,3509.74,3521.89,3486.58,3490.0,34193.2775,2024-03-30 03:59:59.999,119804589.297344,142195,16549.9073,57978071.907143,0
2024-03-30 04:00:00,3489.99,3532.77,3487.0,3492.64,56078.6986,2024-03-30 07:59:59.999,196626152.421537,229379,30745.329,107801500.159666,0
2024-03-30 08:00:00,3492.65,3564.0,3492.2,3560.0,43774.3565,2024-03-30 11:59:59.999,154267604.369579,129986,26246.161,92484280.019849,0
2024-03-30 12:00:00,3559.99,3565.81,3531.0,3536.61,28666.6175,2024-03-30 15:59:59.999,101610481.751032,89709,14298.1976,50679791.403526,0
2024-03-30 16:00:00,3536.6,3547.71,3485.0,3509.02,34164.5481,2024-03-30 19:59:59.999,120189712.168162,93109,15937.8644,56095931.592021,0
2024-03-30 20:00:00,3509.02,3519.0,3494.88,3505.64,19147.7652,2024-03-30 23:59:59.999,67126981.444238,65871,9520.9565,33381336.267445,0
2024-03-31 00:00:00,3505.65,3544.07,3505.09,3537.26,25100.8785,2024-03-31 03:59:59.999,88520360.969932,79553,13715.4143,48363080.982272,0
2024-03-31 04:00:00,3537.26,3631.99,3532.42,3625.38,75942.6382,2024-03-31 07:59:59.999,273245786.663331,176613,38754.5455,139368861.916614,0
2024-03-31 08:00:00,3625.38,3632.8,3600.38,3609.2,33243.8347,2024-03-31 11:59:59.999,120111750.16506,114242,17124.9798,61874439.442244,0
2024-03-31 12:00:00,3609.2,3638.0,3606.78,3617.68,39565.1266,2024-03-31 15:59:59.999,143275331.007548,122422,20771.5547,75220154.469015,0
2024-03-31 16:00:00,3617.69,3655.32,3613.75,3638.18,41090.3708,2024-03-31 19:59:59.999,149283601.942247,127639,23363.8046,84883564.196483,0
2024-03-31 20:00:00,3638.19,3650.6,3617.8,3645.29,28522.1389,2024-03-31 23:59:59.999,103704823.597864,102458,14927.2843,54276850.488238,0
2024-04-01 00:00:00,3645.29,3645.95,3600.74,3610.42,37328.6389,2024-04-01 03:59:59.999,135038712.475367,113285,18676.5376,67551481.610576,0
2024-04-01 04:00:00,3610.41,3613.3,3500.0,3546.88,98690.7113,2024-04-01 07:59:59.999,349839943.943596,242539,46430.6096,164572795.251635,0
2024-04-01 08:00:00,3546.88,3560.17,3520.07,3537.98,44636.9281,2024-04-01 11:59:59.999,157986625.843349,140112,21269.7524,75282867.90037,0
2024-04-01 12:00:00,3537.98,3570.58,3437.23,3444.04,112748.132,2024-04-01 15:59:59.999,395046782.439856,276437,53370.8756,187127106.448149,0
2024-04-01 16:00:00,3444.04,3489.18,3413.71,3486.33,78478.2183,2024-04-01 19:59:59.999,270573535.150002,220579,36831.4379,127005600.276829,0
2024-04-01 20:00:00,3486.33,3514.88,3471.32,3503.8,36971.4939,2024-04-01 23:59:59.999,129206129.180144,122181,18819.0485,65770372.287908,0
2024-04-02 00:00:00,3503.8,3505.6,3319.2,3366.08,124255.7376,2024-04-02 03:59:59.999,422024609.851579,311111,55801.0466,189468446.814933,0
2024-04-02 04:00:00,3366.07,3388.58,3337.25,3362.9,67274.4696,2024-04-02 07:59:59.999,226498766.110677,196036,33457.0091,112659644.614,0
2024-04-02 08:00:00,3362.89,3371.62,3276.72,3308.64,126538.5812,2024-04-02 11:59:59.999,420688039.491011,308417,62999.7362,209529757.98609,0
2024-04-02 12:00:00,3308.63,3324.26,3232.0,3240.13,151372.6183,2024-04-02 15:59:59.999,496983011.812944,340439,77980.092,256076958.524818,0
2024-04-02 16:00:00,3240.13,3284.46,3212.0,3277.53,93534.0462,2024-04-02 19:59:59.999,304339809.377934,259466,43551.5721,141760862.077855,0
2024-04-02 20:00:00,3277.53,3305.0,3241.69,3278.96,60289.1947,2024-04-02 23:59:59.999,197470219.418678,165939,27867.1692,91281713.259553,0
2024-04-03 00:00:00,3278.96,3324.19,3202.79,3315.41,93189.2295,2024-04-03 03:59:59.999,304990506.491684,241946,45570.6737,149179818.459818,0
2024-04-03 04:00:00,3315.4,3324.6,3280.0,3305.53,49447.1277,2024-04-03 07:59:59.999,163521646.023121,155412,22789.1042,75368004.556115,0
2024-04-03 08:00:00,3305.52,3357.58,3289.97,3317.53,73863.3134,2024-04-03 11:59:59.999,245654674.531408,210424,36086.8764,120035641.598338,0
2024-04-03 12:00:00,3317.53,3363.58,3292.8,3329.2,73373.412,2024-04-03 15:59:59.999,244499611.41026,187155,38919.6018,129704243.508151,0
2024-04-03 16:00:00,3329.21,3367.4,3281.21,3314.29,64897.7138,2024-04-03 19:59:59.999,215916794.807863,177641,31496.1256,104825327.277666,0
2024-04-03 20:00:00,3314.28,3325.64,3288.39,3310.83,55713.3969,2024-04-03 23:59:59.999,184410371.534279,141066,28222.7662,93399652.670719,0
2024-04-04 00:00:00,3310.83,3333.0,3262.86,3274.37,55991.1705,2024-04-04 03:59:59.999,184378108.100122,151113,24630.087,81127265.305532,0
2024-04-04 04:00:00,3274.38,3334.46,3250.92,3322.79,55871.5853,2024-04-04 07:59:59.999,183780065.608411,124922,27718.7525,91185617.499812,0
2024-04-04 08:00:00,3322.8,3355.48,3319.42,3340.37,32050.7649,2024-04-04 11:59:59.999,106982325.802848,113027,14883.3248,49682351.0421,0
2024-04-04 12:00:00,3340.36,3395.19,3338.95,3364.12,59348.0128,2024-04-04 15:59:59.999,199920943.341981,184552,28526.8834,96084275.105652,0
2024-04-04 16:00:00,3364.11,3443.93,3360.68,3366.09,66511.991,2024-04-04 19:59:59.999,225719295.072165,192720,34053.2057,115612039.234294,0
2024-04-04 20:00:00,3366.09,3370.3,3278.02,3327.4,86565.0471,2024-04-04 23:59:59.999,287011551.288844,199361,42662.1032,141450690.23988,0
2024-04-05 00:00:00,3327.39,3336.0,3252.8,3308.3,64808.1215,2024-04-05 03:59:59.999,213503546.575183,156460,31291.2791,103088289.154643,0
2024-04-05 04:00:00,3308.3,3319.25,3242.01,3287.61,53002.5926,2024-04-05 07:59:59.999,173812805.877009,137489,26840.3651,88033999.991656,0
2024-04-05 08:00:00,3287.6,3312.8,3236.8,3243.51,60815.6668,2024-04-05 11:59:59.999,199053223.898234,162904,28986.1965,94916636.868985,0
2024-04-05 12:00:00,3243.52,3329.54,3210.0,3326.43,104716.2205,2024-04-05 15:59:59.999,342375920.766475,229912,51597.3484,168800428.548884,0
2024-04-05 16:00:00,3326.43,3350.0,3305.1,3320.1,42565.9659,2024-04-05 19:59:59.999,141457309.822197,109118,21767.8322,72356311.266875,0
2024-04-05 20:00:00,3320.11,3344.95,3310.46,3317.85,18648.231,2024-04-05 23:59:59.999,62049688.950026,58256,9952.7553,33121957.886083,0
2024-04-06 00:00:00,3317.85,3346.39,3306.68,3331.34,28664.5342,2024-04-06 03:59:59.999,95327328.629375,73641,15329.1372,50984726.962227,0
2024-04-06 04:00:00,3331.33,3352.81,3321.13,3330.39,26715.0374,2024-04-06 07:59:59.999,89148515.055697,75702,14516.2071,48447183.132234,0
2024-04-06 08:00:00,3330.4,3351.52,3325.0,3330.67,26159.6312,2024-04-06 11:59:59.999,87300734.394459,74172,11507.3147,38406262.165849,0
2024-04-06 12:00:00,3330.67,3361.77,3313.4,3335.37,30009.2542,2024-04-06 15:59:59.999,100022126.283232,86693,13511.0626,45039641.95831,0
2024-04-06 16:00:00,3335.37,3357.54,3331.22,3349.24,25061.7582,2024-04-06 19:59:59.999,83791020.722305,90319,12607.1991,42150365.64866,0
2024-04-06 20:00:00,3349.23,3398.42,3344.0,3351.59,46701.9973,2024-04-06 23:59:59.999,157091764.063886,149458,20948.1773,70483338.952172,0
2024-04-07 00:00:00,3351.59,3413.61,3344.08,3388.41,40788.4157,2024-04-07 03:59:59.999,137999415.034205,156015,20213.6075,68385718.579111,0
2024-04-07 04:00:00,3388.4,3406.51,3374.6,3385.19,20136.9828,2024-04-07 07:59:59.999,68242889.099594,87449,9730.7784,32983523.64427,0
2024-04-07 08:00:00,3385.19,3395.19,3376.83,3390.34,21075.8618,2024-04-07 11:59:59.999,71409238.836668,81509,9912.1893,33588169.929473,0
2024-04-07 12:00:00,3390.33,3420.0,3384.71,3390.13,40776.2129,2024-04-07 15:59:59.999,138704702.36783,141545,20294.5296,69041867.868604,0
2024-04-07 16:00:00,3390.14,3412.97,3368.0,3381.39,37069.9364,2024-04-07 19:59:59.999,125637720.192909,137728,17086.4861,57924776.339798,0
2024-04-07 20:00:00,3381.38,3459.94,3378.15,3454.2,50611.6656,2024-04-07 23:59:59.999,173180145.042629,144284,28499.0639,97499444.368484,0
2024-04-08 00:00:00,3454.2,3457.27,3406.36,3423.0,33564.1278,2024-04-08 03:59:59.999,115091932.805617,127187,16365.4688,56121471.438239,0
2024-04-08 04:00:00,3422.99,3478.34,3413.22,3473.88,52807.52,2024-04-08 07:59:59.999,181923797.914984,154365,33984.8257,117069489.880238,0
2024-04-08 08:00:00,3473.88,3640.44,3469.8,3633.08,175678.6684,2024-04-08 11:59:59.999,630318360.82166,470499,103462.9841,371145084.66295105,0
2024-04-08 12:00:00,3633.07,3672.11,3612.0,3629.2,115824.0414,2024-04-08 15:59:59.999,421784096.59570706,293497,62193.4528,226513493.700414,0
2024-04-08 16:00:00,3629.2,3710.45,3627.16,3702.8,76989.1136,2024-04-08 19:59:59.999,282792892.466982,180805,42090.7833,154634772.057726,0
2024-04-08 20:00:00,3702.8,3730.71,3681.06,3694.61,41977.882,2024-04-08 23:59:59.999,155329520.203707,107025,20816.5086,77036194.959695,0
2024-04-09 00:00:00,3694.61,3727.34,3665.25,3692.29,60917.2209,2024-04-09 03:59:59.999,225162092.760031,156042,32047.1471,118463147.474665,0
2024-04-09 04:00:00,3692.3,3701.94,3631.0,3641.81,78663.0304,2024-04-09 07:59:59.999,288099609.307512,191938,34329.7783,125799575.19899,0
2024-04-09 08:00:00,3641.81,3646.6,3580.57,3632.85,83751.2259,2024-04-09 11:59:59.999,303033539.510196,173376,38750.8789,140216084.41352,0
2024-04-09 12:00:00,3632.85,3643.37,3478.5,3529.92,129101.6595,2024-04-09 15:59:59.999,459125867.47044706,284827,62019.7139,220505424.190213,0
2024-04-09 16:00:00,3529.93,3532.96,3450.46,3517.1,65691.7243,2024-04-09 19:59:59.999,229784842.232957,149127,33084.9073,115727486.53486,0
2024-04-09 20:00:00,3517.1,3526.63,3485.82,3506.39,39467.391,2024-04-09 23:59:59.999,138404900.469777,91169,20314.6638,71237378.547429,0
2024-04-10 00:00:00,3506.4,3537.5,3465.64,3513.0,59002.792,2024-04-10 03:59:59.999,206357868.914324,148260,29224.749,102240923.410335,0
2024-04-10 04:00:00,3513.01,3554.19,3505.98,3536.61,36766.0514,2024-04-10 07:59:59.999,129860660.976057,94457,20126.3702,71094382.638647,0
2024-04-10 08:00:00,3536.61,3540.36,3493.07,3521.32,54638.8176,2024-04-10 11:59:59.999,192046608.784284,141185,24621.2329,86554153.15174,0
2024-04-10 12:00:00,3521.33,3527.99,3411.82,3479.41,128853.4687,2024-04-10 15:59:59.999,445851309.84469694,265251,62280.3039,215521043.158576,0
2024-04-10 16:00:00,3479.41,3547.49,3469.5,3521.52,73130.5015,2024-04-10 19:59:59.999,256573900.902806,173889,37062.0535,130014452.5484,0
2024-04-10 20:00:00,3521.52,3562.95,3495.58,3545.64,37013.2743,2024-04-10 23:59:59.999,130710846.009617,92915,19332.3345,68280583.870571,0
2024-04-11 00:00:00,3545.64,3576.6,3524.27,3575.84,36473.6411,2024-04-11 03:59:59.999,129479694.136577,98978,19177.1507,68101874.443881,0
2024-04-11 04:00:00,3575.84,3605.76,3553.03,3583.4,48719.2176,2024-04-11 07:59:59.999,174203612.028464,126831,23479.64,83963325.934693,0
2024-04-11 08:00:00,3583.4,3618.3,3514.57,3522.88,69106.2264,2024-04-11 11:59:59.999,247255401.034376,197013,31476.2673,112655883.391792,0
2024-04-11 12:00:00,3522.89,3575.0,3486.31,3508.32,108947.7602,2024-04-11 15:59:59.999,384089648.909337,259838,53340.493,188143944.305196,0
2024-04-11 16:00:00,3508.31,3522.0,3474.52,3517.7,45872.8607,2024-04-11 19:59:59.999,160758499.216467,118981,23205.1272,81331312.822299,0
2024-04-11 20:00:00,3517.71,3532.25,3490.63,3502.52,29019.8474,2024-04-11 23:59:59.999,101867239.120986,88466,15162.1654,53231476.414428,0
2024-04-12 00:00:00,3502.52,3537.93,3501.34,3534.01,31946.1988,2024-04-12 03:59:59.999,112465854.954724,94416,16301.8018,57392392.471412,0
2024-04-12 04:00:00,3534.01,3552.4,3507.95,3516.2,36378.2,2024-04-12 07:59:59.999,128496137.634432,99851,19516.2668,68936366.640943,0
2024-04-12 08:00:00,3516.2,3541.78,3508.95,3532.22,57646.7587,2024-04-12 11:59:59.999,203061187.46556,164453,31939.575,112498262.449322,0
2024-04-12 12:00:00,3532.22,3532.48,3439.23,3440.71,93086.5997,2024-04-12 15:59:59.999,323440669.503289,211465,42623.8183,148069640.410815,0
2024-04-12 16:00:00,3440.7,3454.56,3100.0,3206.17,368390.2385,2024-04-12 19:59:59.999,1206261772.217757,637798,170356.7888,557797313.752912,0
2024-04-12 20:00:00,3206.17,3256.0,3201.07,3237.43,109879.1217,2024-04-12 23:59:59.999,354471555.644733,215617,49757.0642,160494390.261454,0
2024-04-13 00:00:00,3237.42,3237.43,3141.6,3230.91,129141.3032,2024-04-13 03:59:59.999,413089130.31342494,243667,57145.4628,182774791.420547,0
2024-04-13 04:00:00,3230.91,3272.31,3223.38,3257.6,71583.8293,2024-04-13 07:59:59.999,232767217.504142,160625,35151.6791,114293318.643384,0
2024-04-13 08:00:00,3257.61,3301.9,3247.4,3268.2,49728.8016,2024-04-13 11:59:59.999,162534644.703431,152379,24097.9631,78756123.265256,0
2024-04-13 12:00:00,3268.2,3296.83,3250.7,3272.39,51783.9186,2024-04-13 15:59:59.999,169481171.403118,141819,22664.0858,74182378.845257,0
2024-04-13 16:00:00,3272.4,3279.79,3017.19,3085.2,192725.8168,2024-04-13 19:59:59.999,613264032.223247,423513,82586.0529,262917753.024278,0
2024-04-13 20:00:00,3085.2,3094.88,2852.0,3007.01,500007.5659,2024-04-13 23:59:59.999,1475114006.688463,915629,241179.2396,711887109.896128,0
2024-04-14 00:00:00,3007.01,3019.46,2906.73,2970.85,158831.5163,2024-04-14 03:59:59.999,471290012.258577,350142,81344.207,241397958.816227,0
2024-04-14 04:00:00,2970.86,3102.15,2965.18,3084.2,130082.1584,2024-04-14 07:59:59.999,397268457.80115104,287773,66065.9244,201622535.677466,0
2024-04-14 08:00:00,3084.19,3099.13,3008.86,3027.01,93607.7363,2024-04-14 11:59:59.999,285559922.322759,221857,43105.5882,131474351.957692,0
2024-04-14 12:00:00,3027.0,3074.07,3006.0,3055.74,113490.806,2024-04-14 15:59:59.999,345077063.728308,265373,57638.2368,175275621.603574,0
2024-04-14 16:00:00,3055.75,3101.27,2980.0,3073.62,141984.5195,2024-04-14 19:59:59.999,434042096.17540896,323909,71914.5622,219879959.89253,0
2024-04-14 20:00:00,3073.63,3174.23,3047.29,3155.11,99583.7301,2024-04-14 23:59:59.999,311117160.849412,231612,51001.8467,159307436.717683,0
2024-04-15 00:00:00,3155.11,3158.62,3100.0,3146.5,78837.1145,2024-04-15 03:59:59.999,246761795.419567,208691,38084.5321,119211403.891468,0
2024-04-15 04:00:00,3146.51,3255.43,3123.0,3242.05,112167.1509,2024-04-15 07:59:59.999,359649518.849255,240162,55516.6074,178028748.209693,0
2024-04-15 08:00:00,3242.04,3277.85,3226.75,3229.64,64554.2124,2024-04-15 11:59:59.999,209832469.759738,185748,30729.394,99899273.199451,0
2024-04-15 12:00:00,3229.64,3246.03,3102.2,3163.21,130181.8775,2024-04-15 15:59:59.999,413771576.252655,337964,61829.9384,196495543.158479,0
2024-04-15 16:00:00,3163.2,3179.4,3023.19,3100.1,161882.7144,2024-04-15 19:59:59.999,502272877.510491,389965,79360.4403,246253364.636379,0
2024-04-15 20:00:00,3100.09,3128.44,3057.29,3101.99,57807.8166,2024-04-15 23:59:59.999,179021909.438957,178244,26403.8318,81786568.472722,0
2024-04-16 00:00:00,3102.0,3120.59,3051.35,3072.19,91301.5805,2024-04-16 03:59:59.999,281532967.492356,229323,43463.7554,134071312.973544,0
2024-04-16 04:00:00,3072.2,3128.01,2986.0,3107.29,94633.1002,2024-04-16 07:59:59.999,289097850.157179,253361,48105.7789,147013810.014337,0
2024-04-16 08:00:00,3107.3,3110.76,3003.0,3093.31,106184.5489,2024-04-16 11:59:59.999,324306371.198129,282609,48647.6061,148673589.378145,0
2024-04-16 12:00:00,3093.31,3095.37,3008.7,3009.04,108323.748,2024-04-16 15:59:59.999,331146634.626447,341080,51400.0228,157212465.026223,0
2024-04-16 16:00:00,3009.05,3084.99,2995.0,3057.64,89160.7128,2024-04-16 19:59:59.999,271580132.289988,248642,42970.4102,130906419.339488,0
2024-04-16 20:00:00,3057.65,3118.24,3049.9,3084.22,36510.1646,2024-04-16 23:59:59.999,112626856.408996,106764,18693.7061,57678911.906305,0
2024-04-17 00:00:00,3084.21,3107.24,3068.39,3095.61,45177.1765,2024-04-17 03:59:59.999,139424020.82425,122769,24222.5594,74765356.824118,0
2024-04-17 04:00:00,3095.6,3123.75,3064.05,3076.6,53048.8482,2024-04-17 07:59:59.999,164156849.645568,158957,28038.0579,86799806.658538,0
2024-04-17 08:00:00,3076.6,3087.64,3037.65,3040.2,45727.2266,2024-04-17 11:59:59.999,140197536.075354,144942,22303.6318,68386526.144621,0
2024-04-17 12:00:00,3040.19,3063.65,2925.85,2946.8,185441.1871,2024-04-17 15:59:59.999,553744068.812477,487294,89746.0995,268058156.041164,0
2024-04-17 16:00:00,2946.79,3043.73,2914.47,3001.6,113662.6669,2024-04-17 19:59:59.999,339522838.464792,293711,60603.7542,181028892.180306,0
2024-04-17 20:00:00,3001.59,3014.91,2964.35,2985.41,48840.4608,2024-04-17 23:59:59.999,146208064.535717,140731,26746.6234,80067952.133674,0
2024-04-18 00:00:00,2985.41,3035.08,2950.98,3025.68,57953.4313,2024-04-18 03:59:59.999,173767062.883178,180063,30962.0735,92888028.839016,0
2024-04-18 04:00:00,3025.67,3034.29,2956.6,2975.2,60161.4658,2024-04-18 07:59:59.999,179953200.522147,162603,28860.3252,86285792.745922,0
2024-04-18 08:00:00,2975.19,3065.56,2954.01,3046.46,78719.9921,2024-04-18 11:59:59.999,237144271.984718,234273,44143.4013,133021233.708661,0
2024-04-18 12:00:00,3046.45,3094.4,2985.69,3069.17,108069.7724,2024-04-18 15:59:59.999,329766263.286034,291531,57163.3764,174442485.65318,0
2024-04-18 16:00:00,3069.17,3083.54,3018.2,3064.19,60363.215,2024-04-18 19:59:59.999,184370691.241639,199237,31827.4452,97253073.254311,0
2024-04-18 20:00:00,3064.19,3080.82,3056.1,3064.4,23792.8367,2024-04-18 23:59:59.999,72975635.440423,100547,12273.2287,37648096.939412,0
2024-04-19 00:00:00,3064.4,3070.24,2865.18,2979.8,200205.8981,2024-04-19 03:59:59.999,590383735.5756689,393578,95969.1657,283056290.839527,0
2024-04-19 04:00:00,2979.81,3128.89,2979.0,3084.41,139081.3466,2024-04-19 07:59:59.999,424291324.736162,294649,73945.6747,225553740.458432,0
2024-04-19 08:00:00,3084.41,3124.44,3077.19,3102.61,79642.8684,2024-04-19 11:59:59.999,247041546.520362,211062,39698.5212,123159650.571869,0
2024-04-19 12:00:00,3102.6,3121.0,3054.35,3080.74,74619.7035,2024-04-19 15:59:59.999,230664973.782006,236953,38705.6116,119656348.911878,0
2024-04-19 16:00:00,3080.73,3107.94,3029.72,3104.1,60560.4186,2024-04-19 19:59:59.999,186010496.418044,172931,32869.6736,100998707.834876,0
2024-04-19 20:00:00,3104.1,3105.68,3020.63,3056.46,53740.1667,2024-04-19 23:59:59.999,164727205.737306,156728,26711.5306,81876753.781007,0
2024-04-20 00:00:00,3056.45,3070.8,3018.75,3055.99,42184.1651,2024-04-20 03:59:59.999,128484978.593396,132321,19827.7231,60396882.210741,0
2024-04-20 04:00:00,3055.99,3071.03,3049.31,3060.64,27818.0665,2024-04-20 07:59:59.999,85183404.437314,103933,14920.9739,45691928.674245,0
2024-04-20 08:00:00,3060.64,3061.29,3029.99,3047.39,31576.8595,2024-04-20 11:59:59.999,96128235.959317,126342,15095.5955,45963813.102205,0
2024-04-20 12:00:00,3047.38,3114.6,3040.34,3109.86,41106.7557,2024-04-20 15:59:59.999,126374507.495383,137533,23891.9131,73454498.172296,0
2024-04-20 16:00:00,3109.86,3166.46,3087.66,3148.21,64448.8195,2024-04-20 19:59:59.999,201734255.895587,203076,32198.1579,100792485.827829,0
2024-04-20 20:00:00,3148.21,3171.88,3140.9,3155.79,35442.9708,2024-04-20 23:59:59.999,111822536.015261,108913,18429.4273,58139555.567131,0
2024-04-21 00:00:00,3155.79,3197.18,3126.87,3166.8,51393.7539,2024-04-21 03:59:59.999,162553529.307267,155419,27592.8208,87271607.904607,0
2024-04-21 04:00:00,3166.81,3191.22,3152.54,3179.55,32445.4054,2024-04-21 07:59:59.999,103031852.626919,107629,16849.9679,53517215.566359,0
2024-04-21 08:00:00,3179.54,3189.0,3153.66,3168.81,38254.6523,2024-04-21 11:59:59.999,121313406.017727,115679,20920.7336,66364210.312419,0
2024-04-21 12:00:00,3168.81,3176.7,3137.32,3158.82,32903.4112,2024-04-21 15:59:59.999,103826209.734471,142372,15396.5835,48584262.788132,0
2024-04-21 16:00:00,3158.82,3161.36,3116.49,3136.79,39846.3754,2024-04-21 19:59:59.999,125077176.035506,146541,19293.9627,60561886.869217,0
2024-04-21 20:00:00,3136.78,3169.57,3129.82,3147.67,25126.909,2024-04-21 23:59:59.999,79186603.469134,99620,12621.82,39774901.271359,0
2024-04-22 00:00:00,3147.66,3210.75,3129.15,3190.1,64775.007,2024-04-22 03:59:59.999,205000902.567242,205993,35821.0643,113439820.818192,0
2024-04-22 04:00:00,3190.09,3235.0,3184.53,3203.6,56009.1283,2024-04-22 07:59:59.999,179991358.779312,180537,30715.354,98719472.324806,0
2024-04-22 08:00:00,3203.59,3224.0,3187.99,3194.54,42406.1851,2024-04-22 11:59:59.999,136040403.870801,127216,22445.3298,72022771.318629,0
2024-04-22 12:00:00,3194.55,3211.64,3166.8,3183.32,52021.2321,2024-04-22 15:59:59.999,165962382.033709,219991,25957.2405,82817170.719199,0
2024-04-22 16:00:00,3183.33,3216.99,3169.3,3188.23,44346.4388,2024-04-22 19:59:59.999,141623940.522167,156044,23336.8878,74536221.933,0
2024-04-22 20:00:00,3188.24,3224.2,3184.02,3200.2,31321.9656,2024-04-22 23:59:59.999,100338397.606999,103798,16012.7154,51295390.53101,0
2024-04-23 00:00:00,3200.19,3223.36,3181.37,3183.9,31002.9675,2024-04-23 03:59:59.999,99329635.665782,103973,13690.5263,43862311.382972,0
2024-04-23 04:00:00,3183.9,3193.49,3152.0,3160.48,38872.1329,2024-04-23 07:59:59.999,123412865.404112,111337,18237.8612,57913080.428345,0
2024-04-23 08:00:00,3160.49,3185.55,3152.45,3179.8,34675.3915,2024-04-23 11:59:59.999,109931982.330529,116226,19070.6251,60462977.431028,0
2024-04-23 12:00:00,3179.79,3263.61,3173.11,3226.13,90805.6152,2024-04-23 15:59:59.999,292560812.203652,299503,49949.6458,160986420.554506,0
2024-04-23 16:00:00,3226.12,3246.22,3213.0,3218.31,31598.2941,2024-04-23 19:59:59.999,102090486.251089,116139,15305.1267,49451735.908877,0
2024-04-23 20:00:00,3218.31,3223.05,3186.43,3219.46,26959.8251,2024-04-23 23:59:59.999,86472734.465222,97715,14318.6713,45937803.435038,0
2024-04-24 00:00:00,3219.46,3249.28,3210.4,3237.61,38187.821,2024-04-24 03:59:59.999,123440292.718269,119527,18876.6942,61019564.569832,0
2024-04-24 04:00:00,3237.61,3275.54,3236.8,3250.11,42663.5601,2024-04-24 07:59:59.999,138977318.142052,148016,22161.9985,72183648.582044,0
2024-04-24 08:00:00,3250.1,3287.0,3241.86,3281.96,52631.1212,2024-04-24 11:59:59.999,171792219.392192,157527,28046.482,91545786.948827,0
2024-04-24 12:00:00,3281.97,3293.56,3167.23,3175.8,125225.2776,2024-04-24 15:59:59.999,403595787.725196,330684,56815.2083,183128700.44798,0
2024-04-24 16:00:00,3175.8,3193.83,3104.9,3134.67,84696.0405,2024-04-24 19:59:59.999,267436248.724584,232308,42886.0825,135451753.945091,0
2024-04-24 20:00:00,3134.67,3152.59,3112.05,3140.8,49910.521,2024-04-24 23:59:59.999,156375808.083002,142308,25668.6617,80427182.663448,0
2024-04-25 00:00:00,3140.79,3171.2,3126.6,3147.41,52224.3084,2024-04-25 03:59:59.999,164670356.047141,132446,25116.1891,79190880.545623,0
2024-04-25 04:00:00,3147.41,3167.35,3126.17,3136.39,36138.1097,2024-04-25 07:59:59.999,113778791.046577,103040,17771.2431,55955449.114249,0
2024-04-25 08:00:00,3136.39,3152.99,3072.2,3112.0,76649.9228,2024-04-25 11:59:59.999,238226872.313334,161653,38816.6032,120667365.323156,0
2024-04-25 12:00:00,3112.01,3168.0,3082.58,3160.4,104592.0248,2024-04-25 15:59:59.999,326763631.178447,240675,55506.6396,173391810.255368,0
2024-04-25 16:00:00,3160.4,3175.65,3146.24,3165.84,55227.7167,2024-04-25 19:59:59.999,174463478.635541,140618,30604.1214,96687061.535273,0
2024-04-25 20:00:00,3165.84,3191.64,3152.3,3155.8,27456.4678,2024-04-25 23:59:59.999,87036405.053957,82645,13578.0043,43053352.045708,0
2024-04-26 00:00:00,3155.81,3164.08,3124.25,3141.59,41673.6037,2024-04-26 03:59:59.999,131100580.330917,115188,21013.5879,66109747.747593,0
2024-04-26 04:00:00,3141.58,3154.13,3129.0,3135.46,43586.007,2024-04-26 07:59:59.999,136842119.684648,89289,24194.381,75959662.582931,0
2024-04-26 08:00:00,3135.45,3157.99,3121.8,3128.63,34780.1809,2024-04-26 11:59:59.999,109171787.352944,86218,16488.7558,51770380.755278,0
2024-04-26 12:00:00,3128.63,3167.7,3102.0,3117.6,78960.3574,2024-04-26 15:59:59.999,247293804.971606,181268,38087.2495,119311534.710348,0
2024-04-26 16:00:00,3117.61,3155.0,3105.71,3133.84,31786.6302,2024-04-26 19:59:59.999,99661092.710783,93629,16623.3205,52121074.241164,0
2024-04-26 20:00:00,3133.79,3153.8,3120.77,3131.3,21735.8758,2024-04-26 23:59:59.999,68186122.81166,63043,11346.3429,35600315.67196,0
2024-04-27 00:00:00,3131.3,3138.8,3066.74,3122.18,68745.2052,2024-04-27 03:59:59.999,213351161.56203,164320,34790.5433,107999556.064251,0
2024-04-27 04:00:00,3122.18,3133.25,3107.69,3120.59,26346.987,2024-04-27 07:59:59.999,82240986.111888,73104,14286.9593,44597399.30293,0
2024-04-27 08:00:00,3120.59,3128.57,3107.8,3124.92,24825.3634,2024-04-27 11:59:59.999,77404921.629783,72559,13559.1043,42279178.077718,0
2024-04-27 12:00:00,3124.92,3167.01,3122.0,3145.05,52518.6486,2024-04-27 15:59:59.999,165252377.505616,116396,28681.6858,90244773.303515,0
2024-04-27 16:00:00,3145.05,3285.0,3142.41,3237.4,116347.8618,2024-04-27 19:59:59.999,375503664.541064,222272,63457.7824,204690066.070839,0
2024-04-27 20:00:00,3237.4,3263.3,3223.07,3255.56,35027.1259,2024-04-27 23:59:59.999,113660747.899076,85375,19773.3185,64177811.137402,0
2024-04-28 00:00:00,3255.55,3329.6,3250.45,3308.87,66495.8919,2024-04-28 03:59:59.999,218980940.434467,139516,35274.061,116122456.703525,0
2024-04-28 04:00:00,3308.86,3339.99,3300.23,3317.6,44047.6154,2024-04-28 07:59:59.999,146050157.580478,108497,22659.5111,75126341.774525,0
2024-04-28 08:00:00,3317.59,3324.78,3275.01,3286.41,56781.1368,2024-04-28 11:59:59.999,187176697.255099,134552,26638.317,87833083.485003,0
2024-04-28 12:00:00,3286.41,3327.79,3283.8,3321.01,50930.6869,2024-04-28 15:59:59.999,168487789.965853,128118,27495.1373,90950951.085568,0
2024-04-28 16:00:00,3321.0,3357.4,3308.17,3316.92,39141.7072,2024-04-28 19:59:59.999,130239092.483692,112813,21572.2418,71771854.656768,0
2024-04-28 20:00:00,3316.92,3321.0,3251.97,3263.45,47368.9708,2024-04-28 23:59:59.999,155693654.570456,129743,23553.1512,77417891.314165,0
2024-04-29 00:00:00,3263.44,3286.95,3168.01,3177.6,106619.9358,2024-04-29 03:59:59.999,344547883.514389,197459,48436.9804,156660036.947231,0
2024-04-29 04:00:00,3177.6,3208.28,3153.44,3189.0,89021.0329,2024-04-29 07:59:59.999,283502077.133876,184486,47137.4167,150115115.672233,0
2024-04-29 08:00:00,3188.99,3195.4,3147.54,3160.11,60914.3596,2024-04-29 11:59:59.999,193233461.546616,138718,32330.5999,102572379.644211,0
2024-04-29 12:00:00,3160.11,3186.54,3115.13,3182.45,86581.1752,2024-04-29 15:59:59.999,273101751.651077,198817,44450.567,140264043.405552,0
2024-04-29 16:00:00,3182.45,3189.6,3155.23,3186.01,40952.1099,2024-04-29 19:59:59.999,129872619.485713,113794,19265.8929,61112938.044659,0
2024-04-29 20:00:00,3186.02,3235.43,3163.91,3216.73,37742.6778,2024-04-29 23:59:59.999,120979389.221758,110445,19595.1044,62818355.246685,0
2024-04-30 00:00:00,3216.74,3250.95,3150.0,3180.79,66756.5263,2024-04-30 03:59:59.999,213452668.894199,161942,32238.7226,103083650.50741,0
2024-04-30 04:00:00,3180.8,3185.48,3152.0,3157.35,36501.4589,2024-04-30 07:59:59.999,115647057.016798,96849,18115.8772,57405197.384606,0
2024-04-30 08:00:00,3157.35,3161.75,3003.7,3007.45,153525.6894,2024-04-30 11:59:59.999,470916797.62984097,314535,71824.1767,220152403.681067,0
2024-04-30 12:00:00,3007.45,3037.42,2966.01,2994.12,120983.1612,2024-04-30 15:59:59.999,363270784.926136,279587,56866.6183,170764334.93696,0
2024-04-30 16:00:00,2994.11,2998.6,2921.0,2928.96,118100.8555,2024-04-30 19:59:59.999,350198390.893576,268865,56378.4292,167193681.19829,0
2024-04-30 20:00:00,2928.96,3029.4,2928.0,3014.05,65849.7953,2024-04-30 23:59:59.999,196638774.135153,171095,32238.7409,96268631.170116,0
2024-05-01 00:00:00,3014.04,3023.24,2960.03,3004.37,56122.3384,2024-05-01 03:59:59.999,168083567.126903,156230,26180.3614,78406879.674876,0
2024-05-01 04:00:00,3004.37,3013.87,2859.0,2869.71,123926.1965,2024-05-01 07:59:59.999,362135320.44668096,246939,56452.4537,164929241.714902,0
2024-05-01 08:00:00,2869.7,2906.27,2817.0,2905.39,143421.0154,2024-05-01 11:59:59.999,410955669.153047,282927,74527.6508,213706107.786952,0
2024-05-01 12:00:00,2905.4,2934.0,2865.91,2885.45,76042.9389,2024-05-01 15:59:59.999,220491607.219754,204406,38079.278,110471756.930412,0
2024-05-01 16:00:00,2885.46,3015.73,2868.72,2926.06,172442.9636,2024-05-01 19:59:59.999,509080006.341289,335174,83375.5743,246212656.834871,0
2024-05-01 20:00:00,2926.05,2984.89,2914.42,2972.46,53008.3245,2024-05-01 23:59:59.999,156777266.572619,139363,24879.5492,73577536.149607,0
2024-05-02 00:00:00,2972.46,2982.18,2893.26,2929.33,74444.8411,2024-05-02 03:59:59.999,217935675.217816,151985,42844.0264,125347193.96475,0
2024-05-02 04:00:00,2929.34,2938.0,2898.2,2921.22,39776.1802,2024-05-02 07:59:59.999,116243177.770516,106304,22442.1527,65602198.473321,0
2024-05-02 08:00:00,2921.22,3002.51,2916.73,2995.55,79087.6942,2024-05-02 11:59:59.999,234831698.639649,169054,44605.7179,132455497.795466,0
2024-05-02 12:00:00,2995.54,3013.0,2952.4,2990.17,88940.484,2024-05-02 15:59:59.999,265511514.973404,210937,46354.2414,138375042.03482,0
2024-05-02 16:00:00,2990.16,3006.0,2972.0,2999.81,43031.169,2024-05-02 19:59:59.999,128606987.955821,128964,23120.0408,69120047.41431,0
2024-05-02 20:00:00,2999.8,3016.72,2968.84,2986.19,40659.3506,2024-05-02 23:59:59.999,121733833.290737,112923,21141.4338,63324581.004698,0
2024-05-03 00:00:00,2986.19,3036.17,2977.7,3010.15,41019.9792,2024-05-03 03:59:59.999,123405366.807481,120558,22146.8864,66647282.798513,0
2024-05-03 04:00:00,3010.14,3017.2,2958.71,2969.0,37416.0198,2024-05-03 07:59:59.999,111848226.777919,100895,18358.2204,54872138.548077,0
2024-05-03 08:00:00,2969.0,2990.62,2958.32,2979.5,34574.5244,2024-05-03 11:59:59.999,102816700.488663,104620,17130.5228,50954344.202067,0
2024-05-03 12:00:00,2979.49,3086.0,2969.75,3075.52,152439.9324,2024-05-03 15:59:59.999,463823905.471173,281517,83812.4014,255020317.757935,0
2024-05-03 16:00:00,3075.52,3087.99,3062.61,3072.5,38249.1083,2024-05-03 19:59:59.999,117629647.21501,115987,17607.6312,54151219.338307,0
2024-05-03 20:00:00,3072.51,3126.99,3068.59,3102.61,52126.275,2024-05-03 23:59:59.999,161886014.393877,135965,27672.8001,85944823.183412,0
2024-05-04 00:00:00,3102.61,3130.85,3092.85,3112.0,31207.8168,2024-05-04 03:59:59.999,97089712.636755,85898,15574.3926,48469490.147249,0
2024-05-04 04:00:00,3112.0,3123.06,3095.37,3095.94,25653.2228,2024-05-04 07:59:59.999,79788066.685188,74845,11313.351,35191159.158117,0
2024-05-04 08:00:00,3095.94,3168.0,3095.68,3130.45,55073.4721,2024-05-04 11:59:59.999,172681513.580502,144644,28998.9697,90932733.461646,0
2024-05-04 12:00:00,3130.45,3158.95,3115.08,3126.81,37368.8147,2024-05-04 15:59:59.999,117037887.308985,114162,20000.3948,62639281.338438,0
2024-05-04 16:00:00,3126.8,3140.0,3114.08,3137.01,23546.5398,2024-05-04 19:59:59.999,73575501.033401,81540,12213.2405,38169034.988223,0
2024-05-04 20:00:00,3137.02,3147.0,3104.34,3117.23,23414.0826,2024-05-04 23:59:59.999,73124686.855787,73937,12670.6334,39577003.011793,0
2024-05-05 00:00:00,3117.24,3126.41,3072.99,3086.91,50542.8438,2024-05-05 03:59:59.999,156343139.955957,125575,24484.8676,75732404.780119,0
2024-05-05 04:00:00,3086.9,3114.8,3080.83,3105.7,21580.7472,2024-05-05 07:59:59.999,66814027.653843,71679,12362.9257,38277354.951576,0
2024-05-05 08:00:00,3105.7,3171.93,3103.52,3138.1,66727.8936,2024-05-05 11:59:59.999,209654617.042724,144434,38169.046,119897835.300645,0
2024-05-05 12:00:00,3138.1,3168.0,3127.04,3160.19,36839.7556,2024-05-05 15:59:59.999,115901429.316201,116722,18653.7608,58693406.597714,0
2024-05-05 16:00:00,3160.18,3166.34,3130.68,3142.45,25728.6721,2024-05-05 19:59:59.999,81046481.689444,84426,11953.4706,37656445.609981,0
2024-05-05 20:00:00,3142.45,3146.66,3122.89,3136.41,17340.3539,2024-05-05 23:59:59.999,54383897.15641,57857,9645.3773,30255386.053138,0
2024-05-06 00:00:00,3136.4,3165.97,3124.38,3134.61,26248.0382,2024-05-06 03:59:59.999,82551873.187546,83000,13110.0213,41245387.872738,0
2024-05-06 04:00:00,3134.61,3191.94,3127.94,3180.53,46060.5365,2024-05-06 07:59:59.999,145997664.485552,121217,26300.4292,83360065.325418,0
2024-05-06 08:00:00,3180.54,3221.4,3131.2,3149.23,98323.4368,2024-05-06 11:59:59.999,312322756.282002,215142,47852.2616,152116410.87954,0
2024-05-06 12:00:00,3149.23,3154.99,3056.61,3089.25,118784.4052,2024-05-06 15:59:59.999,368432214.55860305,253033,53870.2334,167082540.617985,0
2024-05-06 16:00:00,3089.25,3096.36,3046.35,3069.84,42521.1903,2024-05-06 19:59:59.999,130627212.865113,126921,19727.8989,60620589.951194,0
2024-05-06 20:00:00,3069.83,3089.11,3060.98,3062.6,23197.6957,2024-05-06 23:59:59.999,71383910.197598,73887,12003.589,36944443.233861,0
2024-05-07 00:00:00,3062.59,3096.8,3021.34,3049.19,48218.7778,2024-05-07 03:59:59.999,147714383.988252,133342,21015.0676,64384176.343692,0
2024-05-07 04:00:00,3049.19,3082.5,3044.01,3077.4,29362.3583,2024-05-07 07:59:59.999,90037892.852731,92966,14184.5015,43502435.557529,0
2024-05-07 08:00:00,3077.4,3129.85,3059.09,3063.39,79096.7131,2024-05-07 11:59:59.999,245562774.285084,191520,38939.7112,120919026.793007,0
2024-05-07 12:00:00,3063.4,3106.0,3045.7,3071.41,59771.1292,2024-05-07 15:59:59.999,183752263.613139,156178,29628.1181,91096116.81952,0
2024-05-07 16:00:00,3071.41,3079.41,3027.0,3049.62,33921.3804,2024-05-07 19:59:59.999,103588799.206689,112982,15378.6154,46961309.018437,0
2024-05-07 20:00:00,3049.61,3061.44,2998.0,3005.69,48426.3241,2024-05-07 23:59:59.999,146595931.742308,128258,20616.837,62496873.77658,0
2024-05-08 00:00:00,3005.69,3038.15,2994.58,3032.33,31024.9074,2024-05-08 03:59:59.999,93740545.577516,102435,15852.5361,47903044.145302,0
2024-05-08 04:00:00,3032.32,3036.52,2989.56,2995.01,48324.5348,2024-05-08 07:59:59.999,145510873.430824,130464,23570.6706,70992413.024828,0
2024-05-08 08:00:00,2995.01,3011.4,2978.4,2990.31,46336.5347,2024-05-08 11:59:59.999,138776702.451688,149150,23830.2274,71388257.634832,0
2024-05-08 12:00:00,2990.31,3032.5,2985.0,3006.98,59661.6558,2024-05-08 15:59:59.999,179505749.706004,182643,30369.8932,91384962.759355,0
2024-05-08 16:00:00,3006.99,3024.11,2986.58,2999.38,26014.5888,2024-05-08 19:59:59.999,78237282.263252,99649,12562.2189,37783722.732805,0
2024-05-08 20:00:00,2999.39,3004.0,2936.48,2974.21,55572.591,2024-05-08 23:59:59.999,164688923.206383,166294,27117.5776,80356182.097355,0
2024-05-09 00:00:00,2974.2,3005.1,2972.2,2997.9,24807.7468,2024-05-09 03:59:59.999,74227994.618148,80495,13443.6518,40223812.045971,0
2024-05-09 04:00:00,2997.91,3014.96,2975.7,2983.59,45323.0638,2024-05-09 07:59:59.999,135906164.311084,110676,23463.9993,70371175.815212,0
2024-05-09 08:00:00,2983.59,2991.8,2950.77,2977.2,39630.623,2024-05-09 11:59:59.999,117807759.098793,118823,20108.5083,59778193.381176,0
2024-05-09 12:00:00,2977.2,3019.28,2955.86,3005.99,62506.4399,2024-05-09 15:59:59.999,186771722.140447,167170,32500.0377,97116148.120493,0
2024-05-09 16:00:00,3005.99,3025.98,2989.59,3021.41,34139.9401,2024-05-09 19:59:59.999,102802835.158071,107070,17144.4173,51636322.944088,0
2024-05-09 20:00:00,3021.4,3059.0,3015.66,3036.23,32153.9326,2024-05-09 23:59:59.999,97574346.749662,101913,16145.3071,49007358.583011,0
2024-05-10 00:00:00,3036.24,3044.0,3018.23,3028.95,37115.6492,2024-05-10 03:59:59.999,112485882.215867,87219,19734.3399,59804516.459409,0
2024-05-10 04:00:00,3028.95,3053.89,3021.64,3042.26,39477.4863,2024-05-10 07:59:59.999,119920548.314795,95881,21951.4572,66672891.381223,0
2024-05-10 08:00:00,3042.27,3045.23,3022.0,3037.85,29448.5225,2024-05-10 11:59:59.999,89291908.742481,92273,13391.1304,40607407.033898,0
2024-05-10 12:00:00,3037.85,3044.53,2907.79,2918.54,112704.6548,2024-05-10 15:59:59.999,333632948.313672,269664,49360.9301,146113415.25778,0
2024-05-10 16:00:00,2918.54,2935.0,2878.03,2901.6,84041.6607,2024-05-10 19:59:59.999,244192361.1839,251942,38119.9711,110759681.520339,0
2024-05-10 20:00:00,2901.6,2916.11,2887.4,2909.99,25067.9023,2024-05-10 23:59:59.999,72741220.721335,94061,11859.2385,34416823.305833,0
2024-05-11 00:00:00,2909.98,2936.59,2905.2,2911.0,27696.4544,2024-05-11 03:59:59.999,80829348.500129,80690,14040.8669,40980717.497518,0
2024-05-11 04:00:00,2911.0,2927.74,2905.9,2921.79,17063.5205,2024-05-11 07:59:59.999,49795880.331114,60010,8911.0824,26007990.358084,0
2024-05-11 08:00:00,2921.8,2925.38,2886.46,2903.4,26271.95,2024-05-11 11:59:59.999,76363314.310787,87422,12627.7096,36709112.816933,0
2024-05-11 12:00:00,2903.4,2945.67,2896.0,2925.72,34805.94,2024-05-11 15:59:59.999,101538463.006835,113215,18206.9266,53128699.442132,0
2024-05-11 16:00:00,2925.72,2940.37,2917.43,2930.61,15991.4116,2024-05-11 19:59:59.999,46813596.356393,69792,7944.017,23258445.023859,0
2024-05-11 20:00:00,2930.61,2930.96,2906.48,2912.45,16333.8322,2024-05-11 23:59:59.999,47648463.060971,55228,6936.6199,20237171.531175,0
2024-05-12 00:00:00,2912.45,2925.33,2909.11,2921.13,11001.5881,2024-05-12 03:59:59.999,32106389.397283,46313,5864.0418,17114292.812019,0
2024-05-12 04:00:00,2921.12,2932.26,2901.17,2907.8,14180.9676,2024-05-12 07:59:59.999,41378568.312573,55979,6000.7515,17509029.736818,0
2024-05-12 08:00:00,2907.8,2943.73,2902.68,2928.0,22845.2522,2024-05-12 11:59:59.999,66779565.440566,72121,11635.2763,34010859.659011,0
2024-05-12 12:00:00,2928.0,2943.77,2925.41,2938.0,18231.319,2024-05-12 15:59:59.999,53467437.13935,66000,8418.7234,24691154.283187,0
2024-05-12 16:00:00,2937.99,2955.2,2921.25,2929.59,24224.3756,2024-05-12 19:59:59.999,71177131.637854,75462,10686.5227,31400882.354369,0
2024-05-12 20:00:00,2929.6,2936.27,2913.78,2929.29,17187.1298,2024-05-12 23:59:59.999,50302912.694903,52115,6512.8366,19068612.648826,0
2024-05-13 00:00:00,2929.3,2942.97,2864.76,2889.92,83159.2925,2024-05-13 03:59:59.999,240451044.16149,184786,35398.3173,102370705.256209,0
2024-05-13 04:00:00,2889.92,2958.0,2870.37,2953.99,56990.6181,2024-05-13 07:59:59.999,165867600.323585,145311,29857.9736,86956635.391538,0
2024-05-13 08:00:00,2953.99,2996.4,2948.4,2965.57,68334.0181,2024-05-13 11:59:59.999,203119809.951887,193553,35235.9372,104737328.068584,0
2024-05-13 12:00:00,2965.57,2987.0,2949.26,2961.22,87796.0231,2024-05-13 15:59:59.999,260392862.468519,203081,48044.6962,142507480.102627,0
2024-05-13 16:00:00,2961.21,2977.89,2928.66,2956.7,51884.7266,2024-05-13 19:59:59.999,153266697.18842,128236,28227.8731,83425772.50794,0
2024-05-13 20:00:00,2956.69,2960.0,2938.0,2950.99,20500.0864,2024-05-13 23:59:59.999,60455474.529311,70050,9760.5713,28784462.46673,0
2024-05-14 00:00:00,2950.99,2960.6,2936.66,2940.99,29749.065,2024-05-14 03:59:59.999,87701355.578038,73951,13840.5353,40803655.801842,0
2024-05-14 04:00:00,2940.99,2949.07,2882.29,2920.03,45499.3304,2024-05-14 07:59:59.999,132639667.854151,107651,21595.2074,62961138.083402,0
2024-05-14 08:00:00,2920.02,2920.03,2897.53,2907.94,24096.7151,2024-05-14 11:59:59.999,70128007.945714,70146,11444.6972,33304760.579001,0
2024-05-14 12:00:00,2907.94,2924.14,2870.25,2898.93,109974.172,2024-05-14 15:59:59.999,318771885.418199,207589,57032.3016,165324198.254213,0
2024-05-14 16:00:00,2898.94,2900.67,2862.0,2893.74,40137.7193,2024-05-14 19:59:59.999,115760957.678683,99023,18513.4172,53403500.951323,0
2024-05-14 20:00:00,2893.73,2903.0,2878.65,2881.93,20218.3019,2024-05-14 23:59:59.999,58470043.779881,59485,10552.0743,30517250.177253,0
2024-05-15 00:00:00,2881.93,2903.08,2863.75,2902.64,24110.6365,2024-05-15 03:59:59.999,69586000.522291,67686,11536.7117,33294481.943948,0
2024-05-15 04:00:00,2902.65,2922.0,2897.98,2916.51,31482.672,2024-05-15 07:59:59.999,91563492.642425,73033,16124.6684,46904381.816302,0
2024-05-15 08:00:00,2916.5,2933.8,2886.81,2898.74,51111.8661,2024-05-15 11:59:59.999,148615389.66435,112892,24357.5147,70833098.774685,0
2024-05-15 12:00:00,2898.74,2992.99,2893.02,2976.81,132869.8227,2024-05-15 15:59:59.999,393104281.90679294,277152,69605.1568,205967545.267719,0
2024-05-15 16:00:00,2976.8,3025.96,2970.0,3024.56,55815.6495,2024-05-15 19:59:59.999,167210251.997364,136212,28213.718,84505254.484775,0
2024-05-15 20:00:00,3024.55,3041.36,3009.49,3032.55,54863.672,2024-05-15 23:59:59.999,165983591.866437,93842,25310.6495,76548952.611229,0
2024-05-16 00:00:00,3032.55,3041.24,2997.0,3013.44,60840.5182,2024-05-16 03:59:59.999,183796591.670024,96300,27898.5179,84269422.310237,0
2024-05-16 04:00:00,3013.45,3021.37,3004.4,3016.31,28652.441,2024-05-16 07:59:59.999,86322371.688951,58980,15480.6877,46636601.912306,0
2024-05-16 08:00:00,3016.31,3027.85,2989.72,3006.45,43183.012,2024-05-16 11:59:59.999,129717715.10202,86930,21028.6511,63170273.589757,0
2024-05-16 12:00:00,3006.45,3009.12,2931.05,2956.57,89261.8078,2024-05-16 15:59:59.999,265115863.115834,173410,41632.9844,123662510.12246,0
2024-05-16 16:00:00,2956.57,2960.64,2925.02,2944.76,48287.9599,2024-05-16 19:59:59.999,142310221.368441,96057,22748.9566,67044424.128662,0
2024-05-16 20:00:00,2944.75,2946.1,2922.8,2944.7,23648.4124,2024-05-16 23:59:59.999,69443832.712757,63594,11381.6819,33425008.504024,0
2024-05-17 00:00:00,2944.7,2956.28,2933.06,2950.49,28995.1606,2024-05-17 03:59:59.999,85470222.329266,75905,14206.8677,41883867.246781,0
2024-05-17 04:00:00,2950.5,3033.0,2940.0,3024.67,83087.8449,2024-05-17 07:59:59.999,248643890.281928,152820,41060.5235,122923159.146513,0
2024-05-17 08:00:00,3024.66,3059.53,3017.74,3030.4,68597.6468,2024-05-17 11:59:59.999,208236324.538396,135936,35486.9967,107732642.114008,0
2024-05-17 12:00:00,3030.4,3118.54,3020.1,3111.54,108964.1229,2024-05-17 15:59:59.999,335578523.920777,227334,57446.8149,176918948.701291,0
2024-05-17 16:00:00,3111.54,3120.0,3067.16,3085.16,52451.0235,2024-05-17 19:59:59.999,162162612.273866,115945,24360.0859,75314586.595533,0
2024-05-17 20:00:00,3085.16,3095.76,3080.59,3092.01,15628.9744,2024-05-17 23:59:59.999,48283049.64696,46334,7824.9273,24175227.054066,0
2024-05-18 00:00:00,3092.0,3126.66,3083.61,3114.4,46394.7028,2024-05-18 03:59:59.999,144102685.941886,106315,25361.674,78800468.53124,0
2024-05-18 04:00:00,3114.39,3119.94,3090.71,3101.99,30034.8165,2024-05-18 07:59:59.999,93154768.087611,89086,12285.3807,38112645.274129,0
2024-05-18 08:00:00,3102.0,3146.98,3100.27,3133.79,47870.1246,2024-05-18 11:59:59.999,149766121.010068,134673,24161.1495,75591558.892524,0
2024-05-18 12:00:00,3133.79,3135.0,3095.71,3110.89,42938.119,2024-05-18 15:59:59.999,133694539.220114,95646,17337.926,53972068.259093,0
2024-05-18 16:00:00,3110.89,3121.2,3105.88,3119.69,17770.6644,2024-05-18 19:59:59.999,55332059.492776,51877,9224.6301,28725684.496407,0
2024-05-18 20:00:00,3119.69,3126.89,3106.05,3122.94,14968.1183,2024-05-18 23:59:59.999,46680782.585293,49934,7970.6858,24860472.219036,0
2024-05-19 00:00:00,3122.94,3136.64,3112.61,3129.36,18838.9425,2024-05-19 03:59:59.999,58884284.931066,56362,9012.9987,28175793.099257,0
2024-05-19 04:00:00,3129.35,3130.52,3103.33,3115.81,18073.4688,2024-05-19 07:59:59.999,56315297.671479,57145,7944.6476,24753285.474929,0
2024-05-19 08:00:00,3115.8,3125.0,3082.04,3102.58,42183.6904,2024-05-19 11:59:59.999,130876807.38703,113940,17868.1605,55441098.70352,0
2024-05-19 12:00:00,3102.59,3103.0,3063.26,3077.25,40766.7055,2024-05-19 15:59:59.999,125622721.751638,99148,16956.5542,52222107.352917,0
2024-05-19 16:00:00,3077.25,3083.9,3057.82,3065.2,27642.5703,2024-05-19 19:59:59.999,84822912.744872,78941,12935.7156,39699242.357262,0
2024-05-19 20:00:00,3065.2,3082.41,3053.38,3071.19,18639.6327,2024-05-19 23:59:59.999,57268044.205745,64883,9787.5071,30068398.245096,0
2024-05-20 00:00:00,3071.2,3100.67,3047.67,3087.21,38814.7129,2024-05-20 03:59:59.999,119460534.709884,102682,21437.6057,65998823.835455,0
2024-05-20 04:00:00,3087.2,3140.0,3065.0,3091.73,66673.9759,2024-05-20 07:59:59.999,207272018.909818,162195,32820.0432,102102051.828834,0
2024-05-20 08:00:00,3091.72,3113.94,3086.5,3093.8,45418.754,2024-05-20 11:59:59.999,140933923.068018,123970,20553.9302,63786493.244946,0
2024-05-20 12:00:00,3093.79,3121.0,3076.69,3118.53,43683.87,2024-05-20 15:59:59.999,135204021.755914,136536,22373.1789,69262285.626749,0
2024-05-20 16:00:00,3118.52,3457.12,3110.85,3438.87,279008.4101,2024-05-20 19:59:59.999,919730271.655967,815248,153098.6463,504940767.429871,0
2024-05-20 20:00:00,3438.86,3694.0,3420.37,3661.78,373508.1599,2024-05-20 23:59:59.999,1330748943.5731,885522,192125.5375,684620507.568663,0
2024-05-21 00:00:00,3661.79,3721.0,3638.8,3695.9,176437.8446,2024-05-21 03:59:59.999,649493190.917728,444842,87684.2489,322782058.71859,0
2024-05-21 04:00:00,3695.9,3699.6,3624.28,3660.49,117372.7656,2024-05-21 07:59:59.999,430020574.85071,245623,55331.9884,202699462.354747,0
2024-05-21 08:00:00,3660.5,3823.5,3649.36,3777.97,185777.9962,2024-05-21 11:59:59.999,693476359.566723,455476,97947.6317,365334633.642911,0
2024-05-21 12:00:00,3777.98,3836.0,3748.57,3777.68,224432.9922,2024-05-21 15:59:59.999,849972084.3757101,523341,109978.176,416527074.12030494,0
2024-05-21 16:00:00,3777.69,3841.54,3680.68,3712.27,169773.2141,2024-05-21 19:59:59.999,637689587.110702,361956,81011.5692,304505541.144949,0
2024-05-21 20:00:00,3712.26,3821.5,3709.13,3789.6,78642.4567,2024-05-21 23:59:59.999,296592663.541685,173464,39825.9038,150229585.618608,0
2024-05-22 00:00:00,3789.59,3813.69,3774.91,3793.43,58660.3493,2024-05-22 03:59:59.999,222395917.33934,135362,28782.7153,109131682.267995,0
2024-05-22 04:00:00,3793.42,3795.07,3720.01,3746.79,83698.9643,2024-05-22 07:59:59.999,314277250.751173,178970,37696.4466,141542875.107424,0
2024-05-22 08:00:00,3746.8,3779.8,3690.0,3690.6,65723.1063,2024-05-22 11:59:59.999,245623558.124705,181945,32352.5756,120942421.486854,0
2024-05-22 12:00:00,3690.59,3773.88,3653.15,3762.66,167446.8295,2024-05-22 15:59:59.999,621460877.3299071,393944,86866.8285,322594630.863786,0
2024-05-22 16:00:00,3762.65,3798.0,3700.6,3736.61,110830.3049,2024-05-22 19:59:59.999,415297220.74607104,239075,57907.985,217042733.240143,0
2024-05-22 20:00:00,3736.61,3781.0,3723.38,3737.73,88578.7556,2024-05-22 23:59:59.999,332201607.829064,210644,40396.0403,151514240.928888,0
2024-05-23 00:00:00,3737.72,3788.86,3736.67,3782.11,51405.4772,2024-05-23 03:59:59.999,193475292.449861,107448,26012.5327,97894645.9377,0
2024-05-23 04:00:00,3782.1,3833.65,3759.41,3814.0,70165.4088,2024-05-23 07:59:59.999,266254161.376924,182092,38591.0374,146472570.139875,0
2024-05-23 08:00:00,3813.99,3925.24,3790.94,3918.46,139988.1687,2024-05-23 11:59:59.999,538490746.925857,321922,72557.5656,279213087.904099,0
2024-05-23 12:00:00,3918.45,3949.29,3723.0,3812.95,290141.6873,2024-05-23 15:59:59.999,1111252708.147277,679903,143191.1248,548264503.569543,0
2024-05-23 16:00:00,3812.96,3827.77,3685.0,3791.34,156371.2119,2024-05-23 19:59:59.999,589126705.812276,344749,76601.5602,288503113.926283,0
2024-05-23 20:00:00,3791.33,3901.0,3498.0,3783.61,419794.1221,2024-05-23 23:59:59.999,1584950075.728986,1046654,207592.3454,784909960.683379,0
2024-05-24 00:00:00,3783.6,3829.61,3744.34,3803.82,59517.5987,2024-05-24 03:59:59.999,226179505.034449,162706,30820.7901,117163647.525641,0
2024-05-24 04:00:00,3803.82,3815.63,3651.0,3679.24,122645.0986,2024-05-24 07:59:59.999,455780556.013869,272326,61608.7215,228754263.767684,0
2024-05-24 08:00:00,3679.24,3717.67,3626.1,3712.62,81589.6453,2024-05-24 11:59:59.999,300078907.487678,200011,41375.0292,152179868.067752,0
2024-05-24 12:00:00,3712.62,3732.83,3671.15,3693.67,85395.4253,2024-05-24 15:59:59.999,316735602.306187,213738,41182.9044,152788619.572155,0
2024-05-24 16:00:00,3693.66,3759.0,3655.26,3744.4,92836.7116,2024-05-24 19:59:59.999,344226867.882933,210699,49132.1171,182285181.578408,0
2024-05-24 20:00:00,3744.4,3755.05,3723.01,3728.28,37433.9523,2024-05-24 23:59:59.999,139982423.487851,99594,19925.4481,74522852.647341,0
2024-05-25 00:00:00,3728.28,3747.72,3709.03,3745.26,25256.8427,2024-05-25 03:59:59.999,94152599.714694,86301,13716.2348,51139335.542088,0
2024-05-25 04:00:00,3745.26,3779.43,3744.4,3746.6,33903.2058,2024-05-25 07:59:59.999,127379514.387589,103564,16500.0014,61998157.667039,0
2024-05-25 08:00:00,3746.6,3775.0,3736.42,3739.39,32551.3548,2024-05-25 11:59:59.999,122211768.068278,96462,16869.2444,63344253.450686,0
2024-05-25 12:00:00,3739.39,3758.2,3719.8,3743.79,35726.8417,2024-05-25 15:59:59.999,133489916.516491,102525,18418.4398,68810045.76611,0
2024-05-25 16:00:00,3743.8,3766.02,3736.68,3757.64,16658.1948,2024-05-25 19:59:59.999,62491078.912395,64473,8809.8772,33046585.516732,0
2024-05-25 20:00:00,3757.65,3760.28,3730.12,3749.26,14615.4594,2024-05-25 23:59:59.999,54713398.20569,50386,7447.3181,27876706.359572,0
2024-05-26 00:00:00,3749.25,3772.93,3731.17,3771.59,28721.1033,2024-05-26 03:59:59.999,107794474.814968,77115,14796.6015,55539340.609163,0
2024-05-26 04:00:00,3771.59,3795.06,3741.16,3786.02,30277.312,2024-05-26 07:59:59.999,114148363.113704,82418,15975.3819,60233663.87367,0
2024-05-26 08:00:00,3786.01,3822.4,3777.22,3813.79,63831.0072,2024-05-26 11:59:59.999,242826508.98679,137582,32847.5826,124971300.123569,0
2024-05-26 12:00:00,3813.79,3875.8,3792.14,3833.05,86573.3268,2024-05-26 15:59:59.999,331998292.545235,182631,41106.6254,157619645.986156,0
2024-05-26 16:00:00,3833.06,3884.2,3831.26,3878.86,50878.426,2024-05-26 19:59:59.999,196202802.33081,128746,26191.7937,101002604.166418,0
2024-05-26 20:00:00,3878.86,3879.63,3817.39,3826.47,31927.1184,2024-05-26 23:59:59.999,122690989.21589,88794,14287.4588,54904862.531523,0
2024-05-27 00:00:00,3826.47,3939.59,3823.37,3919.58,87143.4381,2024-05-27 03:59:59.999,340340164.907041,190700,49840.1269,194597857.849712,0
2024-05-27 04:00:00,3919.59,3935.0,3888.71,3914.01,41541.5848,2024-05-27 07:59:59.999,162439845.617537,131866,19945.9205,78008685.445998,0
2024-05-27 08:00:00,3914.01,3954.35,3884.17,3900.49,58135.6201,2024-05-27 11:59:59.999,227710142.492555,184516,28458.7319,111535535.468211,0
2024-05-27 12:00:00,3900.5,3977.0,3891.81,3963.39,80810.8165,2024-05-27 15:59:59.999,318143424.74598,191742,41964.3188,165198113.32678,0
2024-05-27 16:00:00,3963.39,3974.3,3854.16,3873.25,56750.0898,2024-05-27 19:59:59.999,222633093.78607,174584,24787.5847,97287307.188504,0
2024-05-27 20:00:00,3873.26,3905.14,3860.71,3894.22,39336.098,2024-05-27 23:59:59.999,152902700.916763,98556,18725.1848,72790456.701424,0
2024-05-28 00:00:00,3894.21,3910.0,3827.41,3849.71,68416.8132,2024-05-28 03:59:59.999,264077447.277577,170834,31772.043,122641065.24605,0
2024-05-28 04:00:00,3849.72,3864.85,3821.63,3847.29,50036.2523,2024-05-28 07:59:59.999,192465577.504703,112733,25146.6424,96737181.31492,0
2024-05-28 08:00:00,3847.3,3931.09,3839.0,3904.34,70119.748,2024-05-28 11:59:59.999,272892657.16734,157416,35717.423,138986097.371609,0
2024-05-28 12:00:00,3904.34,3912.0,3831.29,3861.1,96245.094,2024-05-28 15:59:59.999,372349038.879664,192791,48266.6875,186695827.389841,0
2024-05-28 16:00:00,3861.1,3869.14,3773.9,3840.81,88427.4714,2024-05-28 19:59:59.999,337648846.659089,197506,41035.8867,156719005.729601,0
2024-05-28 20:00:00,3840.8,3871.76,3823.0,3844.69,43004.4555,2024-05-28 23:59:59.999,165641226.759981,110058,24704.6733,95179163.135299,0
2024-05-29 00:00:00,3844.69,3862.41,3835.15,3851.0,35975.2377,2024-05-29 03:59:59.999,138444608.608818,92988,17219.3242,66263241.722162,0
2024-05-29 04:00:00,3850.99,3888.55,3818.48,3820.0,62582.4505,2024-05-29 07:59:59.999,241685159.48371,178817,31442.6882,121423597.158356,0
2024-05-29 08:00:00,3819.99,3828.88,3781.0,3811.16,64094.1388,2024-05-29 11:59:59.999,243917392.691587,150113,30390.8825,115684326.717977,0
2024-05-29 12:00:00,3811.15,3838.83,3750.6,3759.85,87201.9645,2024-05-29 15:59:59.999,330506389.77106,208956,45691.9073,173180825.723295,0
2024-05-29 16:00:00,3759.84,3780.0,3744.41,3749.66,44445.5715,2024-05-29 19:59:59.999,167034381.627378,122503,22684.0185,85251617.114241,0
2024-05-29 20:00:00,3749.66,3792.99,3742.59,3767.43,40460.2718,2024-05-29 23:59:59.999,152499709.88969,130024,23154.6234,87274770.393015,0
2024-05-30 00:00:00,3767.44,3797.79,3750.75,3791.31,30162.3742,2024-05-30 03:59:59.999,113875038.182321,88644,15955.0305,60239381.931399,0
2024-05-30 04:00:00,3791.3,3801.65,3712.73,3720.32,56963.1566,2024-05-30 07:59:59.999,213698743.561549,143055,26080.703,97869656.897803,0
2024-05-30 08:00:00,3720.32,3757.25,3702.58,3737.0,49744.5544,2024-05-30 11:59:59.999,185441981.496396,127004,24758.6877,92296135.94936,0
2024-05-30 12:00:00,3737.01,3798.97,3733.39,3776.12,52289.9206,2024-05-30 15:59:59.999,197209811.972985,169015,25621.6775,96647880.177786,0
2024-05-30 16:00:00,3776.12,3825.35,3752.24,3762.01,57189.8504,2024-05-30 19:59:59.999,217104231.236925,148171,28870.1106,109592064.012824,0
2024-05-30 20:00:00,3762.0,3762.4,3719.3,3747.91,30684.4332,2024-05-30 23:59:59.999,114816199.941144,89827,14663.9405,54871565.912122,0
2024-05-31 00:00:00,3747.9,3770.0,3740.45,3760.21,20559.7687,2024-05-31 03:59:59.999,77212929.529931,71254,9659.1877,36275731.109094,0
2024-05-31 04:00:00,3760.21,3766.55,3724.41,3729.11,27617.2547,2024-05-31 07:59:59.999,103370551.048494,69543,13050.1224,48833867.838488,0
2024-05-31 08:00:00,3729.11,3813.2,3726.45,3802.62,46707.6025,2024-05-31 11:59:59.999,176089253.330137,115006,25706.2279,96901120.302975,0
2024-05-31 12:00:00,3802.62,3849.94,3742.35,3744.77,89048.2576,2024-05-31 15:59:59.999,338442361.949175,195224,43581.2321,165754653.369613,0
2024-05-31 16:00:00,3744.77,3794.62,3723.75,3785.45,56610.6927,2024-05-31 19:59:59.999,212961789.241954,132356,28294.6365,106405315.451468,0
2024-05-31 20:00:00,3785.45,3800.94,3742.0,3762.29,32863.1898,2024-05-31 23:59:59.999,124097120.116985,96946,16260.5767,61406411.466941,0
2024-06-01 00:00:00,3762.29,3782.07,3752.67,3778.98,19162.466,2024-06-01 03:59:59.999,72216567.160926,50931,9954.3404,37515056.761519,0
2024-06-01 04:00:00,3778.98,3794.11,3770.31,3773.0,19843.0304,2024-06-01 07:59:59.999,75079318.495189,73161,9728.5329,36813683.454143,0
2024-06-01 08:00:00,3772.99,3809.55,3772.43,3788.28,28016.7925,2024-06-01 11:59:59.999,106203811.478938,88223,14842.7133,56268859.366805,0
2024-06-01 12:00:00,3788.28,3814.67,3787.0,3798.6,23200.5208,2024-06-01 15:59:59.999,88241205.709088,68292,12297.1266,46770520.616822,0
2024-06-01 16:00:00,3798.6,3809.81,3790.21,3804.51,18166.4278,2024-06-01 19:59:59.999,69037478.948599,58410,9758.3354,37083877.053444,0
2024-06-01 20:00:00,3804.5,3833.3,3799.0,3815.82,24297.9631,2024-06-01 23:59:59.999,92722241.045116,60360,13786.5612,52616562.79815,0
2024-06-02 00:00:00,3815.82,3838.59,3797.7,3807.13,40362.6748,2024-06-02 03:59:59.999,154024305.945867,91649,20008.6228,76360562.422073,0
2024-06-02 04:00:00,3807.13,3824.5,3792.25,3793.33,42266.6486,2024-06-02 07:59:59.999,161011132.580926,142680,21218.8092,80835532.318902,0
2024-06-02 08:00:00,3793.33,3810.0,3770.99,3805.01,40043.5712,2024-06-02 11:59:59.999,151690080.493157,105418,20692.0143,78377244.746853,0
2024-06-02 12:00:00,3805.01,3810.0,3776.86,3798.78,23979.178,2024-06-02 15:59:59.999,91034126.958629,82015,11949.1583,45368405.721801,0
2024-06-02 16:00:00,3798.79,3803.67,3752.62,3782.37,37585.3386,2024-06-02 19:59:59.999,141816006.080315,94335,18560.9121,70033410.448476,0
2024-06-02 20:00:00,3782.37,3796.44,3765.99,3780.91,26058.0295,2024-06-02 23:59:59.999,98525085.604863,63466,13568.1351,51293450.045876,0
2024-06-03 00:00:00,3780.92,3821.32,3761.05,3799.5,34542.182,2024-06-03 03:59:59.999,131117886.296479,95930,17406.6134,66100014.134121,0
2024-06-03 04:00:00,3799.51,3842.01,3795.18,3817.82,41747.9614,2024-06-03 07:59:59.999,159461954.882479,107766,21856.7797,83482486.907748,0
2024-06-03 08:00:00,3817.81,3840.16,3804.7,3809.0,37028.9177,2024-06-03 11:59:59.999,141508023.90445,87032,17798.3696,68007791.567074,0
2024-06-03 12:00:00,3809.01,3849.99,3758.43,3796.82,82479.9693,2024-06-03 15:59:59.999,313947999.234888,204849,42068.7793,160190400.278925,0
2024-06-03 16:00:00,3796.82,3798.63,3759.0,3773.4,31798.1474,2024-06-03 19:59:59.999,120055517.969195,88868,14950.7724,56448939.764172,0
2024-06-03 20:00:00,3773.39,3784.88,3759.67,3767.06,21251.5242,2024-06-03 23:59:59.999,80148254.00888,64423,11516.64,43439834.034161,0
2024-06-04 00:00:00,3767.07,3785.19,3730.0,3773.51,37241.3776,2024-06-04 03:59:59.999,140154410.953269,91121,18291.6781,68849370.580896,0
2024-06-04 04:00:00,3773.51,3778.63,3752.1,3774.72,22170.4494,2024-06-04 07:59:59.999,83531453.892005,61828,11255.322,42414331.320882,0
2024-06-04 08:00:00,3774.72,3782.99,3741.6,3764.65,28835.7026,2024-06-04 11:59:59.999,108435614.851255,82695,14275.8273,53683312.15757,0
2024-06-04 12:00:00,3764.65,3817.99,3753.57,3810.63,67169.5087,2024-06-04 15:59:59.999,254245002.435401,144723,37497.4245,141961089.798414,0
2024-06-04 16:00:00,3810.63,3831.65,3776.2,3800.38,52190.8252,2024-06-04 19:59:59.999,198962155.675103,124989,27286.9722,104047235.54371,0
2024-06-04 20:00:00,3800.37,3822.0,3792.0,3810.23,24455.8833,2024-06-04 23:59:59.999,93205292.792857,63158,12235.0258,46630304.472727,0
2024-06-05 00:00:00,3810.23,3839.92,3800.0,3810.45,37461.0947,2024-06-05 03:59:59.999,142959618.259839,89866,19414.058,74104702.815001,0
2024-06-05 04:00:00,3810.45,3820.81,3777.33,3809.58,52478.4484,2024-06-05 07:59:59.999,199357842.595975,110628,25330.4233,96247854.509423,0
2024-06-05 08:00:00,3809.57,3811.03,3788.9,3804.31,31518.1002,2024-06-05 11:59:59.999,119787111.819301,75536,16508.505,62741057.053957,0
2024-06-05 12:00:00,3804.31,3824.44,3782.0,3813.58,47557.5833,2024-06-05 15:59:59.999,181032783.262952,122240,24817.2842,94483914.036067,0
2024-06-05 16:00:00,3813.59,3878.0,3796.8,3876.54,73294.7532,2024-06-05 19:59:59.999,281867570.768454,172545,41102.5017,158083555.719688,0
2024-06-05 20:00:00,3876.53,3887.47,3842.28,3865.99,31428.6237,2024-06-05 23:59:59.999,121368766.715908,75021,16613.5605,64163232.193889,0
2024-06-06 00:00:00,3866.0,3878.6,3853.2,3861.69,26177.2594,2024-06-06 03:59:59.999,101213178.220169,65571,13624.5841,52681923.534134,0
2024-06-06 04:00:00,3861.7,3865.5,3838.53,3852.1,38537.3942,2024-06-06 07:59:59.999,148397227.89682,77306,18255.5314,70296301.53255,0
2024-06-06 08:00:00,3852.1,3856.5,3842.84,3849.51,24695.0892,2024-06-06 11:59:59.999,95044090.7466,61761,12251.8579,47153336.414808,0
2024-06-06 12:00:00,3849.51,3866.48,3820.0,3845.01,46381.6924,2024-06-06 15:59:59.999,178230315.682786,108961,22632.2615,86979153.701147,0
2024-06-06 16:00:00,3845.0,3855.6,3787.15,3791.01,62854.2034,2024-06-06 19:59:59.999,240569926.428056,115719,29871.8509,114392049.12156,0
2024-06-06 20:00:00,3791.01,3815.45,3760.0,3813.46,38858.5519,2024-06-06 23:59:59.999,147297034.207161,95732,20290.3671,76947161.463908,0
2024-06-07 00:00:00,3813.47,3813.47,3792.34,3806.3,19303.9314,2024-06-07 03:59:59.999,73440754.264027,59683,7884.2945,29996569.320818,0
2024-06-07 04:00:00,3806.3,3825.75,3806.0,3816.31,19448.3091,2024-06-07 07:59:59.999,74236283.066259,59233,9718.7335,37096744.364872,0
2024-06-07 08:00:00,3816.31,3839.98,3801.11,3835.0,24999.764,2024-06-07 11:59:59.999,95398442.092215,66696,12491.51,47679285.970121,0
2024-06-07 12:00:00,3834.99,3841.39,3771.39,3800.73,77115.5473,2024-06-07 15:59:59.999,293624102.365056,169203,37469.8896,142710415.746504,0
2024-06-07 16:00:00,3800.73,3807.67,3600.0,3687.37,179164.1298,2024-06-07 19:59:59.999,660141271.274476,429331,76799.3491,282845928.861037,0
2024-06-07 20:00:00,3687.37,3700.0,3670.43,3678.32,42191.6778,2024-06-07 23:59:59.999,155466714.176316,109860,19316.9038,71170350.586053,0
2024-06-08 00:00:00,3678.31,3692.3,3673.82,3690.0,22188.3343,2024-06-08 03:59:59.999,81790613.416906,62138,10344.2502,38128909.73449,0
2024-06-08 04:00:00,3690.0,3709.5,3677.22,3708.98,16278.6668,2024-06-08 07:59:59.999,60072730.762361,49487,7860.8591,29016127.1394,0
2024-06-08 08:00:00,3708.98,3709.39,3678.53,3683.13,38253.4513,2024-06-08 11:59:59.999,141157207.056504,74949,18669.2686,68889092.012623,0
2024-06-08 12:00:00,3683.13,3697.47,3660.08,3688.13,30914.3498,2024-06-08 15:59:59.999,113880608.208919,78546,13983.9188,51505860.442718,0
2024-06-08 16:00:00,3688.13,3694.5,3672.18,3682.61,19917.2379,2024-06-08 19:59:59.999,73418826.922004,56025,8347.4654,30772717.098006,0
2024-06-08 20:00:00,3682.6,3684.46,3670.37,3681.57,12998.7993,2024-06-08 23:59:59.999,47798547.673228,43340,5808.6771,21359632.698647,0
2024-06-09 00:00:00,3681.58,3684.66,3666.36,3674.22,18043.8984,2024-06-09 03:59:59.999,66311228.770893,44865,8802.4408,32345250.050139,0
2024-06-09 04:00:00,3674.21,3692.0,3669.21,3685.99,16380.3084,2024-06-09 07:59:59.999,60312207.833421,42191,8180.2371,30122485.852268,0
2024-06-09 08:00:00,3685.98,3693.87,3683.02,3693.5,11187.5719,2024-06-09 11:59:59.999,41273448.165999,33263,5392.3822,19894550.953621,0
2024-06-09 12:00:00,3693.49,3712.5,3680.99,3690.59,29149.8489,2024-06-09 15:59:59.999,107694886.675722,70951,12523.5128,46280181.628514,0
2024-06-09 16:00:00,3690.6,3709.43,3689.43,3701.09,14111.4392,2024-06-09 19:59:59.999,52217423.993451,42922,6884.7558,25475267.916412,0
2024-06-09 20:00:00,3701.09,3721.52,3693.72,3706.4,14578.0352,2024-06-09 23:59:59.999,54045289.516174,53768,6919.2935,25652226.77502,0
2024-06-10 00:00:00,3706.4,3706.94,3680.97,3684.14,17242.0935,2024-06-10 03:59:59.999,63671057.49068,43988,7148.5979,26395045.503618,0
2024-06-10 04:00:00,3684.14,3692.41,3642.74,3647.79,29285.0966,2024-06-10 07:59:59.999,107540504.733874,71900,11729.7971,43081443.366476,0
2024-06-10 08:00:00,3647.8,3681.01,3646.94,3675.95,24499.1155,2024-06-10 11:59:59.999,89917620.456865,57209,12282.0453,45075300.07282,0
2024-06-10 12:00:00,3675.95,3713.67,3662.96,3702.54,36788.6562,2024-06-10 15:59:59.999,135613331.074501,85730,20611.9535,76010108.026651,0
2024-06-10 16:00:00,3702.53,3705.68,3659.81,3668.33,27095.9403,2024-06-10 19:59:59.999,99805612.168204,68867,12536.0048,46192386.720065,0
2024-06-10 20:00:00,3668.33,3677.07,3650.64,3667.85,21452.2825,2024-06-10 23:59:59.999,78663117.381146,63471,10491.1273,38468747.608313,0
2024-06-11 00:00:00,3667.85,3673.0,3567.0,3595.6,86732.2688,2024-06-11 03:59:59.999,313439568.557322,175014,41180.4995,148834003.941394,0
2024-06-11 04:00:00,3595.6,3595.61,3505.0,3534.6,83213.3547,2024-06-11 07:59:59.999,295581433.651973,188952,38798.1723,137823234.358004,0
2024-06-11 08:00:00,3534.6,3549.36,3503.4,3529.56,71505.3092,2024-06-11 11:59:59.999,252238550.712848,167253,33965.1865,119835892.901925,0
2024-06-11 12:00:00,3529.56,3546.47,3432.01,3447.75,102175.1839,2024-06-11 15:59:59.999,357382710.321053,243316,46161.0501,161548491.014317,0
2024-06-11 16:00:00,3447.75,3502.44,3432.0,3497.21,72534.3495,2024-06-11 19:59:59.999,251727916.947893,200730,35481.9953,123159530.933404,0
2024-06-11 20:00:00,3497.21,3509.65,3483.7,3497.33,23408.1317,2024-06-11 23:59:59.999,81855766.980066,60964,12050.6984,42137423.237886,0
2024-06-12 00:00:00,3497.33,3513.78,3462.07,3509.99,36109.1392,2024-06-12 03:59:59.999,126112988.36896,85211,15260.5973,53317863.884345,0
2024-06-12 04:00:00,3509.99,3532.39,3507.02,3526.71,29038.1895,2024-06-12 07:59:59.999,102188073.351334,71839,13416.5567,47214308.527986,0
2024-06-12 08:00:00,3526.7,3563.56,3516.95,3531.72,38233.539,2024-06-12 11:59:59.999,135280560.432462,92713,19195.0999,67914644.747545,0
2024-06-12 12:00:00,3531.73,3659.01,3531.4,3618.32,153722.7335,2024-06-12 15:59:59.999,556561276.886922,297472,74358.5304,269141466.857711,0
2024-06-12 16:00:00,3618.32,3625.7,3513.32,3529.01,104913.6778,2024-06-12 19:59:59.999,375421082.877404,236340,51543.7434,184457246.51421,0
2024-06-12 20:00:00,3529.01,3574.39,3521.88,3560.12,25026.495,2024-06-12 23:59:59.999,88994611.941138,66952,13347.264,47469523.310128,0
2024-06-13 00:00:00,3560.13,3561.65,3476.21,3503.0,64329.204,2024-06-13 03:59:59.999,226033941.226208,136055,32089.9635,112721689.337728,0
2024-06-13 04:00:00,3502.99,3517.32,3484.04,3507.53,30637.8742,2024-06-13 07:59:59.999,107310846.790317,71032,15231.4973,53355592.224445,0
2024-06-13 08:00:00,3507.53,3511.86,3472.6,3497.17,36046.7782,2024-06-13 11:59:59.999,125996575.404572,95757,18512.5052,64719491.178019,0
2024-06-13 12:00:00,3497.17,3539.83,3433.0,3441.73,107443.9794,2024-06-13 15:59:59.999,374791634.222526,239582,50327.1274,175629546.882235,0
2024-06-13 16:00:00,3441.73,3491.55,3428.0,3481.43,40773.5683,2024-06-13 19:59:59.999,141102423.698179,98572,21786.9446,75406782.031634,0
2024-06-13 20:00:00,3481.43,3491.55,3461.59,3469.4,20999.4258,2024-06-13 23:59:59.999,72979073.409278,55371,10046.4059,34916667.525814,0
2024-06-14 00:00:00,3469.4,3510.53,3457.37,3490.91,33997.5513,2024-06-14 03:59:59.999,118513193.84974,83589,17802.129,62055042.386129,0
2024-06-14 04:00:00,3490.91,3532.61,3490.46,3516.61,40530.3017,2024-06-14 07:59:59.999,142424554.764109,78381,21270.7875,74746901.043952,0
2024-06-14 08:00:00,3516.61,3530.25,3505.69,3515.8,28624.7515,2024-06-14 11:59:59.999,100721166.513967,69224,15051.5288,52965855.337748,0
2024-06-14 12:00:00,3515.8,3525.56,3460.17,3462.41,46240.8077,2024-06-14 15:59:59.999,161497662.123263,111440,20629.7973,72072619.014597,0
2024-06-14 16:00:00,3462.41,3467.4,3362.26,3406.21,103511.0856,2024-06-14 19:59:59.999,352365764.413768,238591,48243.5935,164192455.016116,0
2024-06-14 20:00:00,3406.21,3528.93,3404.19,3481.8,69411.9236,2024-06-14 23:59:59.999,241048330.184098,165388,36449.9784,126517858.648094,0
2024-06-15 00:00:00,3481.8,3505.01,3473.1,3504.4,27164.3759,2024-06-15 03:59:59.999,94842124.026034,60350,13972.9591,48782384.477944,0
2024-06-15 04:00:00,3504.4,3557.81,3498.29,3529.61,70337.7423,2024-06-15 07:59:59.999,248239067.172836,125610,36018.8897,127109217.456426,0
2024-06-15 08:00:00,3529.61,3542.3,3519.49,3539.4,29865.1365,2024-06-15 11:59:59.999,105545694.918702,63009,15187.6809,53684259.143553,0
2024-06-15 12:00:00,3539.4,3594.39,3537.75,3565.8,65751.339,2024-06-15 15:59:59.999,234330144.994976,128433,31390.5064,111878391.083849,0
2024-06-15 16:00:00,3565.8,3575.73,3552.0,3558.48,32626.8792,2024-06-15 19:59:59.999,116238718.051504,74325,15579.3908,55507273.162097,0
2024-06-15 20:00:00,3558.48,3575.36,3536.76,3568.74,20904.1165,2024-06-15 23:59:59.999,74380388.115028,49046,10395.1757,36998293.094459,0
2024-06-16 00:00:00,3568.75,3573.79,3548.04,3555.01,15279.5371,2024-06-16 03:59:59.999,54418914.35144,43030,7138.068,25424541.227845,0
2024-06-16 04:00:00,3555.01,3574.54,3541.05,3561.93,15928.9861,2024-06-16 07:59:59.999,56710419.86553,46031,8019.3671,28554156.271876,0
2024-06-16 08:00:00,3561.93,3570.99,3546.92,3555.28,22391.2841,2024-06-16 11:59:59.999,79659221.303309,67223,11638.9862,41410704.871849,0
2024-06-16 12:00:00,3555.28,3611.98,3553.17,3591.88,40470.9591,2024-06-16 15:59:59.999,145147400.311405,109295,22593.4588,81031251.930406,0
2024-06-16 16:00:00,3591.88,3608.44,3586.69,3599.03,21795.5901,2024-06-16 19:59:59.999,78382154.093406,57783,11868.0302,42682340.524041,0
2024-06-16 20:00:00,3599.03,3653.79,3587.86,3624.41,33973.6255,2024-06-16 23:59:59.999,123174711.718338,94496,16576.9864,60112760.422131,0
2024-06-17 00:00:00,3624.41,3638.37,3573.83,3582.05,48730.6671,2024-06-17 03:59:59.999,175605060.859812,104368,20859.6106,75179124.517732,0
2024-06-17 04:00:00,3582.05,3596.0,3538.7,3552.68,48673.361,2024-06-17 07:59:59.999,173632825.230998,112960,22763.6795,81227378.838637,0
2024-06-17 08:00:00,3552.68,3561.1,3490.95,3527.63,70419.5076,2024-06-17 11:59:59.999,247980391.558423,156973,36463.3322,128417532.912876,0
2024-06-17 12:00:00,3527.63,3547.07,3485.44,3497.26,60249.8476,2024-06-17 15:59:59.999,211996724.398757,138735,31735.1184,111712716.12453,0
2024-06-17 16:00:00,3497.26,3577.77,3463.39,3554.01,80942.9401,2024-06-17 19:59:59.999,285607678.513557,181262,40759.7,143859974.205092,0
2024-06-17 20:00:00,3554.01,3556.55,3500.8,3511.46,28789.3168,2024-06-17 23:59:59.999,101339850.357506,79787,13761.7645,48437991.635679,0
2024-06-18 00:00:00,3511.47,3517.2,3355.0,3441.53,151261.2357,2024-06-18 03:59:59.999,518539654.00566894,312404,68920.6723,236256671.283218,0
2024-06-18 04:00:00,3441.52,3462.54,3428.78,3443.97,41588.3438,2024-06-18 07:59:59.999,143349501.466898,96330,19744.7883,68063564.477536,0
2024-06-18 08:00:00,3443.97,3451.84,3391.86,3414.11,50599.076,2024-06-18 11:59:59.999,173279919.72994,118277,23772.9135,81425005.838511,0
2024-06-18 12:00:00,3414.11,3440.73,3370.92,3424.01,94772.0482,2024-06-18 15:59:59.999,322667200.346189,223099,46473.4328,158273688.402489,0
2024-06-18 16:00:00,3424.02,3436.0,3386.92,3423.27,56147.0642,2024-06-18 19:59:59.999,191595118.376895,172875,28211.0491,96293222.390115,0
2024-06-18 20:00:00,3423.27,3490.0,3412.64,3483.42,55545.5335,2024-06-18 23:59:59.999,192367488.486104,139822,30038.7327,103985639.041673,0
2024-06-19 00:00:00,3483.42,3573.08,3465.65,3565.93,92263.4561,2024-06-19 03:59:59.999,325198842.435919,194306,48294.388,170162139.092966,0
2024-06-19 04:00:00,3565.93,3585.0,3532.96,3544.3,54305.0421,2024-06-19 07:59:59.999,193107185.375624,117514,25842.0692,91884651.470806,0
2024-06-19 08:00:00,3544.31,3564.0,3518.46,3536.94,57044.7188,2024-06-19 11:59:59.999,201732368.692223,125378,28564.42,101031352.864121,0
2024-06-19 12:00:00,3536.95,3550.61,3512.2,3529.29,39731.2801,2024-06-19 15:59:59.999,140270259.268618,95876,19496.4407,68845688.844415,0
2024-06-19 16:00:00,3529.3,3590.01,3523.43,3546.29,50877.7687,2024-06-19 19:59:59.999,181075015.828805,118793,26974.0565,95985176.391111,0
2024-06-19 20:00:00,3546.28,3576.69,3532.14,3560.51,27277.7369,2024-06-19 23:59:59.999,97035383.051738,60634,13590.6494,48347540.694996,0
2024-06-20 00:00:00,3560.51,3594.47,3533.49,3553.65,41899.1315,2024-06-20 03:59:59.999,149090380.64547,96140,21777.1889,77516579.196009,0
2024-06-20 04:00:00,3553.65,3616.06,3544.61,3607.87,57347.7784,2024-06-20 07:59:59.999,205655771.183528,108309,28920.8076,103715496.670813,0
2024-06-20 08:00:00,3607.87,3625.96,3572.24,3598.94,58174.3822,2024-06-20 11:59:59.999,209254685.510218,143345,28576.3926,102801068.276913,0
2024-06-20 12:00:00,3598.94,3611.81,3491.46,3506.61,103144.2628,2024-06-20 15:59:59.999,365395001.804418,232679,47756.9301,169117053.600938,0
2024-06-20 16:00:00,3506.61,3542.4,3486.0,3536.61,51457.987,2024-06-20 19:59:59.999,181008072.295644,118251,25235.2308,88780009.332778,0
2024-06-20 20:00:00,3536.61,3538.91,3511.0,3513.08,17094.3034,2024-06-20 23:59:59.999,60193829.818591,45172,9011.2405,31729960.52597,0
2024-06-21 00:00:00,3513.08,3536.21,3491.66,3501.2,34013.0856,2024-06-21 03:59:59.999,119420225.199204,91897,17101.4782,60055145.656943,0
2024-06-21 04:00:00,3501.2,3521.74,3467.0,3475.0,45022.5479,2024-06-21 07:59:59.999,157537881.11266,79461,22105.5515,77377079.008888,0
2024-06-21 08:00:00,3475.0,3532.83,3446.82,3503.22,84533.4256,2024-06-21 11:59:59.999,295520428.456425,160554,43818.0938,153164062.268719,0
2024-06-21 12:00:00,3503.21,3519.99,3455.1,3492.78,89030.6982,2024-06-21 15:59:59.999,310799667.710294,184651,46169.8743,161226333.970308,0
2024-06-21 16:00:00,3492.78,3537.5,3469.96,3535.45,66320.0669,2024-06-21 19:59:59.999,231982615.694324,144179,35121.9297,122856587.979877,0
2024-06-21 20:00:00,3535.44,3547.55,3500.0,3518.5,23235.2778,2024-06-21 23:59:59.999,81834728.061056,85619,11866.1105,41797419.265026,0
2024-06-22 00:00:00,3518.5,3521.19,3493.24,3506.77,21118.7164,2024-06-22 03:59:59.999,74032763.032772,52268,8894.1116,31186768.645188,0
2024-06-22 04:00:00,3506.77,3509.76,3489.73,3494.0,22707.2062,2024-06-22 07:59:59.999,79461487.362329,48252,11484.4988,40183983.701596,0
2024-06-22 08:00:00,3494.0,3498.96,3475.09,3493.2,19859.6331,2024-06-22 11:59:59.999,69297369.900119,58052,9210.9667,32141378.631344,0
2024-06-22 12:00:00,3493.19,3511.84,3486.78,3505.43,28273.381,2024-06-22 15:59:59.999,98944576.068266,78695,17371.4996,60799677.199752,0
2024-06-22 16:00:00,3505.43,3508.37,3485.56,3491.44,13959.7515,2024-06-22 19:59:59.999,48823813.390862,45227,5624.7292,19676257.492385,0
2024-06-22 20:00:00,3491.44,3507.86,3485.8,3495.75,9855.9275,2024-06-22 23:59:59.999,34485489.667234,33190,5086.0355,17798472.697953,0
2024-06-23 00:00:00,3495.76,3519.0,3494.67,3519.0,14289.8809,2024-06-23 03:59:59.999,50143656.481388,35868,8514.1064,29877765.923822,0
2024-06-23 04:00:00,3518.99,3521.45,3506.63,3512.5,9763.1021,2024-06-23 07:59:59.999,34303506.159036,31604,4544.6736,15969170.923496,0
2024-06-23 08:00:00,3512.49,3513.0,3488.2,3498.29,18175.411,2024-06-23 11:59:59.999,63628080.996251,38907,8919.8281,31224007.672375,0
2024-06-23 12:00:00,3498.29,3504.62,3471.82,3474.54,26491.4608,2024-06-23 15:59:59.999,92409298.947171,68032,13250.5841,46220262.514507,0
2024-06-23 16:00:00,3474.54,3482.4,3461.38,3479.93,18541.0352,2024-06-23 19:59:59.999,64401168.837695,52836,9482.3886,32937274.083912,0
2024-06-23 20:00:00,3479.93,3480.12,3406.38,3420.91,46150.5404,2024-06-23 23:59:59.999,158318827.634899,111432,22755.8878,78036335.710583,0
2024-06-24 00:00:00,3420.91,3435.76,3387.05,3402.81,50128.5048,2024-06-24 03:59:59.999,171213718.594064,126556,25658.989,87658724.730222,0
2024-06-24 04:00:00,3402.82,3413.56,3354.22,3369.19,58893.4861,2024-06-24 07:59:59.999,198845496.883321,147439,30696.7561,103645126.750632,0
2024-06-24 08:00:00,3369.2,3394.36,3240.0,3321.19,160169.3219,2024-06-24 11:59:59.999,531659241.15635693,321379,74162.2768,246215663.501213,0
2024-06-24 12:00:00,3321.18,3337.07,3261.72,3280.3,96661.7814,2024-06-24 15:59:59.999,319492134.301895,190517,45453.7256,150338474.071383,0
2024-06-24 16:00:00,3280.31,3314.9,3242.44,3293.07,102398.4262,2024-06-24 19:59:59.999,336097543.626138,248519,48903.1651,160560350.326332,0
2024-06-24 20:00:00,3293.06,3363.18,3256.35,3352.73,75118.9025,2024-06-24 23:59:59.999,249738823.403444,188379,37725.4926,125405812.544981,0
2024-06-25 00:00:00,3352.74,3386.25,3336.76,3371.61,40978.574,2024-06-25 03:59:59.999,137683912.13333,121383,20351.7824,68383111.713939,0
2024-06-25 04:00:00,3371.62,3394.92,3357.01,3361.0,37133.9505,2024-06-25 07:59:59.999,125423136.613867,134657,18333.2984,61925576.184838,0
2024-06-25 08:00:00,3361.0,3394.31,3345.79,3376.01,34837.6718,2024-06-25 11:59:59.999,117461877.10807,92931,16952.544,57172070.271245,0
2024-06-25 12:00:00,3376.0,3425.37,3358.2,3419.6,72423.3215,2024-06-25 15:59:59.999,245990269.939534,157298,38481.5969,130703899.323755,0
2024-06-25 16:00:00,3419.6,3430.88,3381.68,3415.66,36920.3828,2024-06-25 19:59:59.999,125733038.313481,102748,19400.4896,66077550.957956,0
2024-06-25 20:00:00,3415.67,3418.84,3388.88,3394.91,17742.323,2024-06-25 23:59:59.999,60437792.735918,45285,9416.4846,32083798.271173,0
2024-06-26 00:00:00,3394.91,3426.75,3385.22,3395.15,26819.52,2024-06-26 03:59:59.999,91293996.91205,68049,13231.5382,45052517.975083,0
2024-06-26 04:00:00,3395.15,3406.0,3376.81,3401.8,26669.2503,2024-06-26 07:59:59.999,90412615.998797,65015,13991.5827,47438477.367249,0
2024-06-26 08:00:00,3401.8,3402.85,3366.37,3381.44,31946.3772,2024-06-26 11:59:59.999,107957248.397475,69590,15061.9331,50892729.632346,0
2024-06-26 12:00:00,3381.44,3396.53,3346.0,3361.69,38271.455,2024-06-26 15:59:59.999,129054701.658872,96930,20327.0832,68555375.620806,0
2024-06-26 16:00:00,3361.68,3410.0,3325.01,3408.08,57919.9768,2024-06-26 19:59:59.999,194867783.772495,157221,33592.3449,113012586.762226,0
2024-06-26 20:00:00,3408.08,3417.43,3367.15,3371.44,25322.7625,2024-06-26 23:59:59.999,85789472.536439,61922,12122.4552,41072488.785779,0
2024-06-27 00:00:00,3371.77,3393.0,3361.74,3383.8,21306.96,2024-06-27 03:59:59.999,71988211.801864,54038,11535.5535,38971307.748485,0
2024-06-27 04:00:00,3383.79,3388.41,3366.05,3374.98,22096.4472,2024-06-27 07:59:59.999,74585412.767537,64218,11185.0599,37759964.953407,0
2024-06-27 08:00:00,3374.98,3414.05,3368.7,3403.46,41795.5588,2024-06-27 11:59:59.999,141878364.766848,89476,25029.1433,84974184.849237,0
2024-06-27 12:00:00,3403.46,3477.0,3403.45,3452.75,73901.3411,2024-06-27 15:59:59.999,254683622.200157,192797,40309.1647,138897580.897416,0
2024-06-27 16:00:00,3452.75,3467.5,3439.0,3449.79,24220.9756,2024-06-27 19:59:59.999,83657658.509631,78794,11543.5463,39872983.104359,0
2024-06-27 20:00:00,3449.78,3455.06,3440.53,3450.44,17720.3782,2024-06-27 23:59:59.999,61104022.099377,51374,8784.4243,30289766.35248,0
2024-06-28 00:00:00,3450.44,3487.7,3435.95,3460.5,35716.2271,2024-06-28 03:59:59.999,123666214.003054,132972,19752.0451,68409508.787811,0
2024-06-28 04:00:00,3460.5,3461.07,3427.01,3431.82,26966.7465,2024-06-28 07:59:59.999,92962587.30644,102823,14122.2052,48677768.94878,0
2024-06-28 08:00:00,3431.82,3461.39,3420.24,3452.78,30450.9048,2024-06-28 11:59:59.999,104776087.007778,101992,18125.3051,62372584.572252,0
2024-06-28 12:00:00,3452.79,3476.73,3403.06,3413.61,67543.456,2024-06-28 15:59:59.999,232278932.938759,297832,35905.4451,123522187.349452,0
2024-06-28 16:00:00,3413.6,3416.6,3365.22,3379.74,44208.0751,2024-06-28 19:59:59.999,149807337.451334,216947,20849.7094,70652735.869751,0
2024-06-28 20:00:00,3379.74,3394.15,3368.73,3380.15,16748.934,2024-06-28 23:59:59.999,56625622.322143,81995,9110.0572,30798655.53297,0
2024-06-29 00:00:00,3380.15,3399.98,3380.01,3386.07,17745.9808,2024-06-29 03:59:59.999,60148535.606011,66001,9377.5416,31784770.220154,0
2024-06-29 04:00:00,3386.06,3408.32,3381.56,3399.72,18952.9595,2024-06-29 07:59:59.999,64321582.690042,60225,11205.2922,38024287.496075,0
2024-06-29 08:00:00,3399.72,3406.05,3387.2,3400.45,15348.806,2024-06-29 11:59:59.999,52121641.422108,61456,8659.6424,29408556.111825,0
2024-06-29 12:00:00,3400.45,3403.2,3383.0,3394.62,12952.0566,2024-06-29 15:59:59.999,43925062.240426,73817,6653.1223,22563297.533991,0
2024-06-29 16:00:00,3394.62,3396.53,3376.81,3387.02,9707.3365,2024-06-29 19:59:59.999,32872527.861781,50076,4888.8885,16556830.188628,0
2024-06-29 20:00:00,3387.02,3389.71,3371.86,3378.8,13622.6257,2024-06-29 23:59:59.999,46078823.42535,54180,6638.9098,22456886.757859,0
2024-06-30 00:00:00,3378.8,3389.61,3352.66,3371.28,23491.9778,2024-06-30 03:59:59.999,79212959.260861,100767,12645.0426,42650798.608076,0
2024-06-30 04:00:00,3371.28,3400.0,3358.49,3394.03,20690.4836,2024-06-30 07:59:59.999,69967023.667151,94147,12213.2215,41308626.087428,0
2024-06-30 08:00:00,3394.03,3399.38,3386.02,3389.19,16477.0951,2024-06-30 11:59:59.999,55912655.503725,67049,9016.9336,30599315.410399,0
2024-06-30 12:00:00,3389.19,3404.88,3379.81,3399.8,22547.9265,2024-06-30 15:59:59.999,76553203.665297,80389,13270.321,45055775.610456,0
2024-06-30 16:00:00,3399.81,3434.0,3391.99,3428.41,25398.4021,2024-06-30 19:59:59.999,86704647.140435,87639,15495.5262,52906533.206876,0
2024-06-30 20:00:00,3428.4,3460.0,3408.96,3438.16,32615.7334,2024-06-30 23:59:59.999,112140783.884013,127079,17536.9516,60317887.146889,0
2024-07-01 00:00:00,3438.16,3524.94,3432.55,3498.23,68223.5035,2024-07-01 03:59:59.999,238187280.881084,215042,39923.0168,139356231.366723,0
2024-07-01 04:00:00,3498.23,3499.73,3484.44,3490.58,28424.9548,2024-07-01 07:59:59.999,99195092.047904,86656,15174.8316,52952024.524538,0
2024-07-01 08:00:00,3490.59,3495.0,3457.59,3459.6,35063.7579,2024-07-01 11:59:59.999,121936844.018849,126076,17461.0684,60722857.912322,0
2024-07-01 12:00:00,3459.61,3481.27,3453.0,3474.35,36567.9235,2024-07-01 15:59:59.999,126799703.281319,176376,19678.3507,68237682.788809,0
2024-07-01 16:00:00,3474.35,3499.0,3462.09,3471.47,31603.3766,2024-07-01 19:59:59.999,109922237.830628,147091,16826.9662,58543290.104992,0
2024-07-01 20:00:00,3471.47,3475.91,3423.78,3442.2,24389.6959,2024-07-01 23:59:59.999,84070942.148439,102861,11980.7063,41284551.090771,0
2024-07-02 00:00:00,3442.2,3464.12,3434.02,3457.03,17046.9388,2024-07-02 03:59:59.999,58790371.140643,83086,9524.8547,32852854.838244,0
2024-07-02 04:00:00,3457.03,3463.95,3434.17,3439.0,22849.472,2024-07-02 07:59:59.999,78823463.363067,88678,9805.27,33832659.80145,0
2024-07-02 08:00:00,3439.01,3454.73,3431.6,3453.26,19840.984,2024-07-02 11:59:59.999,68367740.816574,85848,10599.7469,36527187.847096,0
2024-07-02 12:00:00,3453.26,3462.5,3402.0,3415.65,44961.2764,2024-07-02 15:59:59.999,154170497.273049,215536,21276.6896,72983637.913163,0
2024-07-02 16:00:00,3415.66,3433.65,3408.89,3415.37,18180.9348,2024-07-02 19:59:59.999,62180146.422281,89112,9127.5421,31216898.753046,0
2024-07-02 20:00:00,3415.38,3428.58,3413.39,3421.35,15053.0954,2024-07-02 23:59:59.999,51521436.506708,61460,7948.6551,27204657.550462,0
2024-07-03 00:00:00,3421.35,3432.1,3331.23,3360.33,56476.8025,2024-07-03 03:59:59.999,190977172.358127,252034,23021.3858,77866876.596103,0
2024-07-03 04:00:00,3360.34,3373.2,3352.2,3352.2,20526.974,2024-07-03 07:59:59.999,69020012.222236,108134,9880.1558,33224817.452072,0
2024-07-03 08:00:00,3352.21,3356.98,3281.63,3307.5,72972.726,2024-07-03 11:59:59.999,242430106.475354,297177,33993.2522,112930066.568736,0
2024-07-03 12:00:00,3307.51,3326.36,3275.48,3304.26,61775.2472,2024-07-03 15:59:59.999,204030131.626789,307334,28798.8787,95130417.114624,0
2024-07-03 16:00:00,3304.16,3322.09,3254.49,3266.29,70449.3809,2024-07-03 19:59:59.999,232026160.515903,261463,32724.6936,107773792.653506,0
2024-07-03 20:00:00,3266.2,3306.17,3251.0,3295.48,28207.3204,2024-07-03 23:59:59.999,92557059.749836,152360,14794.3062,48551429.481695,0
2024-07-04 00:00:00,3295.49,3313.45,3155.0,3243.2,110045.1383,2024-07-04 03:59:59.999,355503332.637584,444871,50035.4235,161690603.560552,0
2024-07-04 04:00:00,3243.2,3246.28,3170.22,3182.21,54262.3513,2024-07-04 07:59:59.999,174056792.40116,245169,23169.7048,74298421.119607,0
2024-07-04 08:00:00,3182.21,3195.99,3126.6,3159.45,85869.0158,2024-07-04 11:59:59.999,271229834.227176,380835,39219.9908,123882562.609153,0
2024-07-04 12:00:00,3159.45,3160.8,3088.25,3138.79,108884.6249,2024-07-04 15:59:59.999,339725419.552116,449977,48382.6938,150979926.11238,0
2024-07-04 16:00:00,3138.79,3152.64,3113.18,3133.82,40600.7709,2024-07-04 19:59:59.999,127269345.856111,165391,19297.4001,60502924.124357,0
2024-07-04 20:00:00,3133.83,3169.79,3050.34,3059.7,50740.668,2024-07-04 23:59:59.999,157575333.605252,212655,22031.1553,68460497.220757,0
2024-07-05 00:00:00,3059.7,3110.0,2890.0,2920.99,289984.2983,2024-07-05 03:59:59.999,865050021.870541,937053,128747.4738,384442120.004494,0
2024-07-05 04:00:00,2920.99,2928.47,2810.0,2882.21,253999.8044,2024-07-05 07:59:59.999,730511893.6616739,705136,109614.0189,315191851.22545,0
2024-07-05 08:00:00,2882.21,2956.93,2820.0,2947.42,143768.5871,2024-07-05 11:59:59.999,415519652.172856,465023,72174.3864,208720213.81877,0
2024-07-05 12:00:00,2947.42,3005.42,2922.7,2990.99,115166.3226,2024-07-05 15:59:59.999,341022665.86965,427789,58106.5229,172108038.543729,0
2024-07-05 16:00:00,2990.99,3001.63,2958.15,2987.99,60768.6971,2024-07-05 19:59:59.999,181148975.5304,294929,25441.359,75855564.3989,0
2024-07-05 20:00:00,2987.98,2993.2,2963.86,2981.78,23306.6658,2024-07-05 23:59:59.999,69439885.358263,137194,10660.7707,31764076.626557,0
2024-07-06 00:00:00,2981.79,3026.45,2955.06,2980.01,39909.0097,2024-07-06 03:59:59.999,119064095.237181,217724,18116.8384,54050721.416682,0
2024-07-06 04:00:00,2980.0,3016.37,2961.65,3004.69,33024.5438,2024-07-06 07:59:59.999,98796345.489794,151856,17085.514,51111710.768173,0
2024-07-06 08:00:00,3004.69,3016.0,2985.06,3005.65,44828.7897,2024-07-06 11:59:59.999,134442537.603862,194535,25852.4075,77501207.856062,0
2024-07-06 12:00:00,3005.66,3030.0,2989.49,3020.0,33557.5287,2024-07-06 15:59:59.999,100968834.053502,175764,16898.6669,50867755.095992,0
2024-07-06 16:00:00,3020.0,3065.94,3016.31,3058.21,40135.8109,2024-07-06 19:59:59.999,122328035.321379,173443,22382.2292,68228375.55111,0
2024-07-06 20:00:00,3058.2,3081.78,3056.47,3066.83,23032.2885,2024-07-06 23:59:59.999,70645190.769427,142140,12627.165,38735083.323408,0
2024-07-07 00:00:00,3066.83,3073.08,3039.4,3050.76,23898.9918,2024-07-07 03:59:59.999,72986144.469766,121224,10316.0223,31502739.84135,0
2024-07-07 04:00:00,3050.76,3050.77,2993.51,3004.42,29985.9767,2024-07-07 07:59:59.999,90678451.661421,127334,13799.6167,41734194.28312,0
2024-07-07 08:00:00,3004.42,3032.18,3004.12,3015.51,19843.9563,2024-07-07 11:59:59.999,59790814.670384,97123,10641.1079,32061611.093804,0
2024-07-07 12:00:00,3015.52,3024.05,2955.12,2970.99,41810.4444,2024-07-07 15:59:59.999,124501722.804121,210769,19576.0355,58284721.832349,0
2024-07-07 16:00:00,2970.99,3009.58,2963.89,2985.19,21260.5898,2024-07-07 19:59:59.999,63541677.52152,116316,10166.2138,30381410.566995,0
2024-07-07 20:00:00,2985.2,3000.72,2922.24,2931.0,43092.8022,2024-07-07 23:59:59.999,127256218.332667,205941,22020.9153,65033219.222368,0
2024-07-08 00:00:00,2930.99,2951.89,2822.8,2879.71,111600.3586,2024-07-08 03:59:59.999,320328105.170956,521851,51582.5405,148098710.147147,0
2024-07-08 04:00:00,2879.71,2932.79,2875.22,2927.0,40517.0278,2024-07-08 07:59:59.999,117951125.406526,263897,18938.5638,55135911.742403,0
2024-07-08 08:00:00,2927.02,3097.06,2922.71,3053.97,118196.4132,2024-07-08 11:59:59.999,358752436.812087,439346,59423.6914,180316393.601335,0
2024-07-08 12:00:00,3053.98,3064.71,2890.0,2969.21,156027.0736,2024-07-08 15:59:59.999,465954247.36018497,583166,75872.9286,226532777.736743,0
2024-07-08 16:00:00,2969.21,3009.88,2945.4,3004.59,38601.6244,2024-07-08 19:59:59.999,115016113.081539,256218,20074.2575,59850271.327478,0
2024-07-08 20:00:00,3004.6,3046.0,2981.82,3019.01,35502.5129,2024-07-08 23:59:59.999,106922105.997361,158462,20507.4365,61768562.346787,0
2024-07-09 00:00:00,3019.01,3076.74,3004.0,3064.45,51172.7521,2024-07-09 03:59:59.999,155702176.944181,260811,28226.6199,85928991.902756,0
2024-07-09 04:00:00,3064.45,3090.38,3054.14,3061.93,39909.1489,2024-07-09 07:59:59.999,122578196.715051,219602,20454.7568,62832177.685302,0
2024-07-09 08:00:00,3061.94,3115.2,3054.99,3083.47,41048.4455,2024-07-09 11:59:59.999,126713676.254534,210849,21441.2057,66212429.503136,0
2024-07-09 12:00:00,3083.45,3108.72,3031.06,3067.83,72995.9956,2024-07-09 15:59:59.999,223874575.989171,359846,37912.761,116294591.808381,0
2024-07-09 16:00:00,3067.83,3089.34,3046.99,3068.99,53707.8018,2024-07-09 19:59:59.999,164771815.483828,219986,31186.6397,95694776.927374,0
2024-07-09 20:00:00,3069.0,3079.2,3046.32,3066.65,21523.9985,2024-07-09 23:59:59.999,65927306.277162,106035,9470.1662,29010171.71501,0
2024-07-10 00:00:00,3066.65,3082.46,3024.0,3080.0,29726.4409,2024-07-10 03:59:59.999,90780823.084926,170990,14167.9785,43293591.112679,0
2024-07-10 04:00:00,3080.0,3129.89,3080.0,3097.08,54747.9557,2024-07-10 07:59:59.999,170047561.374689,294990,24910.1004,77376848.668227,0
2024-07-10 08:00:00,3097.07,3109.1,3078.43,3102.22,27639.2203,2024-07-10 11:59:59.999,85489690.242695,164325,13001.8283,40217397.998202,0
2024-07-10 12:00:00,3102.22,3129.61,3077.76,3122.76,77648.5786,2024-07-10 15:59:59.999,241221263.403674,329561,41604.9578,129256204.467546,0
2024-07-10 16:00:00,3122.76,3151.51,3090.17,3107.03,49062.5774,2024-07-10 19:59:59.999,153065763.566508,222213,25091.1963,78304372.300169,0
2024-07-10 20:00:00,3107.03,3112.1,3080.21,3101.05,32002.3115,2024-07-10 23:59:59.999,99125557.70046,114139,15827.81,49026170.257753,0
2024-07-11 00:00:00,3101.06,3130.0,3054.76,3077.2,34911.342,2024-07-11 03:59:59.999,108000903.250876,203097,16739.5914,51776744.529575,0
2024-07-11 04:00:00,3077.2,3124.15,3073.99,3118.22,22671.2036,2024-07-11 07:59:59.999,70309449.055946,117768,13497.3506,41861500.252002,0
2024-07-11 08:00:00,3118.22,3156.93,3114.52,3147.04,40591.5006,2024-07-11 11:59:59.999,127384115.761603,190040,21603.3758,67796639.578887,0
2024-07-11 12:00:00,3147.04,3217.24,3104.52,3117.95,116955.8929,2024-07-11 15:59:59.999,370407161.702242,511176,59326.4245,187948577.950985,0
2024-07-11 16:00:00,3117.95,3148.58,3097.3,3107.11,43267.1929,2024-07-11 19:59:59.999,135366010.830912,207035,20637.0188,64595639.418115,0
2024-07-11 20:00:00,3107.11,3123.7,3086.0,3099.57,30832.188,2024-07-11 23:59:59.999,95662348.620517,183915,16930.9757,52530808.418136,0
2024-07-12 00:00:00,3099.57,3117.92,3055.11,3085.74,32384.1963,2024-07-12 03:59:59.999,100067062.4962,238661,15780.1837,48772790.302893,0
2024-07-12 04:00:00,3085.62,3098.67,3057.87,3072.3,20230.5029,2024-07-12 07:59:59.999,62282103.467345,135403,9922.8782,30552435.570334,0
2024-07-12 08:00:00,3072.3,3086.24,3045.58,3070.0,32506.8939,2024-07-12 11:59:59.999,99665221.728328,172410,15886.1447,48713883.754961,0
2024-07-12 12:00:00,3070.0,3139.74,3057.58,3131.34,42632.5813,2024-07-12 15:59:59.999,132236948.81552,228004,23590.6067,73163289.348465,0
2024-07-12 16:00:00,3131.34,3157.89,3112.47,3116.1,32682.231,2024-07-12 19:59:59.999,102545427.200291,187054,16397.4176,51452650.374274,0
2024-07-12 20:00:00,3116.1,3135.4,3090.0,3133.88,25308.7771,2024-07-12 23:59:59.999,78802759.142979,133383,13828.8944,43075665.112729,0
2024-07-13 00:00:00,3133.89,3140.4,3120.3,3120.94,14045.7686,2024-07-13 03:59:59.999,43941127.687795,72387,6837.0081,21391114.969147,0
2024-07-13 04:00:00,3120.95,3142.62,3113.37,3140.21,15588.5675,2024-07-13 07:59:59.999,48811187.601372,75578,8516.984,26669268.324701,0
2024-07-13 08:00:00,3140.2,3171.0,3128.99,3156.84,28706.7349,2024-07-13 11:59:59.999,90552712.421301,121076,14791.1165,46661266.221852,0
2024-07-13 12:00:00,3156.84,3165.67,3140.94,3154.87,18763.0676,2024-07-13 15:59:59.999,59167881.657642,94887,8702.2928,27442067.58044,0
2024-07-13 16:00:00,3154.86,3165.32,3146.85,3163.75,11736.4726,2024-07-13 19:59:59.999,37029352.438017,77596,5721.168,18051026.675388,0
2024-07-13 20:00:00,3163.75,3201.8,3144.26,3175.93,30461.8657,2024-07-13 23:59:59.999,96834706.977166,149767,15937.56,50678696.83941,0
2024-07-14 00:00:00,3175.93,3193.61,3163.67,3172.75,23189.3613,2024-07-14 03:59:59.999,73712140.046798,118343,10562.5464,33580406.284259,0
2024-07-14 04:00:00,3172.74,3206.7,3171.22,3195.4,31503.902,2024-07-14 07:59:59.999,100616565.260919,156991,15274.0303,48779063.205885,0
2024-07-14 08:00:00,3195.4,3225.13,3195.4,3202.84,29415.9314,2024-07-14 11:59:59.999,94383310.82942,140011,13925.0296,44681511.838539,0
2024-07-14 12:00:00,3202.85,3204.48,3173.68,3190.48,24709.3054,2024-07-14 15:59:59.999,78801899.064055,130358,11030.7828,35183419.887458,0
2024-07-14 16:00:00,3190.47,3197.9,3183.31,3190.9,15171.9991,2024-07-14 19:59:59.999,48394485.200922,63223,7293.5487,23264796.232021,0
2024-07-14 20:00:00,3190.9,3268.72,3190.24,3245.08,41440.2724,2024-07-14 23:59:59.999,134295616.767297,183932,25093.8764,81331113.873724,0
2024-07-15 00:00:00,3245.2,3342.19,3233.22,3329.37,62167.7706,2024-07-15 03:59:59.999,205014991.425274,322688,33558.0931,110672291.855928,0
2024-07-15 04:00:00,3329.37,3369.42,3320.78,3355.95,52045.5258,2024-07-15 07:59:59.999,174033807.459409,272517,27048.3833,90447980.082151,0
2024-07-15 08:00:00,3355.96,3373.0,3328.0,3339.68,35902.2987,2024-07-15 11:59:59.999,120253694.052165,191169,16539.9164,55408951.549447,0
2024-07-15 12:00:00,3339.68,3393.69,3333.33,3367.83,41384.83,2024-07-15 15:59:59.999,139135187.31504,238357,21251.2973,71463415.302192,0
2024-07-15 16:00:00,3367.82,3431.92,3358.21,3406.0,64769.2902,2024-07-15 19:59:59.999,219903647.147692,322838,31958.7741,108533922.654309,0
2024-07-15 20:00:00,3406.0,3493.63,3403.21,3483.39,58027.1299,2024-07-15 23:59:59.999,200406309.888686,269707,31403.7216,108451944.078741,0
2024-07-16 00:00:00,3483.2,3498.59,3453.96,3469.51,43190.2791,2024-07-16 03:59:59.999,149921644.586307,210384,21797.5667,75671919.071721,0
2024-07-16 04:00:00,3469.51,3478.52,3372.2,3376.8,85385.3345,2024-07-16 07:59:59.999,291740725.97297,377141,41881.8192,143057299.946977,0
2024-07-16 08:00:00,3376.8,3425.0,3346.55,3419.79,52731.1967,2024-07-16 11:59:59.999,178683865.810232,279825,27478.1758,93123344.576469,0
2024-07-16 12:00:00,3419.78,3484.73,3375.6,3476.25,72924.2562,2024-07-16 15:59:59.999,249965843.820899,370958,39643.4184,136024110.982796,0
2024-07-16 16:00:00,3476.21,3494.38,3441.61,3474.4,75353.5961,2024-07-16 19:59:59.999,261013428.784129,258858,37843.7256,131073092.792223,0
2024-07-16 20:00:00,3474.4,3475.0,3414.31,3444.13,46544.1243,2024-07-16 23:59:59.999,160087040.963229,139391,25303.1766,87011472.340969,0
2024-07-17 00:00:00,3444.14,3517.0,3441.86,3480.25,63187.5187,2024-07-17 03:59:59.999,220042169.634861,204746,37812.7389,131664349.133386,0
2024-07-17 04:00:00,3480.25,3514.54,3471.99,3486.22,44337.3766,2024-07-17 07:59:59.999,154903956.727025,187267,25714.0693,89848584.226174,0
2024-07-17 08:00:00,3486.23,3500.0,3440.96,3449.03,56767.5254,2024-07-17 11:59:59.999,197169123.159845,235249,32435.2329,112700586.149137,0
2024-07-17 12:00:00,3449.03,3475.5,3432.49,3437.17,52698.6235,2024-07-17 15:59:59.999,182144370.294601,269291,31590.6527,109196021.373649,0
2024-07-17 16:00:00,3437.18,3438.92,3376.0,3416.79,55994.1642,2024-07-17 19:59:59.999,190771811.773913,235449,29536.6623,100646356.645583,0
2024-07-17 20:00:00,3416.79,3428.4,3385.5,3387.05,24827.3078,2024-07-17 23:59:59.999,84526777.046549,153613,11145.1626,37942444.222408,0
2024-07-18 00:00:00,3387.05,3441.49,3383.43,3431.4,37282.1827,2024-07-18 03:59:59.999,127383493.092773,210629,19647.3175,67147150.610298,0
2024-07-18 04:00:00,3431.4,3454.08,3408.95,3433.0,30323.182,2024-07-18 07:59:59.999,104042865.43138,143270,16736.4137,57440080.353737,0
2024-07-18 08:00:00,3433.0,3461.01,3431.34,3458.83,36230.4199,2024-07-18 11:59:59.999,124887616.318859,149215,19807.5139,68291860.957905,0
2024-07-18 12:00:00,3458.83,3489.98,3385.01,3389.28,71240.042,2024-07-18 15:59:59.999,245279263.376775,338253,35686.8935,122950750.879242,0
2024-07-18 16:00:00,3389.29,3424.24,3367.2,3405.6,51836.371,2024-07-18 19:59:59.999,176435702.416916,240478,28667.1405,97617692.405389,0
2024-07-18 20:00:00,3405.59,3437.3,3397.44,3426.5,15038.1481,2024-07-18 23:59:59.999,51474542.130309,83598,8393.465,28731620.667086,0
2024-07-19 00:00:00,3426.49,3432.92,3384.04,3429.59,31002.0002,2024-07-19 03:59:59.999,105807129.261724,165902,15976.5344,54539824.0189,0
2024-07-19 04:00:00,3429.59,3450.5,3386.69,3391.59,40087.0717,2024-07-19 07:59:59.999,137062640.072216,181142,19993.3377,68364487.818537,0
2024-07-19 08:00:00,3391.59,3412.0,3377.0,3404.54,36661.6142,2024-07-19 11:59:59.999,124507264.200048,172233,17726.2746,60209174.556021,0
2024-07-19 12:00:00,3404.55,3474.99,3395.99,3465.0,76379.9615,2024-07-19 15:59:59.999,263127962.616723,341069,44724.8828,154173419.29814,0
2024-07-19 16:00:00,3465.0,3540.27,3464.99,3522.97,82209.5679,2024-07-19 19:59:59.999,287822066.383181,291839,44485.9751,155738302.967791,0
2024-07-19 20:00:00,3522.98,3525.96,3492.54,3503.53,33171.4267,2024-07-19 23:59:59.999,116397266.785404,110059,15562.64,54612251.807426,0
2024-07-20 00:00:00,3503.53,3508.49,3480.0,3495.01,25294.795,2024-07-20 03:59:59.999,88346572.392843,114917,12555.5059,43850400.124396,0
2024-07-20 04:00:00,3495.01,3508.18,3487.39,3487.4,24381.936,2024-07-20 07:59:59.999,85282757.984274,82031,11895.5957,41609517.315175,0
2024-07-20 08:00:00,3487.39,3494.59,3480.5,3484.81,19729.9081,2024-07-20 11:59:59.999,68776824.058445,81346,9040.8307,31518474.514158,0
2024-07-20 12:00:00,3484.81,3507.84,3481.2,3503.72,24138.4776,2024-07-20 15:59:59.999,84340644.046803,109397,11197.1118,39133435.906297,0
2024-07-20 16:00:00,3503.71,3539.65,3490.53,3514.45,40940.6088,2024-07-20 19:59:59.999,143963942.912016,202219,18610.3183,65448579.328013,0
2024-07-20 20:00:00,3514.44,3526.22,3500.2,3517.5,13025.091,2024-07-20 23:59:59.999,45793330.370818,77198,5839.9809,20532423.589491,0
2024-07-21 00:00:00,3517.5,3528.8,3503.7,3510.47,13607.9347,2024-07-21 03:59:59.999,47846020.096367,71633,6163.8246,21672240.072875,0
2024-07-21 04:00:00,3510.47,3513.6,3476.6,3485.01,22407.1774,2024-07-21 07:59:59.999,78248667.894453,91518,7714.3284,26946586.70609,0
2024-07-21 08:00:00,3485.0,3507.21,3483.8,3498.79,15423.6252,2024-07-21 11:59:59.999,53913718.756611,73508,8707.5913,30440696.656526,0
2024-07-21 12:00:00,3498.79,3517.1,3482.47,3499.95,26306.5045,2024-07-21 15:59:59.999,92134343.3049,134267,11776.8236,41258836.775037,0
2024-07-21 16:00:00,3499.95,3526.12,3411.4,3490.72,90344.3959,2024-07-21 19:59:59.999,313451396.32028,379679,41873.1959,145287521.556707,0
2024-07-21 20:00:00,3490.72,3547.0,3482.6,3535.92,50801.3279,2024-07-21 23:59:59.999,178766096.228563,210717,27437.8261,96602251.744054,0
2024-07-22 00:00:00,3535.93,3562.82,3515.27,3517.33,34508.7552,2024-07-22 03:59:59.999,122013378.104413,163852,17083.2677,60423062.748593,0
2024-07-22 04:00:00,3517.34,3523.58,3459.6,3478.89,36911.2107,2024-07-22 07:59:59.999,128848068.154065,180412,15464.2121,53985273.012096,0
2024-07-22 08:00:00,3478.9,3503.85,3469.0,3500.31,20343.0402,2024-07-22 11:59:59.999,70921818.171662,138700,11221.8964,39130829.387684,0
2024-07-22 12:00:00,3500.3,3507.35,3435.6,3457.15,51488.7864,2024-07-22 15:59:59.999,178605216.362125,285684,22545.9902,78261571.874757,0
2024-07-22 16:00:00,3457.15,3498.63,3444.86,3498.14,26567.2598,2024-07-22 19:59:59.999,92159744.278263,146920,13834.7059,48001120.452814,0
2024-07-22 20:00:00,3498.18,3499.53,3422.34,3439.6,38040.452,2024-07-22 23:59:59.999,131569099.098594,154194,16749.8465,57939347.020576,0
2024-07-23 00:00:00,3439.61,3490.14,3435.43,3474.99,43702.0655,2024-07-23 03:59:59.999,151791253.500268,189603,24376.0015,84645025.705069,0
2024-07-23 04:00:00,3474.99,3483.45,3425.0,3454.84,51045.7694,2024-07-23 07:59:59.999,175989881.179744,229398,24969.0577,86092157.738805,0
2024-07-23 08:00:00,3454.85,3541.0,3452.09,3516.0,106597.3643,2024-07-23 11:59:59.999,374381247.222536,350759,61514.9377,216068290.297737,0
2024-07-23 12:00:00,3516.01,3518.8,3429.59,3454.38,125107.7628,2024-07-23 15:59:59.999,434073685.083018,402174,63825.8135,221470719.902038,0
2024-07-23 16:00:00,3454.38,3496.49,3389.0,3457.03,109045.3008,2024-07-23 19:59:59.999,375448991.576428,304349,57658.4227,198571310.864902,0
2024-07-23 20:00:00,3457.03,3500.0,3454.94,3482.51,65070.5183,2024-07-23 23:59:59.999,226292464.460792,141338,38314.0993,133228464.958306,0
2024-07-24 00:00:00,3482.51,3487.82,3427.4,3448.36,51607.5929,2024-07-24 03:59:59.999,178270182.03422,146092,25383.5775,87672489.326467,0
2024-07-24 04:00:00,3448.36,3451.74,3429.61,3446.69,22627.1401,2024-07-24 07:59:59.999,77858460.708625,89301,12626.7066,43452623.137241,0
2024-07-24 08:00:00,3446.69,3472.33,3443.17,3459.63,28795.0939,2024-07-24 11:59:59.999,99635856.310791,100387,15490.6641,53603628.121995,0
2024-07-24 12:00:00,3459.63,3471.54,3409.01,3414.87,60536.0716,2024-07-24 15:59:59.999,208322505.212712,222695,28229.6103,97184354.043115,0
2024-07-24 16:00:00,3414.87,3432.4,3357.4,3363.0,46904.3022,2024-07-24 19:59:59.999,159251695.948176,207133,21259.101,72214537.374025,0
2024-07-24 20:00:00,3362.99,3376.48,3300.0,3335.81,65008.8499,2024-07-24 23:59:59.999,216905366.283273,214675,32077.4465,107052975.884294,0
2024-07-25 00:00:00,3335.82,3342.5,3153.04,3168.3,162147.9909,2024-07-25 03:59:59.999,521890050.192674,534264,76334.3297,245484227.806449,0
2024-07-25 04:00:00,3168.31,3194.65,3130.0,3171.84,71301.3644,2024-07-25 07:59:59.999,226305713.740225,263862,33355.7589,105880109.611704,0
2024-07-25 08:00:00,3171.84,3187.8,3152.89,3172.5,46850.1646,2024-07-25 11:59:59.999,148506645.412386,231064,23399.1543,74180657.413681,0
2024-07-25 12:00:00,3172.49,3183.79,3105.35,3142.28,92866.4623,2024-07-25 15:59:59.999,292642944.478871,415213,47034.1566,148237815.809272,0
2024-07-25 16:00:00,3142.28,3172.75,3100.9,3123.88,56723.5005,2024-07-25 19:59:59.999,178074417.786226,319343,27248.2296,85583098.617473,0
2024-07-25 20:00:00,3123.88,3198.5,3087.53,3175.48,64393.1571,2024-07-25 23:59:59.999,203037416.573458,247781,31749.4321,100201547.255066,0
2024-07-26 00:00:00,3175.47,3259.89,3171.0,3236.21,71558.0382,2024-07-26 03:59:59.999,230116240.134526,300576,38885.5927,125085984.283496,0
2024-07-26 04:00:00,3236.21,3276.0,3233.01,3251.0,53845.3085,2024-07-26 07:59:59.999,175435253.032493,187419,24488.4645,79778815.301655,0
2024-07-26 08:00:00,3251.0,3263.76,3234.43,3246.86,34743.6662,2024-07-26 11:59:59.999,112933134.370449,138305,15979.0503,51944361.840485,0
2024-07-26 12:00:00,3246.87,3271.14,3221.43,3255.02,55971.9473,2024-07-26 15:59:59.999,181611145.926093,300290,27413.009,88959955.752808,0
2024-07-26 16:00:00,3255.02,3285.61,3242.62,3274.19,25068.6999,2024-07-26 19:59:59.999,81697284.014611,150960,12889.0895,42010625.627716,0
2024-07-26 20:00:00,3274.2,3286.36,3251.24,3274.61,19049.804,2024-07-26 23:59:59.999,62271713.246646,91696,9083.466,29697673.383139,0
2024-07-27 00:00:00,3274.6,3275.06,3241.31,3245.0,23403.5223,2024-07-27 03:59:59.999,76135886.903839,103960,9889.0746,32160990.458626,0
2024-07-27 04:00:00,3245.0,3277.8,3243.96,3272.31,16695.5656,2024-07-27 07:59:59.999,54451732.22342,78463,8527.1887,27812109.73013,0
2024-07-27 08:00:00,3272.31,3282.98,3262.92,3278.41,18484.5109,2024-07-27 11:59:59.999,60517643.041849,90446,9172.3361,30032965.494131,0
2024-07-27 12:00:00,3278.41,3327.59,3269.68,3280.97,57472.8296,2024-07-27 15:59:59.999,189650696.630315,247702,30426.9503,100403170.576522,0
2024-07-27 16:00:00,3280.97,3291.81,3227.09,3261.0,44410.9596,2024-07-27 19:59:59.999,144780900.060659,219960,24515.3636,79957587.168567,0
2024-07-27 20:00:00,3261.0,3294.5,3191.01,3249.01,71524.5157,2024-07-27 23:59:59.999,232394547.685733,336278,35527.4038,115504987.54286,0
2024-07-28 00:00:00,3249.0,3256.36,3225.73,3237.7,18479.6243,2024-07-28 03:59:59.999,59940904.007679,130821,9238.6302,29971776.316611,0
2024-07-28 04:00:00,3237.71,3244.3,3198.11,3227.69,22571.814,2024-07-28 07:59:59.999,72715352.790632,126484,10450.2637,33664380.306146,0
2024-07-28 08:00:00,3227.69,3265.72,3215.87,3256.46,18512.5133,2024-07-28 11:59:59.999,60072611.729146,107296,9842.3504,31954240.640568,0
2024-07-28 12:00:00,3256.46,3279.93,3254.31,3268.61,20423.3467,2024-07-28 15:59:59.999,66749949.488304,139600,11422.2757,37338221.23362,0
2024-07-28 16:00:00,3268.61,3284.3,3262.2,3271.85,12981.7418,2024-07-28 19:59:59.999,42489774.682818,91143,6887.8247,22548413.458972,0
2024-07-28 20:00:00,3271.85,3273.78,3251.08,3270.16,10560.7928,2024-07-28 23:59:59.999,34454210.023804,87084,4658.1344,15196316.452357,0
2024-07-29 00:00:00,3270.16,3356.7,3267.17,3348.98,56328.9402,2024-07-29 03:59:59.999,186792860.410778,280384,31546.7297,104613030.240682,0
2024-07-29 04:00:00,3348.98,3389.0,3339.86,3366.91,47550.5766,2024-07-29 07:59:59.999,159900384.893549,209299,23610.9034,79404272.958929,0
2024-07-29 08:00:00,3366.9,3396.77,3361.82,3375.0,33297.2724,2024-07-29 11:59:59.999,112613706.024184,154441,16217.2748,54856518.355232,0
2024-07-29 12:00:00,3375.01,3386.8,3290.0,3308.67,69835.2343,2024-07-29 15:59:59.999,233148998.97496,370348,33503.2787,111929200.237053,0
2024-07-29 16:00:00,3308.66,3324.19,3258.0,3311.02,68829.5419,2024-07-29 19:59:59.999,226646248.252668,317164,32515.2026,107106948.863335,0
2024-07-29 20:00:00,3311.03,3353.38,3309.23,3317.66,42629.9401,2024-07-29 23:59:59.999,141913981.521959,153262,22293.1815,74207959.870471,0
2024-07-30 00:00:00,3317.66,3337.94,3282.3,3321.0,41748.5862,2024-07-30 03:59:59.999,138250924.515304,239968,20889.7061,69194342.40456,0
2024-07-30 04:00:00,3321.0,3353.41,3298.12,3340.9,26383.0201,2024-07-30 07:59:59.999,87743460.921915,132183,12027.2766,40008468.369018,0
2024-07-30 08:00:00,3340.9,3355.5,3327.09,3334.65,22941.9785,2024-07-30 11:59:59.999,76598965.217919,131452,9871.7931,32964827.88582,0
2024-07-30 12:00:00,3334.66,3366.4,3291.6,3321.0,40077.5343,2024-07-30 15:59:59.999,133381737.833928,257969,17994.983,59922378.164425,0
2024-07-30 16:00:00,3321.0,3327.42,3260.0,3272.79,37527.1304,2024-07-30 19:59:59.999,123366490.90982,231726,17292.055,56855880.531755,0
2024-07-30 20:00:00,3272.79,3285.23,3233.18,3279.21,28598.9146,2024-07-30 23:59:59.999,93361648.397621,189941,12930.7704,42243959.862239,0
2024-07-31 00:00:00,3279.2,3304.89,3262.04,3294.01,19396.1899,2024-07-31 03:59:59.999,63730475.418501,153233,10272.7368,33761322.245442,0
2024-07-31 04:00:00,3294.01,3332.04,3262.49,3317.5,41437.6447,2024-07-31 07:59:59.999,136946244.203908,195766,23204.0587,76761828.629744,0
2024-07-31 08:00:00,3317.49,3326.98,3306.81,3322.87,21979.6077,2024-07-31 11:59:59.999,72912119.506041,120377,9973.6423,33088989.349772,0
2024-07-31 12:00:00,3322.88,3350.0,3297.85,3302.36,53208.2554,2024-07-31 15:59:59.999,176799447.91953,258881,24718.6902,82166324.673809,0
2024-07-31 16:00:00,3302.35,3326.79,3245.0,3266.19,51571.4412,2024-07-31 19:59:59.999,169762369.415905,345178,23876.1658,78628209.877444,0
2024-07-31 20:00:00,3266.19,3271.87,3213.75,3232.74,46118.1963,2024-07-31 23:59:59.999,149196618.482103,264557,20865.1311,67504224.737508,0
2024-08-01 00:00:00,3232.74,3242.57,3171.65,3178.22,53390.5476,2024-08-01 03:59:59.999,171054058.118103,331525,24261.0789,77731577.261694,0
2024-08-01 04:00:00,3178.22,3189.8,3136.47,3166.81,49372.2508,2024-08-01 07:59:59.999,156320249.697453,309067,22822.3297,72273122.200235,0
2024-08-01 08:00:00,3166.82,3194.23,3165.52,3188.39,23439.8597,2024-08-01 11:59:59.999,74629873.898026,137449,12837.5085,40872985.463749,0
2024-08-01 12:00:00,3188.39,3207.0,3102.4,3117.18,75856.1791,2024-08-01 15:59:59.999,239163064.903742,368105,33843.815,106729052.689349,0
2024-08-01 16:00:00,3117.18,3136.0,3080.02,3131.64,73912.6239,2024-08-01 19:59:59.999,229510181.485225,441758,33974.5144,105527678.651887,0
2024-08-01 20:00:00,3131.64,3219.34,3121.73,3203.4,47314.1494,2024-08-01 23:59:59.999,150244191.34993,247551,23776.0445,75518448.834874,0
2024-08-02 00:00:00,3203.4,3218.6,3136.41,3168.27,34860.9621,2024-08-02 03:59:59.999,110678968.215078,231325,16360.5168,51938041.172887,0
2024-08-02 04:00:00,3168.28,3175.52,3127.0,3147.42,29937.757,2024-08-02 07:59:59.999,94340395.485977,224398,15623.8172,49248268.787955,0
2024-08-02 08:00:00,3147.41,3166.95,3134.26,3153.73,29653.6551,2024-08-02 11:59:59.999,93507988.588726,175941,14361.8922,45293747.216168,0
2024-08-02 12:00:00,3153.73,3182.8,2985.13,3038.99,173912.4137,2024-08-02 15:59:59.999,533957421.86525106,666454,76622.744,235636369.904367,0
2024-08-02 16:00:00,3039.0,3048.59,2995.0,3011.64,55041.9854,2024-08-02 19:59:59.999,166439148.807223,394438,25829.9588,78139513.61368,0
2024-08-02 20:00:00,3011.64,3041.91,2967.0,2989.61,62297.2662,2024-08-02 23:59:59.999,186671004.552588,412169,29043.9987,87071422.533919,0
2024-08-03 00:00:00,2989.61,3003.53,2913.56,2982.5,68097.7841,2024-08-03 03:59:59.999,201228566.71543,403629,31790.7208,94007946.977325,0
2024-08-03 04:00:00,2982.49,2996.63,2961.04,2983.9,27043.971,2024-08-03 07:59:59.999,80586262.030059,130991,13428.9677,40018111.611461,0
2024-08-03 08:00:00,2983.81,3006.64,2974.5,2997.21,30768.4215,2024-08-03 11:59:59.999,91928865.56242,142987,12345.596,36883523.887785,0
2024-08-03 12:00:00,2997.2,3018.02,2938.88,2942.4,39003.7122,2024-08-03 15:59:59.999,116558199.312312,234253,15900.2572,47562294.950958,0
2024-08-03 16:00:00,2942.4,2955.39,2878.0,2893.53,119955.4009,2024-08-03 19:59:59.999,349666228.762657,573215,50107.9426,146090629.925123,0
2024-08-03 20:00:00,2893.53,2922.41,2859.0,2903.64,59726.026,2024-08-03 23:59:59.999,173052670.369205,312942,27968.2039,81086921.972598,0
2024-08-04 00:00:00,2903.65,2935.46,2876.22,2915.78,32211.267,2024-08-04 03:59:59.999,93697021.416004,202806,16023.2876,46615583.806844,0
2024-08-04 04:00:00,2915.79,2922.0,2888.0,2893.24,25281.2304,2024-08-04 07:59:59.999,73481416.713878,130261,11936.8553,34687551.02077,0
2024-08-04 08:00:00,2893.24,2925.0,2876.93,2914.22,23191.0524,2024-08-04 11:59:59.999,67389072.780491,143995,10418.2434,30278252.068145,0
2024-08-04 12:00:00,2914.22,2925.8,2819.5,2826.98,88217.1839,2024-08-04 15:59:59.999,252660742.051934,394023,37218.4996,106688468.696482,0
2024-08-04 16:00:00,2827.0,2837.96,2630.0,2757.55,271340.6928,2024-08-04 19:59:59.999,743386693.3233981,937098,129861.2806,355849052.247996,0
2024-08-04 20:00:00,2757.55,2772.74,2681.04,2688.92,71822.8347,2024-08-04 23:59:59.999,196169610.157038,376577,30105.8158,82283941.900738,0
2024-08-05 00:00:00,2688.91,2697.44,2111.0,2312.72,935014.2509,2024-08-05 03:59:59.999,2204124687.376566,2223114,435601.0749,1024838395.659549,0
2024-08-05 04:00:00,2312.72,2386.44,2160.0,2357.55,603396.4171,2024-08-05 07:59:59.999,1381960918.900854,1483610,293009.0187,671535815.730206,0
2024-08-05 08:00:00,2357.54,2362.24,2224.22,2290.57,321924.8795,2024-08-05 11:59:59.999,736889416.559338,1001703,157875.4295,361478851.281724,0
2024-08-05 12:00:00,2290.6,2462.9,2183.51,2450.8,511619.0657,2024-08-05 15:59:59.999,1190971618.973344,1323254,252186.6992,587795949.218668,0
2024-08-05 16:00:00,2450.8,2518.0,2364.14,2404.9,213856.426,2024-08-05 19:59:59.999,523181947.302296,670646,102989.1388,252083567.459427,0
2024-08-05 20:00:00,2404.89,2474.75,2401.53,2419.59,84793.0611,2024-08-05 23:59:59.999,206561228.08022,361832,39799.4306,96955949.334332,0
2024-08-06 00:00:00,2419.76,2547.43,2415.8,2491.9,124688.8145,2024-08-06 03:59:59.999,312765219.708997,461050,66419.0563,166602488.858559,0
2024-08-06 04:00:00,2491.9,2535.19,2478.53,2523.41,91242.331,2024-08-06 07:59:59.999,228932441.544083,450479,45802.4329,114951838.169876,0
2024-08-06 08:00:00,2523.42,2525.0,2440.32,2458.91,104813.2647,2024-08-06 11:59:59.999,258314368.24917,600368,48752.8599,120137759.509367,0
2024-08-06 12:00:00,2458.9,2556.23,2414.19,2527.6,166534.8948,2024-08-06 15:59:59.999,414491286.70466,711186,85503.3225,213005871.16473,0
2024-08-06 16:00:00,2527.59,2549.73,2480.99,2493.04,85929.469,2024-08-06 19:59:59.999,216173217.624723,346174,43622.8995,109794939.669498,0
2024-08-06 20:00:00,2493.04,2513.84,2446.08,2461.33,69075.0298,2024-08-06 23:59:59.999,171202468.93749,300893,33704.4819,83553651.307398,0
2024-08-07 00:00:00,2461.33,2530.0,2425.53,2507.27,89998.2153,2024-08-07 03:59:59.999,223282687.020883,380036,46786.0405,116115726.782409,0
2024-08-07 04:00:00,2507.26,2534.6,2485.12,2510.72,71252.392,2024-08-07 07:59:59.999,179018175.441349,269309,36931.3941,92812502.970323,0
2024-08-07 08:00:00,2510.79,2551.32,2470.0,2473.01,109157.3757,2024-08-07 11:59:59.999,274132036.003843,331262,54173.4035,136157091.744702,0
2024-08-07 12:00:00,2473.01,2487.64,2364.76,2412.75,177351.8683,2024-08-07 15:59:59.999,430537983.025402,598567,81495.2609,197825741.700511,0
2024-08-07 16:00:00,2412.76,2416.45,2326.95,2350.45,107767.2516,2024-08-07 19:59:59.999,255326934.313755,476829,49017.9762,116066408.527152,0
2024-08-07 20:00:00,2350.45,2370.0,2309.04,2342.8,74588.3199,2024-08-07 23:59:59.999,174973625.690527,314145,39212.9913,91997994.527783,0
2024-08-08 00:00:00,2342.79,2465.25,2320.4,2430.41,94210.6601,2024-08-08 03:59:59.999,227016568.353865,354605,47749.4749,115048604.731167,0
2024-08-08 04:00:00,2430.4,2445.32,2411.31,2414.0,47121.1834,2024-08-08 07:59:59.999,114376992.930592,216568,21353.8798,51851503.43554,0
2024-08-08 08:00:00,2414.0,2460.68,2408.6,2447.63,53930.8485,2024-08-08 11:59:59.999,131283736.981575,199489,28885.1513,70314351.527939,0
2024-08-08 12:00:00,2447.64,2525.68,2411.02,2507.2,155144.3221,2024-08-08 15:59:59.999,384488294.69470894,519715,78899.2294,195616815.425419,0
2024-08-08 16:00:00,2507.21,2607.29,2504.02,2573.53,119225.8246,2024-08-08 19:59:59.999,306480348.038567,425231,63200.8171,162423590.50563,0
2024-08-08 20:00:00,2573.54,2724.1,2567.64,2682.5,116870.0367,2024-08-08 23:59:59.999,310455874.470116,397055,59312.3978,157454673.800711,0
2024-08-09 00:00:00,2682.5,2702.19,2646.4,2694.67,63994.929,2024-08-09 03:59:59.999,171132891.953355,269590,32343.955,86524057.427548,0
2024-08-09 04:00:00,2694.66,2707.98,2649.0,2670.21,65306.4662,2024-08-09 07:59:59.999,175092653.41333,239511,35861.9977,96178499.865187,0
2024-08-09 08:00:00,2670.21,2681.28,2617.2,2634.92,59287.2414,2024-08-09 11:59:59.999,157046539.983983,264742,26995.2934,71496893.827429,0
2024-08-09 12:00:00,2634.93,2663.96,2556.4,2557.82,126842.6847,2024-08-09 15:59:59.999,330033517.626658,498345,56810.6739,147896744.350396,0
2024-08-09 16:00:00,2557.82,2609.75,2552.61,2590.8,47767.5934,2024-08-09 19:59:59.999,123516465.895926,240148,23237.1034,60091510.24923,0
2024-08-09 20:00:00,2590.8,2613.07,2562.39,2598.78,43541.0464,2024-08-09 23:59:59.999,112806539.225053,197724,20191.2707,52319368.274515,0
2024-08-10 00:00:00,2598.79,2644.7,2576.49,2602.59,41781.1559,2024-08-10 03:59:59.999,108790602.104067,206732,21750.5804,56649504.726548,0
2024-08-10 04:00:00,2602.6,2637.0,2588.4,2634.27,24360.3776,2024-08-10 07:59:59.999,63678612.906933,107318,11595.2936,30321191.67003,0
2024-08-10 08:00:00,2634.27,2642.84,2623.0,2636.58,23580.2801,2024-08-10 11:59:59.999,62071849.818618,108669,10836.7452,28527443.552469,0
2024-08-10 12:00:00,2636.58,2637.89,2597.0,2599.49,21751.9003,2024-08-10 15:59:59.999,56917061.875549,116883,10551.5696,27613958.470515,0
2024-08-10 16:00:00,2599.5,2622.84,2589.51,2603.01,42801.0115,2024-08-10 19:59:59.999,111601394.26144,136378,23209.6223,60506490.312313,0
2024-08-10 20:00:00,2603.01,2618.0,2596.21,2609.92,16737.6365,2024-08-10 23:59:59.999,43635518.726127,82883,9073.2934,23659767.757125,0
2024-08-11 00:00:00,2609.92,2668.28,2606.02,2646.38,29621.3165,2024-08-11 03:59:59.999,78125390.72449,123746,15654.2527,41287364.662289,0
2024-08-11 04:00:00,2646.39,2683.15,2634.0,2677.79,31780.3845,2024-08-11 07:59:59.999,84504104.238403,127289,16216.0142,43114780.715055,0
2024-08-11 08:00:00,2677.8,2720.0,2644.91,2652.61,59099.6587,2024-08-11 11:59:59.999,158431318.198495,226592,27898.1646,74818394.933241,0
2024-08-11 12:00:00,2652.6,2655.8,2594.46,2614.07,56736.4622,2024-08-11 15:59:59.999,149152779.263234,245227,24001.1297,63094800.122279,0
2024-08-11 16:00:00,2614.07,2645.92,2596.33,2599.06,50953.5936,2024-08-11 19:59:59.999,133770431.626274,190054,25742.0143,67591318.13457,0
2024-08-11 20:00:00,2599.06,2602.91,2540.0,2555.38,68907.499,2024-08-11 23:59:59.999,176698428.703624,304742,33618.071,86217278.511227,0
2024-08-12 00:00:00,2555.38,2577.9,2510.05,2541.02,58146.0202,2024-08-12 03:59:59.999,147777427.235651,246820,31204.5363,79334694.952485,0
2024-08-12 04:00:00,2541.03,2582.75,2516.36,2567.27,43215.6712,2024-08-12 07:59:59.999,110220887.721252,205987,23371.5938,59622932.538899,0
2024-08-12 08:00:00,2567.27,2683.2,2558.54,2673.6,89661.5896,2024-08-12 11:59:59.999,234864747.823556,329259,47289.3099,123917002.27165,0
2024-08-12 12:00:00,2673.6,2723.7,2592.58,2689.2,160424.4042,2024-08-12 15:59:59.999,428237890.360478,562615,80465.6854,214827904.728746,0
2024-08-12 16:00:00,2689.2,2698.87,2627.89,2660.09,52993.2364,2024-08-12 19:59:59.999,141193758.417031,270330,25320.2616,67456529.589733,0
2024-08-12 20:00:00,2660.09,2750.0,2658.13,2722.3,78973.329,2024-08-12 23:59:59.999,213494067.10255,300610,44447.8314,120172048.515225,0
2024-08-13 00:00:00,2722.3,2738.4,2650.61,2656.39,75847.8786,2024-08-13 03:59:59.999,204562133.56423,325223,35558.4415,95912615.324905,0
2024-08-13 04:00:00,2656.38,2664.0,2635.13,2648.94,36317.3848,2024-08-13 07:59:59.999,96300447.303734,184654,19415.727,51497015.823502,0
2024-08-13 08:00:00,2648.95,2658.34,2611.37,2644.65,36586.1892,2024-08-13 11:59:59.999,96410064.645254,201419,16474.2662,43425183.678967,0
2024-08-13 12:00:00,2644.66,2674.99,2630.91,2652.0,58394.3027,2024-08-13 15:59:59.999,154911755.786627,342373,30260.5005,80289990.5818,0
2024-08-13 16:00:00,2652.0,2730.28,2650.0,2711.46,80433.5472,2024-08-13 19:59:59.999,217279604.579344,343888,42461.462,114696745.199477,0
2024-08-13 20:00:00,2711.46,2734.0,2692.85,2702.44,38089.3939,2024-08-13 23:59:59.999,103422590.109329,150392,21246.6574,57733257.302672,0
2024-08-14 00:00:00,2702.44,2725.4,2685.8,2709.39,29788.4378,2024-08-14 03:59:59.999,80592669.018413,151268,14768.6025,39968774.026804,0
2024-08-14 04:00:00,2709.4,2750.0,2707.72,2727.57,45833.5826,2024-08-14 07:59:59.999,125039665.186953,172865,25682.0364,70069077.694277,0
2024-08-14 08:00:00,2727.56,2764.05,2715.0,2750.24,57437.1613,2024-08-14 11:59:59.999,157351408.971455,254873,30696.4669,84131927.458484,0
2024-08-14 12:00:00,2750.24,2780.0,2632.2,2674.21,142243.9932,2024-08-14 15:59:59.999,382859642.54788494,576935,67129.6527,180827348.968248,0
2024-08-14 16:00:00,2674.22,2674.22,2641.4,2669.06,38939.5101,2024-08-14 19:59:59.999,103502618.975213,233247,18061.3406,48014421.49287,0
2024-08-14 20:00:00,2669.06,2679.81,2641.3,2661.45,24566.0291,2024-08-14 23:59:59.999,65459679.198325,114127,11489.6208,30619896.751714,0
2024-08-15 00:00:00,2661.45,2673.57,2634.0,2652.5,35244.0635,2024-08-15 03:59:59.999,93532047.540781,186186,17898.1093,47494742.671641,0
2024-08-15 04:00:00,2652.49,2656.62,2589.0,2615.16,47768.0328,2024-08-15 07:59:59.999,125352802.969784,209880,22086.1223,58000321.458472,0
2024-08-15 08:00:00,2615.16,2644.1,2604.3,2637.73,32083.2746,2024-08-15 11:59:59.999,84160530.695566,166164,17446.0436,45776641.762385,0
2024-08-15 12:00:00,2637.73,2675.6,2633.0,2668.4,57024.9425,2024-08-15 15:59:59.999,151405637.390918,366367,28187.2723,74835535.172644,0
2024-08-15 16:00:00,2668.4,2675.0,2521.87,2549.59,130417.331,2024-08-15 19:59:59.999,335080324.005053,567211,60715.5317,155890604.702779,0
2024-08-15 20:00:00,2549.59,2589.55,2515.71,2569.89,54009.1615,2024-08-15 23:59:59.999,137960034.459296,265721,25756.6029,65791728.36077,0
2024-08-16 00:00:00,2569.9,2610.35,2552.17,2580.08,34928.8712,2024-08-16 03:59:59.999,90080714.726899,206997,18453.9383,47585485.717676,0
2024-08-16 04:00:00,2580.08,2628.83,2577.71,2617.45,36266.4295,2024-08-16 07:59:59.999,94475020.112397,157337,18825.385,49042029.845614,0
2024-08-16 08:00:00,2617.44,2626.41,2606.55,2612.52,24004.2242,2024-08-16 11:59:59.999,62831358.945697,144304,11954.2023,31295581.153387,0
2024-08-16 12:00:00,2612.52,2619.89,2550.04,2568.97,73905.5159,2024-08-16 15:59:59.999,191045411.175222,538923,34909.9814,90259730.848675,0
2024-08-16 16:00:00,2568.96,2630.97,2564.13,2620.4,81118.3896,2024-08-16 19:59:59.999,210864537.614931,430310,34180.1294,88919464.226434,0
2024-08-16 20:00:00,2620.4,2626.19,2587.0,2592.73,20460.7069,2024-08-16 23:59:59.999,53334249.959785,124440,9363.762,24403960.023834,0
2024-08-17 00:00:00,2592.72,2607.92,2587.5,2595.77,17799.5792,2024-08-17 03:59:59.999,46259053.385733,103588,9952.1775,25865878.454969,0
2024-08-17 04:00:00,2595.78,2603.65,2590.9,2600.24,10808.4453,2024-08-17 07:59:59.999,28084498.401353,68023,6114.0237,15888257.44407,0
2024-08-17 08:00:00,2600.24,2607.28,2593.0,2599.23,14186.2746,2024-08-17 11:59:59.999,36881381.290308,88488,6487.489,16867212.139564,0
2024-08-17 12:00:00,2599.23,2618.65,2596.7,2606.78,19916.75,2024-08-17 15:59:59.999,51942024.603696,111671,11255.1535,29354901.876864,0
2024-08-17 16:00:00,2606.79,2629.69,2606.78,2614.94,15643.5968,2024-08-17 19:59:59.999,40928941.515122,97895,8385.2709,21939823.189084,0
2024-08-17 20:00:00,2614.95,2618.23,2600.0,2614.51,10994.0301,2024-08-17 23:59:59.999,28691282.329712,73613,5140.0896,13413297.503417,0
2024-08-18 00:00:00,2614.51,2638.22,2605.05,2606.6,25195.1998,2024-08-18 03:59:59.999,66003556.367412,138496,13338.8005,34952305.273597,0
2024-08-18 04:00:00,2606.61,2610.84,2594.53,2608.06,17655.2544,2024-08-18 07:59:59.999,45976781.769698,101602,8862.1764,23080205.956506,0
2024-08-18 08:00:00,2608.05,2669.49,2605.59,2649.4,46909.3327,2024-08-18 11:59:59.999,123991137.071928,175685,27330.1723,72196718.246904,0
2024-08-18 12:00:00,2649.4,2689.16,2643.06,2672.2,37248.2904,2024-08-18 15:59:59.999,99344649.64177,168785,19639.7579,52386982.752163,0
2024-08-18 16:00:00,2672.2,2678.38,2643.75,2667.9,19490.8698,2024-08-18 19:59:59.999,51867459.260173,118626,9640.3105,25653598.89474,0
2024-08-18 20:00:00,2667.99,2670.0,2610.05,2612.15,27575.1114,2024-08-18 23:59:59.999,72792240.043342,133190,13403.7696,35399341.790714,0
2024-08-19 00:00:00,2612.15,2647.42,2603.53,2644.41,39440.4953,2024-08-19 03:59:59.999,103603207.887586,201875,21942.2006,57661589.123203,0
2024-08-19 04:00:00,2644.41,2648.08,2612.0,2614.31,25322.1941,2024-08-19 07:59:59.999,66540027.460733,128598,12669.4073,33292800.693709,0
2024-08-19 08:00:00,2614.31,2622.26,2565.84,2587.9,47327.1464,2024-08-19 11:59:59.999,122489365.728178,220993,20891.1942,54078111.576189,0
2024-08-19 12:00:00,2587.91,2604.67,2563.58,2584.53,45893.9924,2024-08-19 15:59:59.999,118541898.679958,243980,23034.4683,59513452.774309,0
2024-08-19 16:00:00,2584.54,2629.96,2574.28,2606.63,44403.0922,2024-08-19 19:59:59.999,115445724.19575,230336,22961.3963,59709453.854236,0
2024-08-19 20:00:00,2606.63,2641.15,2604.32,2636.36,22480.2132,2024-08-19 23:59:59.999,58958048.491277,130251,11187.8608,29350879.943356,0
2024-08-20 00:00:00,2636.36,2677.0,2619.06,2661.99,44019.1489,2024-08-20 03:59:59.999,116833485.570423,222097,23149.3306,61458731.10706,0
2024-08-20 04:00:00,2662.0,2695.0,2657.63,2674.81,45897.8592,2024-08-20 07:59:59.999,122846667.2096,207932,25359.1959,67867649.81365,0
2024-08-20 08:00:00,2674.81,2676.4,2639.4,2642.45,28408.1903,2024-08-20 11:59:59.999,75475904.109059,136286,13494.3072,35859306.429868,0
2024-08-20 12:00:00,2642.46,2655.78,2555.0,2574.99,95187.741,2024-08-20 15:59:59.999,247878395.766572,394892,45658.0407,118980110.833981,0
2024-08-20 16:00:00,2575.0,2606.7,2565.8,2601.94,39842.9406,2024-08-20 19:59:59.999,103033972.906744,196277,20386.0662,52723756.705495,0
2024-08-20 20:00:00,2601.94,2609.93,2565.23,2572.82,27959.9951,2024-08-20 23:59:59.999,72292632.039736,145865,11552.9727,29873193.086075,0
2024-08-21 00:00:00,2572.81,2598.2,2557.0,2591.5,29772.4505,2024-08-21 03:59:59.999,76827017.58178,143327,14260.4516,36822516.954075,0
2024-08-21 04:00:00,2591.51,2606.6,2588.31,2600.72,20871.9622,2024-08-21 07:59:59.999,54202201.701066,113193,11587.8553,30090312.482032,0
2024-08-21 08:00:00,2600.73,2607.87,2567.35,2577.6,25994.1915,2024-08-21 11:59:59.999,67169394.014715,162990,11418.4054,29508921.318949,0
2024-08-21 12:00:00,2577.61,2618.0,2536.22,2601.89,82446.4366,2024-08-21 15:59:59.999,213211481.095438,470844,41870.1045,108342193.912148,0
2024-08-21 16:00:00,2601.88,2650.0,2592.58,2646.43,48427.2293,2024-08-21 19:59:59.999,127208206.374732,332271,23601.8034,62010295.427515,0
2024-08-21 20:00:00,2646.42,2663.74,2619.77,2630.71,37774.3517,2024-08-21 23:59:59.999,99719869.094413,197796,19151.3635,50564466.812009,0
2024-08-22 00:00:00,2630.71,2640.25,2584.2,2616.59,37855.1007,2024-08-22 03:59:59.999,99040902.394268,198934,18308.0589,47887357.708212,0
2024-08-22 04:00:00,2616.6,2642.33,2613.75,2636.29,20272.9857,2024-08-22 07:59:59.999,53211619.003092,122510,11619.2945,30499448.657525,0
2024-08-22 08:00:00,2636.3,2644.49,2619.6,2641.91,32925.1144,2024-08-22 11:59:59.999,86744025.599128,149121,16703.4302,44005820.61112,0
2024-08-22 12:00:00,2641.9,2644.69,2590.5,2599.4,60175.4528,2024-08-22 15:59:59.999,157299104.755773,309479,27341.5437,71438749.829083,0
2024-08-22 16:00:00,2599.41,2619.23,2597.4,2606.6,27850.849,2024-08-22 19:59:59.999,72645456.36059,183014,14014.3086,36554909.887675,0
2024-08-22 20:00:00,2606.61,2627.06,2606.47,2622.88,19983.617,2024-08-22 23:59:59.999,52344248.973572,101137,10659.1701,27917452.837622,0
2024-08-23 00:00:00,2622.89,2652.95,2621.4,2635.72,29172.9593,2024-08-23 03:59:59.999,76975385.817538,140714,16739.5345,44169968.531768,0
2024-08-23 04:00:00,2635.71,2689.0,2634.41,2669.23,63389.3545,2024-08-23 07:59:59.999,169230645.491657,199917,36817.4299,98298087.430427,0
2024-08-23 08:00:00,2669.24,2681.0,2650.99,2653.27,41876.3322,2024-08-23 11:59:59.999,111702996.040879,146878,18687.2339,49877342.350605,0
2024-08-23 12:00:00,2653.27,2699.0,2632.83,2671.09,91496.4468,2024-08-23 15:59:59.999,243971927.307085,488677,45221.9253,120657359.550677,0
2024-08-23 16:00:00,2671.09,2750.0,2663.0,2746.54,104960.0382,2024-08-23 19:59:59.999,284929012.869152,471343,53802.2095,146120994.526629,0
2024-08-23 20:00:00,2746.55,2799.13,2723.55,2762.48,70891.3137,2024-08-23 23:59:59.999,196179065.497236,300157,39027.1742,107997264.748385,0
2024-08-24 00:00:00,2762.49,2769.6,2742.47,2746.6,37141.1388,2024-08-24 03:59:59.999,102218849.34066,170763,16000.8436,44050330.884081,0
2024-08-24 04:00:00,2746.59,2765.3,2739.4,2758.48,38293.8238,2024-08-24 07:59:59.999,105514878.684805,137587,20701.1736,57050502.285096,0
2024-08-24 08:00:00,2758.48,2786.29,2754.82,2756.31,29140.0856,2024-08-24 11:59:59.999,80701831.985394,148040,14463.8081,40060680.711331,0
2024-08-24 12:00:00,2756.3,2764.58,2751.36,2761.07,28376.8278,2024-08-24 15:59:59.999,78272768.538794,141502,13358.8561,36848731.046082,0
2024-08-24 16:00:00,2761.06,2820.0,2760.28,2793.01,83086.7315,2024-08-24 19:59:59.999,232316567.415832,299944,44136.0984,123391823.168814,0
2024-08-24 20:00:00,2793.01,2807.61,2731.26,2768.0,47504.3366,2024-08-24 23:59:59.999,131345585.172637,236036,21425.6693,59248405.97625,0
2024-08-25 00:00:00,2768.01,2782.73,2748.9,2764.53,32309.0924,2024-08-25 03:59:59.999,89278055.592758,250542,15712.7319,43424281.353944,0
2024-08-25 04:00:00,2764.52,2770.29,2733.21,2743.4,25458.7456,2024-08-25 07:59:59.999,70068272.379121,185907,11998.5761,33028070.398681,0
2024-08-25 08:00:00,2743.39,2761.5,2737.23,2750.99,23915.8443,2024-08-25 11:59:59.999,65815156.77317,141278,10873.957,29926814.207949,0
2024-08-25 12:00:00,2751.0,2772.9,2746.0,2763.81,21236.2074,2024-08-25 15:59:59.999,58635075.11978,144553,10937.7143,30206768.417665,0
2024-08-25 16:00:00,2763.81,2773.8,2760.15,2766.3,13737.9161,2024-08-25 19:59:59.999,38004921.805034,114354,7053.1645,19513505.525484,0
2024-08-25 20:00:00,2766.3,2792.28,2739.77,2746.13,37869.4294,2024-08-25 23:59:59.999,104931917.656773,211351,19417.6052,53810854.111464,0
2024-08-26 00:00:00,2746.12,2762.0,2718.14,2744.34,29741.3445,2024-08-26 03:59:59.999,81568933.324975,248927,13980.4558,38357898.580152,0
2024-08-26 04:00:00,2744.35,2752.2,2728.54,2733.13,20577.5855,2024-08-26 07:59:59.999,56417619.395575,139831,8529.0578,23388784.553978,0
2024-08-26 08:00:00,2733.13,2749.12,2710.01,2737.35,27380.4223,2024-08-26 11:59:59.999,74899451.496251,195394,13174.5481,36042282.175444,0
2024-08-26 12:00:00,2737.34,2742.47,2701.43,2721.69,55161.1476,2024-08-26 15:59:59.999,150136730.656933,379800,26992.4304,73460311.935702,0
2024-08-26 16:00:00,2721.69,2732.08,2675.52,2680.83,54876.0413,2024-08-26 19:59:59.999,148374412.507368,330522,28832.3094,78017399.872866,0
2024-08-26 20:00:00,2680.84,2693.23,2666.66,2680.49,23971.5835,2024-08-26 23:59:59.999,64298509.096077,159359,11209.4232,30066629.872259,0
2024-08-27 00:00:00,2680.49,2693.79,2667.12,2685.27,24222.1281,2024-08-27 03:59:59.999,64963573.31791,160837,11689.7904,31354507.90737,0
2024-08-27 04:00:00,2685.26,2699.98,2673.6,2687.9,35545.8362,2024-08-27 07:59:59.999,95573108.455614,152996,13830.7017,37190881.451735,0
2024-08-27 08:00:00,2687.9,2692.07,2619.3,2626.67,46222.7582,2024-08-27 11:59:59.999,122561541.166536,230748,20172.5283,53475076.847699,0
2024-08-27 12:00:00,2626.66,2628.91,2555.0,2579.3,99931.8544,2024-08-27 15:59:59.999,259602957.70548,406940,48070.0886,124897069.073729,0
2024-08-27 16:00:00,2579.3,2591.93,2563.49,2584.0,42186.7785,2024-08-27 19:59:59.999,108775789.310805,247240,19355.5128,49906715.246865,0
2024-08-27 20:00:00,2584.01,2588.34,2392.96,2457.33,164551.3643,2024-08-27 23:59:59.999,407292651.935758,699655,74159.456,183319494.269407,0
2024-08-28 00:00:00,2457.33,2480.31,2418.8,2478.45,88136.9581,2024-08-28 03:59:59.999,215912117.994115,332705,46086.23,112921547.449273,0
2024-08-28 04:00:00,2478.45,2485.99,2433.3,2437.02,56056.4456,2024-08-28 07:59:59.999,138234292.236552,222201,27188.4662,67072137.391787,0
2024-08-28 08:00:00,2437.02,2550.31,2429.14,2523.2,95664.2576,2024-08-28 11:59:59.999,239184515.074521,376687,46878.7848,117232914.111644,0
2024-08-28 12:00:00,2523.19,2539.4,2467.93,2496.05,71811.0681,2024-08-28 15:59:59.999,179930086.344174,463532,33755.1419,84569938.325473,0
2024-08-28 16:00:00,2496.05,2546.13,2456.19,2504.88,89785.8057,2024-08-28 19:59:59.999,224982229.089621,537623,42563.1947,106664355.620578,0
2024-08-28 20:00:00,2504.89,2554.6,2504.6,2528.33,49812.0989,2024-08-28 23:59:59.999,126061651.684812,339973,25775.1008,65249725.050751,0
2024-08-29 00:00:00,2528.33,2537.99,2512.2,2523.4,24672.3392,2024-08-29 03:59:59.999,62306549.070011,186174,14413.3885,36403080.505645,0
2024-08-29 04:00:00,2523.4,2559.39,2518.44,2547.53,31962.534,2024-08-29 07:59:59.999,81218940.373739,179068,19819.2237,50348748.331863,0
2024-08-29 08:00:00,2547.52,2574.22,2536.63,2555.21,33508.6029,2024-08-29 11:59:59.999,85468528.621908,214616,15000.978,38282010.387319,0
2024-08-29 12:00:00,2555.2,2595.4,2552.14,2575.97,59653.3809,2024-08-29 15:59:59.999,153471809.400923,346019,30005.7645,77213633.245169,0
2024-08-29 16:00:00,2575.97,2585.69,2509.66,2528.54,61398.5516,2024-08-29 19:59:59.999,156177798.4166,333397,28724.0199,73040612.96533,0
2024-08-29 20:00:00,2528.55,2543.6,2505.88,2527.61,25807.5546,2024-08-29 23:59:59.999,65223878.342768,196394,11599.9845,29319058.09061,0
2024-08-30 00:00:00,2527.6,2535.4,2505.0,2516.8,28608.572,2024-08-30 03:59:59.999,72105412.413751,192540,14159.4117,35686003.911245,0
2024-08-30 04:00:00,2516.8,2533.52,2503.8,2517.41,34519.6722,2024-08-30 07:59:59.999,86973390.371225,184839,20390.3263,51376033.56749,0
2024-08-30 08:00:00,2517.42,2528.37,2507.31,2512.44,21297.5566,2024-08-30 11:59:59.999,53635279.04923,160698,10077.9535,25378595.127733,0
2024-08-30 12:00:00,2512.43,2552.17,2434.96,2448.75,103983.6261,2024-08-30 15:59:59.999,258254742.371555,583570,50083.8602,124393669.193161,0
2024-08-30 16:00:00,2448.76,2542.19,2431.14,2506.94,130701.1151,2024-08-30 19:59:59.999,325493912.076619,477253,67259.8744,167550238.830828,0
2024-08-30 20:00:00,2506.94,2530.66,2506.35,2526.0,19268.6521,2024-08-30 23:59:59.999,48552998.867031,136597,10102.4853,25458433.899305,0
2024-08-31 00:00:00,2525.99,2533.95,2518.86,2523.52,14166.9397,2024-08-31 03:59:59.999,35777067.241511,117525,7111.4312,17961222.581415,0
2024-08-31 04:00:00,2523.52,2529.86,2518.17,2521.01,14956.1787,2024-08-31 07:59:59.999,37755003.290196,88189,7591.5892,19164563.635652,0
2024-08-31 08:00:00,2521.01,2529.81,2511.47,2525.5,14773.6726,2024-08-31 11:59:59.999,37237390.887718,117666,6959.4465,17542940.049565,0
2024-08-31 12:00:00,2525.49,2527.8,2513.8,2519.19,15368.1774,2024-08-31 15:59:59.999,38756365.483096,124444,6749.5045,17021639.451079,0
2024-08-31 16:00:00,2519.18,2519.8,2491.92,2499.8,22057.3239,2024-08-31 19:59:59.999,55221129.283066,142879,9853.9619,24669044.560223,0
2024-08-31 20:00:00,2499.79,2528.22,2493.68,2513.01,16623.8224,2024-08-31 23:59:59.999,41767377.890943,111826,9144.9739,22976344.18086,0
2024-09-01 00:00:00,2513.0,2516.28,2476.44,2488.74,22040.3526,2024-09-01 03:59:59.999,54956778.760739,156265,9905.2587,24690808.237204,0
2024-09-01 04:00:00,2488.75,2491.18,2458.84,2486.82,26820.4775,2024-09-01 07:59:59.999,66364476.163449,165725,13894.939,34381954.795831,0
2024-09-01 08:00:00,2486.82,2492.88,2459.02,2477.74,22368.1709,2024-09-01 11:59:59.999,55393312.168203,138656,10341.4019,25605557.230329,0
2024-09-01 12:00:00,2477.73,2489.31,2438.0,2480.83,47978.3656,2024-09-01 15:59:59.999,118140534.814924,311680,22847.2853,56251497.824136,0
2024-09-01 16:00:00,2480.83,2514.82,2457.16,2501.71,38784.3156,2024-09-01 19:59:59.999,96538904.6759,248401,19715.7125,49084948.834136,0
2024-09-01 20:00:00,2501.71,2516.0,2400.0,2425.72,65136.0938,2024-09-01 23:59:59.999,158905923.570234,336716,29968.231,73056443.92888,0
2024-09-02 00:00:00,2425.71,2455.26,2423.52,2450.52,35331.6569,2024-09-02 03:59:59.999,86238023.695336,236484,18512.8698,45190898.719206,0
2024-09-02 04:00:00,2450.47,2466.2,2433.18,2441.14,37943.8673,2024-09-02 07:59:59.999,92838673.238273,175899,19195.9945,46973593.484639,0
2024-09-02 08:00:00,2441.14,2539.53,2438.39,2515.81,85893.6804,2024-09-02 11:59:59.999,214528478.400381,364325,46158.7617,115236862.450236,0
2024-09-02 12:00:00,2515.81,2528.0,2492.55,2513.2,41643.4238,2024-09-02 15:59:59.999,104702973.141271,279373,21080.7108,53012543.700497,0
2024-09-02 16:00:00,2513.2,2530.92,2505.78,2524.25,29916.1001,2024-09-02 19:59:59.999,75341659.305181,199572,12150.0281,30601401.959374,0
2024-09-02 20:00:00,2524.26,2564.83,2522.22,2538.01,31904.11,2024-09-02 23:59:59.999,81204318.414669,196681,16992.3399,43249382.703534,0
2024-09-03 00:00:00,2538.0,2553.6,2514.73,2516.0,27730.1585,2024-09-03 03:59:59.999,70267072.776706,180653,13411.9274,33990757.344327,0
2024-09-03 04:00:00,2516.0,2525.2,2512.46,2519.55,19383.1812,2024-09-03 07:59:59.999,48807739.709438,112447,9714.8774,24463066.331439,0
2024-09-03 08:00:00,2519.55,2520.54,2494.24,2509.59,20704.4681,2024-09-03 11:59:59.999,51869908.910079,148466,9291.8003,23280023.681958,0
2024-09-03 12:00:00,2509.59,2519.12,2435.79,2444.01,81518.5002,2024-09-03 15:59:59.999,200948704.34504,416998,34023.3698,83868220.949778,0
2024-09-03 16:00:00,2444.01,2469.87,2435.83,2447.6,41528.1331,2024-09-03 19:59:59.999,101709781.370219,242759,20212.385,49513203.942853,0
2024-09-03 20:00:00,2447.6,2470.57,2411.12,2425.29,33928.6888,2024-09-03 23:59:59.999,83071496.240859,171586,14833.2908,36336966.434719,0
2024-09-04 00:00:00,2425.28,2449.22,2306.65,2373.0,144366.9266,2024-09-04 03:59:59.999,341134640.039937,508139,69581.0692,164347456.138392,0
2024-09-04 04:00:00,2372.99,2414.71,2363.56,2401.52,45719.3498,2024-09-04 07:59:59.999,108864792.636278,222323,22497.1743,53588662.642161,0
2024-09-04 08:00:00,2401.52,2410.83,2387.15,2398.77,36620.6349,2024-09-04 11:59:59.999,87835395.757959,236617,17253.742,41386049.78523,0
2024-09-04 12:00:00,2398.77,2458.57,2393.16,2455.4,91240.017,2024-09-04 15:59:59.999,220732617.205307,573379,48254.2211,116788203.714472,0
2024-09-04 16:00:00,2455.39,2490.0,2439.2,2452.16,48221.7855,2024-09-04 19:59:59.999,118813641.966014,352701,23276.9844,57364778.301761,0
2024-09-04 20:00:00,2452.15,2469.55,2443.32,2450.71,18010.6716,2024-09-04 23:59:59.999,44259213.069159,109462,7844.5548,19282781.911319,0
2024-09-05 00:00:00,2450.71,2466.0,2404.28,2405.55,51182.1435,2024-09-05 03:59:59.999,124725029.28507,218122,23106.7334,56323273.48163,0
2024-09-05 04:00:00,2405.56,2418.47,2376.72,2412.4,42138.4727,2024-09-05 07:59:59.999,101301783.056313,212868,23408.3955,56291487.380457,0
2024-09-05 08:00:00,2412.41,2416.35,2383.16,2389.54,28448.2371,2024-09-05 11:59:59.999,68150066.380655,207579,12919.4787,30957557.341691,0
2024-09-05 12:00:00,2389.53,2415.15,2355.8,2371.43,85446.0382,2024-09-05 15:59:59.999,203675325.949186,585374,40193.7561,95865398.81373,0
2024-09-05 16:00:00,2371.43,2395.99,2348.04,2363.97,43189.7973,2024-09-05 19:59:59.999,102519791.864648,400414,18400.901,43711427.0929,0
2024-09-05 20:00:00,2363.97,2378.33,2350.0,2368.81,28144.4081,2024-09-05 23:59:59.999,66672062.290562,237996,13542.66,32081936.497526,0
2024-09-06 00:00:00,2368.81,2408.4,2357.6,2392.63,32980.5199,2024-09-06 03:59:59.999,78803220.604795,304319,17048.1902,40735497.317744,0
2024-09-06 04:00:00,2392.63,2397.35,2321.21,2344.45,57143.7515,2024-09-06 07:59:59.999,134483074.895107,377674,28147.2853,66266354.381275,0
2024-09-06 08:00:00,2344.44,2379.4,2338.57,2372.95,39913.21,2024-09-06 11:59:59.999,94183969.556948,274949,20213.9346,47696445.36591,0
2024-09-06 12:00:00,2372.96,2408.83,2266.0,2290.21,175343.7092,2024-09-06 15:59:59.999,410176624.49968,872382,82850.0494,193902926.376969,0
2024-09-06 16:00:00,2290.21,2293.17,2207.4,2222.56,176299.547,2024-09-06 19:59:59.999,395922104.183583,627249,81339.1437,182683084.118025,0
2024-09-06 20:00:00,2222.56,2229.89,2150.55,2225.23,161346.3734,2024-09-06 23:59:59.999,353696014.32338,523493,74391.5657,163134569.464831,0
2024-09-07 00:00:00,2225.24,2243.0,2220.98,2238.41,34327.2918,2024-09-07 03:59:59.999,76635173.474706,153462,15469.1809,34539016.175411,0
2024-09-07 04:00:00,2238.41,2293.76,2237.61,2288.11,54140.9563,2024-09-07 07:59:59.999,122693861.561237,191880,28836.8341,65349983.859787,0
2024-09-07 08:00:00,2288.11,2299.47,2275.2,2283.7,29197.2328,2024-09-07 11:59:59.999,66756118.088932,131467,14664.8022,33529984.693069,0
2024-09-07 12:00:00,2283.7,2311.27,2282.03,2300.49,35018.3105,2024-09-07 15:59:59.999,80406730.559109,205273,18109.1217,41584909.705947,0
2024-09-07 16:00:00,2300.49,2304.54,2263.4,2290.44,41600.0682,2024-09-07 19:59:59.999,94999209.91885,176757,20416.988,46629647.256234,0
2024-09-07 20:00:00,2290.43,2291.19,2257.37,2273.58,25169.348,2024-09-07 23:59:59.999,57171800.628141,123859,12310.9977,27960224.765082,0
2024-09-08 00:00:00,2273.58,2288.33,2263.22,2286.04,19091.7911,2024-09-08 03:59:59.999,43500866.094428,105228,9995.1715,22778253.488691,0
2024-09-08 04:00:00,2286.04,2304.8,2283.75,2294.94,21958.6858,2024-09-08 07:59:59.999,50351827.793815,121476,10502.2307,24082576.695432,0
2024-09-08 08:00:00,2294.94,2309.86,2287.64,2296.6,24075.8922,2024-09-08 11:59:59.999,55395690.651718,110248,11226.1709,25829723.503589,0
2024-09-08 12:00:00,2296.6,2299.0,2240.94,2245.74,52232.089,2024-09-08 15:59:59.999,118613298.897389,238935,23125.5074,52527413.695275,0
2024-09-08 16:00:00,2245.74,2283.46,2243.26,2272.09,27008.5984,2024-09-08 19:59:59.999,61176118.561683,167453,13900.4278,31487905.913726,0
2024-09-08 20:00:00,2272.08,2333.58,2267.39,2297.3,48408.5928,2024-09-08 23:59:59.999,111409932.82734,233332,24555.6854,56516997.256711,0
2024-09-09 00:00:00,2297.3,2320.74,2288.61,2304.23,36474.1665,2024-09-09 03:59:59.999,84030603.883105,252691,17229.2087,39697582.743441,0
2024-09-09 04:00:00,2304.23,2316.51,2283.1,2314.33,31102.4478,2024-09-09 07:59:59.999,71510189.93374,184288,15463.8389,35562829.751781,0
2024-09-09 08:00:00,2314.33,2339.0,2310.06,2315.29,45191.1776,2024-09-09 11:59:59.999,104946514.548059,229785,23045.8628,53527922.146994,0
2024-09-09 12:00:00,2315.3,2325.51,2272.8,2292.55,71423.5153,2024-09-09 15:59:59.999,164208476.053487,436993,31860.77,73263643.791592,0
2024-09-09 16:00:00,2292.56,2352.89,2291.0,2350.57,91396.0358,2024-09-09 19:59:59.999,213369099.596297,426052,45744.8876,106780789.598864,0
2024-09-09 20:00:00,2350.57,2381.41,2337.04,2359.5,46111.647,2024-09-09 23:59:59.999,108936892.031848,231883,23443.9418,55390406.110232,0
2024-09-10 00:00:00,2359.51,2360.59,2334.99,2340.84,27409.2787,2024-09-10 03:59:59.999,64270457.471337,139579,11909.8889,27925466.623017,0
2024-09-10 04:00:00,2340.85,2366.47,2328.0,2363.51,27052.9146,2024-09-10 07:59:59.999,63534736.984528,129008,13426.6244,31541342.898596,0
2024-09-10 08:00:00,2363.51,2372.0,2339.08,2351.0,33662.5301,2024-09-10 11:59:59.999,79242495.796348,182913,13451.1012,31668172.92014,0
2024-09-10 12:00:00,2351.0,2364.16,2320.41,2325.01,56700.2756,2024-09-10 15:59:59.999,132711024.025845,334106,25166.63,58920946.636386,0
2024-09-10 16:00:00,2325.01,2391.94,2324.52,2380.73,47628.1754,2024-09-10 19:59:59.999,112525994.719404,280570,25803.6476,60949474.240444,0
2024-09-10 20:00:00,2380.73,2400.0,2372.2,2388.52,31928.9985,2024-09-10 23:59:59.999,76126857.92224,144684,16137.5267,38474649.062799,0
2024-09-11 00:00:00,2388.52,2389.32,2339.0,2348.31,39080.7694,2024-09-11 03:59:59.999,92164081.772811,237254,17427.4809,41095249.649284,0
2024-09-11 04:00:00,2348.31,2348.31,2318.66,2341.66,32934.4948,2024-09-11 07:59:59.999,76810860.75119,183814,15725.3966,36671854.926682,0
2024-09-11 08:00:00,2341.66,2341.89,2306.45,2327.59,29236.327,2024-09-11 11:59:59.999,67919835.366086,175202,14092.2085,32743791.142854,0
2024-09-11 12:00:00,2327.59,2355.32,2277.68,2325.9,110620.3982,2024-09-11 15:59:59.999,255766024.42669,542741,52597.4994,121639314.774369,0
2024-09-11 16:00:00,2325.89,2368.87,2324.48,2340.6,54352.1621,2024-09-11 19:59:59.999,127574371.456715,302401,26722.5341,62724900.36053,0
2024-09-11 20:00:00,2340.6,2351.8,2333.0,2340.55,16674.161,2024-09-11 23:59:59.999,39056718.553239,88658,8560.477,20051688.600812,0
2024-09-12 00:00:00,2340.54,2391.93,2339.54,2368.0,44561.7461,2024-09-12 03:59:59.999,105410365.565308,205686,22907.7635,54193768.47231,0
2024-09-12 04:00:00,2368.01,2379.33,2352.74,2359.59,25955.6825,2024-09-12 07:59:59.999,61317024.797867,147397,12921.6875,30528435.285631,0
2024-09-12 08:00:00,2359.59,2365.99,2343.2,2348.55,23459.5022,2024-09-12 11:59:59.999,55244973.148665,129138,11660.5039,27456977.632809,0
2024-09-12 12:00:00,2348.56,2366.98,2315.39,2323.2,54189.4376,2024-09-12 15:59:59.999,126774123.363743,317258,24734.3751,57879505.812667,0
2024-09-12 16:00:00,2323.2,2361.54,2322.42,2361.03,32562.9832,2024-09-12 19:59:59.999,76440004.890598,181831,18993.5529,44596720.280237,0
2024-09-12 20:00:00,2361.03,2373.64,2341.5,2361.76,21881.7792,2024-09-12 23:59:59.999,51562709.998238,112286,10900.2123,25685750.514465,0
2024-09-13 00:00:00,2361.75,2364.56,2350.27,2356.04,13613.7223,2024-09-13 03:59:59.999,32095109.884232,87182,5845.9813,13783309.128663,0
2024-09-13 04:00:00,2356.04,2359.2,2337.35,2348.88,17905.2743,2024-09-13 07:59:59.999,42036754.356138,85148,7457.7182,17507192.966674,0
2024-09-13 08:00:00,2348.87,2376.22,2341.66,2354.35,27196.9041,2024-09-13 11:59:59.999,64166507.531155,165549,11639.95,27462586.078876,0
2024-09-13 12:00:00,2354.39,2412.61,2342.41,2407.79,84151.519,2024-09-13 15:59:59.999,199987529.554802,482679,42347.8118,100702868.194536,0
2024-09-13 16:00:00,2407.79,2428.38,2396.06,2421.07,64306.4597,2024-09-13 19:59:59.999,155252717.533014,374435,30948.054,74738576.005765,0
2024-09-13 20:00:00,2421.06,2464.82,2413.14,2439.19,46714.7366,2024-09-13 23:59:59.999,114111591.843521,263885,25884.8523,63216185.590956,0
2024-09-14 00:00:00,2439.19,2440.6,2422.28,2432.94,23620.601,2024-09-14 03:59:59.999,57407119.256518,159097,10118.0436,24589948.610366,0
2024-09-14 04:00:00,2432.94,2433.6,2413.8,2420.23,16326.8004,2024-09-14 07:59:59.999,39548312.413977,102769,7903.0016,19142979.33649,0
2024-09-14 08:00:00,2420.23,2421.76,2407.98,2417.07,19673.4027,2024-09-14 11:59:59.999,47498675.484104,104063,8591.3685,20747398.73185,0
2024-09-14 12:00:00,2417.08,2424.11,2412.17,2418.54,19119.1368,2024-09-14 15:59:59.999,46228806.592739,116766,8970.1174,21693839.861887,0
2024-09-14 16:00:00,2418.55,2421.15,2376.72,2408.71,31801.3372,2024-09-14 19:59:59.999,76383475.685942,186489,15648.86,37583262.697326,0
2024-09-14 20:00:00,2408.71,2422.99,2407.16,2417.79,12389.9521,2024-09-14 23:59:59.999,29924070.696798,85650,6739.5734,16277377.069957,0
2024-09-15 00:00:00,2417.8,2430.32,2416.53,2420.09,14598.6023,2024-09-15 03:59:59.999,35378742.66645,86566,6593.1731,15977721.313185,0
2024-09-15 04:00:00,2420.09,2424.49,2414.1,2422.9,9048.6699,2024-09-15 07:59:59.999,21895345.815714,53631,3866.2682,9355279.981112,0
2024-09-15 08:00:00,2422.89,2423.18,2401.75,2406.86,14771.6684,2024-09-15 11:59:59.999,35600699.78803,89035,5840.8421,14077471.9512,0
2024-09-15 12:00:00,2406.86,2418.72,2396.28,2408.71,20382.7049,2024-09-15 15:59:59.999,49097002.135597,165886,10082.9318,24288204.153514,0
2024-09-15 16:00:00,2408.72,2409.12,2362.71,2372.35,41671.0716,2024-09-15 19:59:59.999,99251902.730881,256656,20414.1822,48615130.705887,0
2024-09-15 20:00:00,2372.34,2372.34,2283.75,2316.1,73891.4775,2024-09-15 23:59:59.999,172054324.139652,406719,33813.5172,78730290.901432,0
2024-09-16 00:00:00,2316.09,2322.6,2252.39,2278.38,86962.8377,2024-09-16 03:59:59.999,198440004.375624,512905,40651.9283,92775448.960391,0
2024-09-16 04:00:00,2278.38,2312.86,2276.1,2310.69,42263.8162,2024-09-16 07:59:59.999,96834590.225054,294802,23700.931,54316649.345347,0
2024-09-16 08:00:00,2310.69,2335.7,2289.0,2307.8,45264.6371,2024-09-16 11:59:59.999,104510343.713641,273464,20802.3615,48016584.691592,0
2024-09-16 12:00:00,2307.8,2312.6,2269.52,2287.72,53576.0851,2024-09-16 15:59:59.999,122764415.474538,447348,24874.4793,57016983.208764,0
2024-09-16 16:00:00,2287.73,2311.06,2269.25,2275.22,57131.6662,2024-09-16 19:59:59.999,130775640.335549,368881,26236.6891,60065058.418033,0
2024-09-16 20:00:00,2275.22,2301.6,2267.6,2295.68,45356.1897,2024-09-16 23:59:59.999,103393241.557828,204919,17567.6219,40062543.208313,0
2024-09-17 00:00:00,2295.67,2298.91,2263.29,2284.18,28503.775,2024-09-17 03:59:59.999,65013031.333671,184308,13387.6666,30527335.194473,0
2024-09-17 04:00:00,2284.19,2310.75,2282.44,2309.18,23151.7754,2024-09-17 07:59:59.999,53201770.762156,146788,11884.7327,27304923.748981,0
2024-09-17 08:00:00,2309.18,2323.69,2302.46,2308.12,40567.8112,2024-09-17 11:59:59.999,93776084.480934,204417,19119.3839,44200056.539432,0
2024-09-17 12:00:00,2308.12,2393.63,2302.61,2383.79,100277.9426,2024-09-17 15:59:59.999,235742383.770438,598092,52208.1869,122786434.611031,0
2024-09-17 16:00:00,2383.79,2390.0,2327.9,2353.09,55350.6039,2024-09-17 19:59:59.999,130729073.992574,486460,25621.7392,60522580.517993,0
2024-09-17 20:00:00,2353.09,2361.6,2328.79,2341.8,26354.3507,2024-09-17 23:59:59.999,61845452.254269,193459,12269.9277,28794113.643907,0
2024-09-18 00:00:00,2341.79,2343.28,2309.69,2334.79,33269.0484,2024-09-18 03:59:59.999,77439941.549321,292708,16621.481,38696497.604043,0
2024-09-18 04:00:00,2334.79,2336.24,2312.64,2330.0,24340.0227,2024-09-18 07:59:59.999,56622338.950739,173739,10891.187,25337902.445783,0
2024-09-18 08:00:00,2330.0,2330.01,2277.34,2300.59,43998.7581,2024-09-18 11:59:59.999,101395840.365835,489005,21493.0699,49535647.163081,0
2024-09-18 12:00:00,2300.6,2318.0,2288.0,2296.0,39254.5568,2024-09-18 15:59:59.999,90317600.568226,576448,18109.7881,41680017.4338,0
2024-09-18 16:00:00,2296.0,2364.42,2288.25,2315.19,107978.8702,2024-09-18 19:59:59.999,251180009.122441,808766,53910.1379,125426128.842027,0
2024-09-18 20:00:00,2315.19,2376.14,2290.0,2374.75,44076.3446,2024-09-18 23:59:59.999,102901020.614491,214973,23141.5762,54065200.537815,0
2024-09-19 00:00:00,2374.74,2412.82,2372.6,2403.68,74063.4655,2024-09-19 03:59:59.999,177148873.785258,289774,40512.8388,96927910.826427,0
2024-09-19 04:00:00,2403.69,2442.6,2399.59,2438.06,51924.8166,2024-09-19 07:59:59.999,125581045.935677,318668,27632.5058,66844990.93975,0
2024-09-19 08:00:00,2438.07,2442.1,2423.35,2435.35,42639.8525,2024-09-19 11:59:59.999,103755784.388082,318149,21372.644,52010158.645612,0
2024-09-19 12:00:00,2435.34,2453.0,2420.48,2440.0,57030.3325,2024-09-19 15:59:59.999,138896299.231964,802215,30581.2552,74497521.520267,0
2024-09-19 16:00:00,2439.99,2494.95,2433.41,2460.93,69471.6538,2024-09-19 19:59:59.999,171475822.577955,812525,35806.5557,88360905.060555,0
2024-09-19 20:00:00,2460.94,2478.8,2452.26,2465.21,31615.9111,2024-09-19 23:59:59.999,77962855.076118,320765,15202.6752,37490881.011416,0
2024-09-20 00:00:00,2465.21,2521.71,2437.31,2520.56,49254.4522,2024-09-20 03:59:59.999,121684027.139206,477606,26946.1695,66667135.494964,0
2024-09-20 04:00:00,2520.56,2571.93,2516.81,2561.0,103499.6359,2024-09-20 07:59:59.999,263620707.778133,813998,53155.2924,135385156.683995,0
2024-09-20 08:00:00,2561.0,2565.0,2539.34,2544.96,43297.2088,2024-09-20 11:59:59.999,110335698.159508,389999,19559.2064,49844480.254455,0
2024-09-20 12:00:00,2544.95,2570.0,2516.2,2560.27,81292.3298,2024-09-20 15:59:59.999,206848450.911194,885503,42829.2046,109027573.210013,0
2024-09-20 16:00:00,2560.27,2569.0,2525.36,2540.98,42141.6771,2024-09-20 19:59:59.999,107314118.583109,496257,19482.7887,49624897.65079,0
2024-09-20 20:00:00,2540.97,2562.4,2538.47,2561.4,21269.2874,2024-09-20 23:59:59.999,54213605.544413,177886,11129.0516,28371864.469077,0
2024-09-21 00:00:00,2561.4,2587.4,2534.17,2544.0,43762.2681,2024-09-21 03:59:59.999,112092270.885374,383119,20878.3523,53495609.785214,0
2024-09-21 04:00:00,2544.01,2558.99,2528.97,2555.77,24115.9844,2024-09-21 07:59:59.999,61372606.467864,190286,12554.3436,31941923.376267,0
2024-09-21 08:00:00,2555.77,2557.34,2545.04,2556.5,13639.3088,2024-09-21 11:59:59.999,34791611.823683,127431,6290.2709,16047203.604397,0
2024-09-21 12:00:00,2556.49,2576.47,2550.44,2560.0,26807.5925,2024-09-21 15:59:59.999,68714773.47058,242274,13935.5415,35722236.510934,0
2024-09-21 16:00:00,2560.0,2578.4,2556.21,2572.05,16053.7707,2024-09-21 19:59:59.999,41221054.149497,204799,7471.8767,19187413.226981,0
2024-09-21 20:00:00,2572.06,2623.34,2560.0,2612.4,30378.9528,2024-09-21 23:59:59.999,78761153.720633,277869,17833.6854,46244179.540859,0
2024-09-22 00:00:00,2612.4,2632.57,2588.1,2594.71,44959.9,2024-09-22 03:59:59.999,117316753.428283,424628,23250.3454,60669175.103913,0
2024-09-22 04:00:00,2594.7,2604.6,2576.01,2587.99,23704.0734,2024-09-22 07:59:59.999,61337983.220979,219721,10166.6149,26314186.310001,0
2024-09-22 08:00:00,2587.99,2595.76,2569.61,2580.59,27603.6937,2024-09-22 11:59:59.999,71281331.833949,251502,12219.3514,31558604.539017,0
2024-09-22 12:00:00,2580.59,2588.0,2554.82,2570.51,35522.7974,2024-09-22 15:59:59.999,91333290.511181,342527,14818.6645,38100545.691294,0
2024-09-22 16:00:00,2570.51,2591.69,2552.49,2578.37,36410.4297,2024-09-22 19:59:59.999,93665782.096238,293036,15292.5634,39355926.584763,0
2024-09-22 20:00:00,2578.38,2594.0,2524.58,2581.0,46065.4315,2024-09-22 23:59:59.999,118124708.462769,536397,22089.5116,56638545.34439,0
2024-09-23 00:00:00,2580.99,2687.24,2539.49,2676.71,98308.8181,2024-09-23 03:59:59.999,258294792.096081,964230,50309.1778,132171850.377215,0
2024-09-23 04:00:00,2676.71,2681.13,2636.49,2646.48,44218.2619,2024-09-23 07:59:59.999,117541072.188393,494385,20235.5736,53781342.988669,0
2024-09-23 08:00:00,2646.47,2662.47,2633.91,2646.0,36840.1003,2024-09-23 11:59:59.999,97541134.775649,415234,16546.4334,43812756.504552,0
2024-09-23 12:00:00,2646.0,2685.1,2631.45,2675.38,59269.4637,2024-09-23 15:59:59.999,157417081.731564,724470,29669.7284,78828707.215111,0
2024-09-23 16:00:00,2675.37,2702.82,2658.08,2672.97,58966.6192,2024-09-23 19:59:59.999,157994821.558761,647819,28391.3676,76089117.679739,0
2024-09-23 20:00:00,2672.97,2682.3,2639.55,2646.97,35678.7517,2024-09-23 23:59:59.999,94729354.848959,246266,16629.837,44149139.435826,0
2024-09-24 00:00:00,2646.98,2651.39,2609.4,2627.4,52066.9646,2024-09-24 03:59:59.999,136753796.727766,373471,25388.5515,66677240.194821,0
2024-09-24 04:00:00,2627.39,2649.4,2618.28,2647.0,25605.4939,2024-09-24 07:59:59.999,67478451.406324,242368,13357.2425,35202779.226888,0
2024-09-24 08:00:00,2647.0,2667.75,2619.35,2636.85,45110.5414,2024-09-24 11:59:59.999,119395653.363958,390028,21288.3866,56363769.990271,0
2024-09-24 12:00:00,2636.86,2646.36,2591.56,2612.44,79666.7414,2024-09-24 15:59:59.999,208605525.460754,785898,36406.2858,95322196.472315,0
2024-09-24 16:00:00,2612.44,2657.0,2611.07,2650.49,44179.4142,2024-09-24 19:59:59.999,116472572.676262,519784,22460.4581,59214802.277259,0
2024-09-24 20:00:00,2650.49,2670.96,2640.14,2653.2,41970.8847,2024-09-24 23:59:59.999,111453620.34647,418922,21754.9651,57777660.804363,0
2024-09-25 00:00:00,2653.2,2673.5,2632.5,2646.6,45571.698,2024-09-25 03:59:59.999,120726890.528484,425933,23393.0754,61976860.991085,0
2024-09-25 04:00:00,2646.61,2646.87,2610.53,2621.47,36076.8035,2024-09-25 07:59:59.999,94681031.833315,340848,16028.0061,42062458.161019,0
2024-09-25 08:00:00,2621.48,2630.52,2613.99,2627.4,28484.7217,2024-09-25 11:59:59.999,74720783.560176,290618,12217.2928,32051552.185162,0
2024-09-25 12:00:00,2627.39,2629.56,2595.61,2600.81,40267.1429,2024-09-25 15:59:59.999,105356531.798696,530010,19543.7207,51165527.669314,0
2024-09-25 16:00:00,2600.81,2609.39,2564.77,2570.69,47192.8845,2024-09-25 19:59:59.999,122053266.406275,531935,21762.1751,56299516.341689,0
2024-09-25 20:00:00,2570.69,2584.75,2554.05,2579.95,22750.1787,2024-09-25 23:59:59.999,58562420.5846,327245,10943.6083,28175687.251203,0
2024-09-26 00:00:00,2580.09,2607.0,2559.2,2602.3,41277.9557,2024-09-26 03:59:59.999,106674683.839664,479457,21877.172,56555792.419661,0
2024-09-26 04:00:00,2602.31,2634.95,2591.75,2629.8,30667.359,2024-09-26 07:59:59.999,80200550.6922,257148,17060.8387,44625136.01796,0
2024-09-26 08:00:00,2629.8,2639.5,2612.83,2628.8,46833.8007,2024-09-26 11:59:59.999,122990240.525657,370582,21849.1917,57393959.194653,0
2024-09-26 12:00:00,2628.79,2663.8,2607.92,2652.01,82796.5157,2024-09-26 15:59:59.999,218156581.982305,974575,40127.1564,105768180.937628,0
2024-09-26 16:00:00,2652.01,2666.22,2626.8,2648.99,46663.0564,2024-09-26 19:59:59.999,123568849.470095,510407,23460.1231,62125376.336537,0
2024-09-26 20:00:00,2649.0,2654.97,2617.49,2632.26,30447.6698,2024-09-26 23:59:59.999,80290262.406774,305294,14830.9654,39112052.147985,0
2024-09-27 00:00:00,2632.25,2644.9,2615.21,2638.66,26768.3738,2024-09-27 03:59:59.999,70388692.710313,300246,13639.3853,35873070.5374,0
2024-09-27 04:00:00,2638.66,2668.37,2636.8,2657.27,56713.5886,2024-09-27 07:59:59.999,150592255.926686,367185,36034.99,95705978.139865,0
2024-09-27 08:00:00,2657.28,2677.61,2641.3,2652.0,41596.5263,2024-09-27 11:59:59.999,110561379.926184,402238,20838.8829,55393207.404572,0
2024-09-27 12:00:00,2652.0,2699.68,2642.2,2683.62,67237.2116,2024-09-27 15:59:59.999,179904244.069699,735011,33323.2119,89189365.164379,0
2024-09-27 16:00:00,2683.63,2728.6,2678.49,2701.37,71817.2564,2024-09-27 19:59:59.999,194063293.896516,592954,39016.1615,105435896.744518,0
2024-09-27 20:00:00,2701.38,2708.41,2689.99,2694.43,17694.0225,2024-09-27 23:59:59.999,47723992.829274,201628,8889.8777,23978844.622742,0
2024-09-28 00:00:00,2694.43,2704.35,2688.01,2690.31,21128.0815,2024-09-28 03:59:59.999,56958583.059127,183522,10794.3068,29103429.382381,0
2024-09-28 04:00:00,2690.31,2700.36,2674.75,2677.93,24118.7176,2024-09-28 07:59:59.999,64781110.884682,202652,10969.2524,29469853.88642,0
2024-09-28 08:00:00,2677.93,2678.42,2650.0,2675.22,29681.2006,2024-09-28 11:59:59.999,79198052.940308,272475,13927.7106,37161486.703986,0
2024-09-28 12:00:00,2675.23,2675.9,2652.2,2669.9,24672.6722,2024-09-28 15:59:59.999,65739593.024405,203941,12247.768,32639802.654367,0
2024-09-28 16:00:00,2669.89,2684.51,2662.21,2678.34,21399.5884,2024-09-28 19:59:59.999,57243796.889016,180540,10425.3367,27884110.896409,0
2024-09-28 20:00:00,2678.33,2680.33,2655.5,2675.21,16229.7739,2024-09-28 23:59:59.999,43378821.265138,149674,7559.8457,20208578.812605,0
2024-09-29 00:00:00,2675.21,2683.7,2663.64,2674.96,13413.3075,2024-09-29 03:59:59.999,35869963.191141,174797,6133.3388,16401934.984231,0
2024-09-29 04:00:00,2674.96,2674.96,2629.73,2640.44,55180.1074,2024-09-29 07:59:59.999,146333040.129091,275525,27523.5054,72989082.946799,0
2024-09-29 08:00:00,2640.43,2655.0,2634.2,2652.49,24320.7835,2024-09-29 11:59:59.999,64347987.230665,201266,12875.0122,34065146.145114,0
2024-09-29 12:00:00,2652.49,2669.2,2641.0,2666.38,24891.9894,2024-09-29 15:59:59.999,66116721.74281,296446,13303.1258,35339997.00357,0
2024-09-29 16:00:00,2666.38,2671.8,2650.49,2666.78,20369.8117,2024-09-29 19:59:59.999,54260192.665057,234283,10143.7196,27024203.012877,0
2024-09-29 20:00:00,2666.77,2673.41,2648.0,2657.62,22378.3151,2024-09-29 23:59:59.999,59558383.317513,234728,11507.3043,30633261.995953,0
2024-09-30 00:00:00,2657.62,2663.5,2601.12,2629.89,67474.6477,2024-09-30 03:59:59.999,177198882.130256,619942,31375.8996,82421368.787277,0
2024-09-30 04:00:00,2629.89,2643.53,2623.08,2637.82,27997.402,2024-09-30 07:59:59.999,73734352.092898,211429,13049.3001,34373629.414515,0
2024-09-30 08:00:00,2637.81,2643.08,2592.42,2628.94,66786.5368,2024-09-30 11:59:59.999,174866823.72412,529186,33087.967,86656901.710598,0
2024-09-30 12:00:00,2628.94,2638.94,2593.73,2596.0,35767.354,2024-09-30 15:59:59.999,93676824.852958,546920,17626.4511,46175202.835805,0
2024-09-30 16:00:00,2595.99,2610.01,2575.0,2595.31,45071.6506,2024-09-30 19:59:59.999,116954569.276148,415911,21489.6393,55759040.156552,0
2024-09-30 20:00:00,2595.31,2617.46,2576.58,2602.23,39378.205,2024-09-30 23:59:59.999,102566445.502705,361007,18602.3374,48448627.098904,0
2024-10-01 00:00:00,2602.24,2633.3,2591.34,2629.83,46721.4787,2024-10-01 03:59:59.999,122321219.070813,434495,21049.6603,55119172.645434,0
2024-10-01 04:00:00,2629.83,2659.0,2627.6,2645.61,41960.4537,2024-10-01 07:59:59.999,110945268.893554,302509,22158.9361,58588926.748808,0
2024-10-01 08:00:00,2645.61,2647.19,2628.47,2628.87,28094.2912,2024-10-01 11:59:59.999,74117244.17118,197212,13208.3291,34848271.637681,0
2024-10-01 12:00:00,2628.86,2633.42,2481.4,2524.81,162363.3521,2024-10-01 15:59:59.999,414030053.705337,1280171,77031.5277,196423345.866779,0
2024-10-01 16:00:00,2524.81,2531.4,2428.34,2488.71,137494.6322,2024-10-01 19:59:59.999,342271401.150821,1385285,67842.8632,168978376.216192,0
2024-10-01 20:00:00,2488.71,2492.4,2414.0,2447.79,86194.4725,2024-10-01 23:59:59.999,211382858.824843,925770,40271.1552,98768918.932416,0
2024-10-02 00:00:00,2447.78,2499.0,2442.13,2489.6,44750.7125,2024-10-02 03:59:59.999,110757327.023235,527221,24187.4343,59868318.738273,0
2024-10-02 04:00:00,2489.6,2492.93,2467.19,2482.04,33754.5231,2024-10-02 07:59:59.999,83802292.718246,421209,17024.288,42276874.638089,0
2024-10-02 08:00:00,2482.03,2486.89,2441.71,2455.22,39918.2223,2024-10-02 11:59:59.999,98275746.596067,505926,17851.4013,43966859.808723,0
2024-10-02 12:00:00,2455.22,2463.67,2418.8,2460.4,69451.668,2024-10-02 15:59:59.999,169646581.789012,1112725,35744.4619,87307575.564421,0
2024-10-02 16:00:00,2460.4,2478.89,2368.03,2371.77,74986.2284,2024-10-02 19:59:59.999,180788954.839121,1065606,32255.7759,77814262.894392,0
2024-10-02 20:00:00,2371.77,2392.99,2352.0,2364.1,54623.3807,2024-10-02 23:59:59.999,129544556.40087,666682,28700.4799,68091120.8197,0
2024-10-03 00:00:00,2364.09,2399.6,2352.59,2399.32,42118.3821,2024-10-03 03:59:59.999,100239891.557106,556065,22105.4946,52624700.531963,0
2024-10-03 04:00:00,2399.32,2403.38,2360.0,2364.66,42369.5009,2024-10-03 07:59:59.999,101010553.437355,351330,17761.5797,42346382.792937,0
2024-10-03 08:00:00,2364.65,2370.0,2318.72,2352.34,83288.927,2024-10-03 11:59:59.999,195263208.955497,838447,34987.4746,82037279.505786,0
2024-10-03 12:00:00,2352.35,2366.09,2310.0,2340.59,87184.8993,2024-10-03 15:59:59.999,203613978.680715,1431693,44502.3865,103944420.561797,0
2024-10-03 16:00:00,2340.6,2354.31,2312.0,2353.51,39550.6975,2024-10-03 19:59:59.999,92366292.515237,595453,19424.6675,45383564.036997,0
2024-10-03 20:00:00,2353.51,2357.9,2332.6,2349.8,20123.5195,2024-10-03 23:59:59.999,47238884.335977,323023,10517.4407,24692220.094063,0
2024-10-04 00:00:00,2349.8,2380.0,2339.15,2367.06,38159.3861,2024-10-04 03:59:59.999,90253959.832938,519105,18587.3986,43963892.292481,0
2024-10-04 04:00:00,2367.07,2387.58,2365.63,2381.6,29429.7729,2024-10-04 07:59:59.999,69981623.783681,257477,15438.6696,36716001.10887,0
2024-10-04 08:00:00,2381.6,2393.52,2374.11,2386.2,24944.9194,2024-10-04 11:59:59.999,59440335.530304,288347,12986.3601,30950413.048263,0
2024-10-04 12:00:00,2386.2,2418.41,2352.6,2417.05,79263.7285,2024-10-04 15:59:59.999,189013320.724766,815559,42167.9937,100611368.250162,0
2024-10-04 16:00:00,2417.1,2441.64,2409.67,2428.9,52325.0473,2024-10-04 19:59:59.999,126969206.291942,502596,25208.6991,61182236.506899,0
2024-10-04 20:00:00,2428.9,2431.74,2412.4,2414.41,15260.1628,2024-10-04 23:59:59.999,36968970.941738,173218,7103.0665,17211496.968355,0
2024-10-05 00:00:00,2414.41,2428.23,2390.26,2399.6,20356.2535,2024-10-05 03:59:59.999,49069975.408531,220953,9543.4458,23020283.567929,0
2024-10-05 04:00:00,2399.61,2427.0,2397.11,2415.1,14638.4733,2024-10-05 07:59:59.999,35354137.149443,174250,8101.8398,19562816.719524,0
2024-10-05 08:00:00,2415.11,2428.22,2415.1,2417.19,14026.2539,2024-10-05 11:59:59.999,33958388.364529,144551,7030.817,17024824.173052,0
2024-10-05 12:00:00,2417.19,2424.15,2404.7,2415.01,20570.7141,2024-10-05 15:59:59.999,49656944.442673,192866,9255.5978,22346527.209722,0
2024-10-05 16:00:00,2415.01,2416.1,2392.8,2396.54,18796.2094,2024-10-05 19:59:59.999,45153035.089075,237887,7538.5649,18113604.104615,0
2024-10-05 20:00:00,2396.54,2419.5,2390.05,2414.66,15352.3274,2024-10-05 23:59:59.999,36941117.234071,176994,8174.5884,19672188.376077,0
2024-10-06 00:00:00,2414.66,2423.0,2407.0,2413.64,11865.5663,2024-10-06 03:59:59.999,28665149.747126,151298,6339.6233,15315875.094031,0
2024-10-06 04:00:00,2413.63,2421.0,2410.35,2417.38,10555.4611,2024-10-06 07:59:59.999,25506608.143011,109047,6183.0299,14938637.775206,0
2024-10-06 08:00:00,2417.39,2430.73,2415.4,2426.63,13919.4157,2024-10-06 11:59:59.999,33731417.008622,134067,7613.5915,18448832.223182,0
2024-10-06 12:00:00,2426.64,2457.8,2424.91,2446.62,28185.7731,2024-10-06 15:59:59.999,68779257.701981,273516,14818.9508,36161495.913106,0
2024-10-06 16:00:00,2446.62,2453.0,2435.4,2441.39,20084.9861,2024-10-06 19:59:59.999,49094533.087407,234450,10226.1629,24992330.392868,0
2024-10-06 20:00:00,2441.4,2444.6,2415.65,2440.03,21141.5073,2024-10-06 23:59:59.999,51436809.764733,194728,10859.1358,26426380.075165,0
2024-10-07 00:00:00,2440.02,2512.92,2435.84,2495.34,64906.1124,2024-10-07 03:59:59.999,161498324.966183,640910,34472.133,85741125.978045,0
2024-10-07 04:00:00,2495.34,2498.7,2477.24,2480.53,24519.6837,2024-10-07 07:59:59.999,61002798.096829,199160,11427.1896,28435137.242659,0
2024-10-07 08:00:00,2480.54,2488.87,2437.9,2475.84,53068.404,2024-10-07 11:59:59.999,130535329.231828,438510,25567.9762,62875607.216701,0
2024-10-07 12:00:00,2475.84,2521.0,2462.67,2474.23,69983.6456,2024-10-07 15:59:59.999,174186205.831149,765226,33521.6454,83459861.410426,0
2024-10-07 16:00:00,2474.24,2481.2,2420.01,2445.62,50138.6127,2024-10-07 19:59:59.999,122930451.726398,596830,23218.9087,56930387.23857,0
2024-10-07 20:00:00,2445.62,2457.65,2403.0,2422.71,37843.0823,2024-10-07 23:59:59.999,92010627.114524,440697,18845.3397,45823387.328248,0
2024-10-08 00:00:00,2422.7,2448.1,2422.7,2438.13,23442.3811,2024-10-08 03:59:59.999,57083019.380611,258237,12338.36,30043325.986578,0
2024-10-08 04:00:00,2438.13,2445.74,2410.51,2428.6,30639.3201,2024-10-08 07:59:59.999,74382961.002386,363940,15320.348,37193603.48311,0
2024-10-08 08:00:00,2428.6,2441.74,2417.4,2439.71,20649.4241,2024-10-08 11:59:59.999,50170124.206937,212340,10174.9761,24722224.654527,0
2024-10-08 12:00:00,2439.71,2453.23,2401.18,2419.5,63179.4006,2024-10-08 15:59:59.999,153518108.038929,685301,28038.3476,68127342.424456,0
2024-10-08 16:00:00,2419.49,2456.62,2411.17,2440.13,43221.5315,2024-10-08 19:59:59.999,105382635.223367,498757,21988.7061,53629992.143782,0
2024-10-08 20:00:00,2440.13,2466.66,2434.06,2440.89,20226.2738,2024-10-08 23:59:59.999,49506247.172732,222065,10838.3317,26529753.328505,0
2024-10-09 00:00:00,2440.88,2473.61,2427.44,2446.78,35935.5975,2024-10-09 03:59:59.999,88084920.441999,455055,19370.4745,47484119.416199,0
2024-10-09 04:00:00,2446.78,2452.61,2431.71,2436.01,21223.492,2024-10-09 07:59:59.999,51857087.754344,227428,9659.1146,23600374.713507,0
2024-10-09 08:00:00,2436.0,2442.55,2427.79,2441.7,22985.73,2024-10-09 11:59:59.999,55953522.032034,217880,10428.1818,25390291.446455,0
2024-10-09 12:00:00,2441.69,2472.08,2423.13,2461.3,55578.003,2024-10-09 15:59:59.999,135744889.46483,588174,28488.3809,69578102.297817,0
2024-10-09 16:00:00,2461.3,2462.61,2407.43,2418.3,40763.1329,2024-10-09 19:59:59.999,98989873.877364,518357,20078.8758,48739005.983896,0
2024-10-09 20:00:00,2418.3,2418.3,2351.42,2370.47,65596.3171,2024-10-09 23:59:59.999,155839689.822956,562989,30582.6477,72600656.670446,0
2024-10-10 00:00:00,2370.47,2400.6,2366.87,2395.3,38178.3731,2024-10-10 03:59:59.999,91220278.262983,314942,19084.2114,45588426.42467,0
2024-10-10 04:00:00,2395.31,2411.38,2391.12,2395.8,20018.0731,2024-10-10 07:59:59.999,48071703.286108,161873,9271.132,22263524.279232,0
2024-10-10 08:00:00,2395.78,2408.12,2368.55,2406.56,32497.4526,2024-10-10 11:59:59.999,77673880.373527,383220,14922.4504,35675277.172903,0
2024-10-10 12:00:00,2406.56,2408.93,2370.0,2404.63,50311.8395,2024-10-10 15:59:59.999,120113133.831184,657754,24343.0079,58121627.45184,0
2024-10-10 16:00:00,2404.62,2421.36,2330.66,2367.13,93309.876,2024-10-10 19:59:59.999,221227718.465995,936712,43846.9647,103942011.424748,0
2024-10-10 20:00:00,2367.13,2387.09,2357.07,2386.49,23547.3476,2024-10-10 23:59:59.999,55875330.729739,280016,13181.4034,31285796.129984,0
2024-10-11 00:00:00,2386.49,2416.94,2381.86,2411.1,30289.8309,2024-10-11 03:59:59.999,72654942.813249,346811,16730.1573,40132037.533883,0
2024-10-11 04:00:00,2411.18,2418.55,2403.36,2407.64,24815.734,2024-10-11 07:59:59.999,59801314.865953,233853,13154.8279,31703107.34315,0
2024-10-11 08:00:00,2407.64,2426.22,2402.65,2417.82,29077.8241,2024-10-11 11:59:59.999,70200950.40856,251228,16104.2852,38884287.36296,0
2024-10-11 12:00:00,2417.83,2453.84,2414.51,2443.81,70787.7003,2024-10-11 15:59:59.999,172231435.117526,540792,36121.8455,87894478.334478,0
2024-10-11 16:00:00,2443.8,2471.45,2433.46,2459.6,54255.9426,2024-10-11 19:59:59.999,132979825.933751,332707,26468.7447,64885649.088024,0
2024-10-11 20:00:00,2459.59,2462.31,2434.22,2439.5,26214.1878,2024-10-11 23:59:59.999,64196934.602859,207724,11499.1975,28169446.680193,0
2024-10-12 00:00:00,2439.49,2451.37,2434.35,2439.04,25581.3859,2024-10-12 03:59:59.999,62482275.500815,196008,11809.2442,28847394.490238,0
2024-10-12 04:00:00,2439.05,2451.77,2439.05,2446.69,19107.4669,2024-10-12 07:59:59.999,46736176.732905,116134,10503.2856,25690585.982476,0
2024-10-12 08:00:00,2446.68,2467.51,2442.61,2452.5,22359.2388,2024-10-12 11:59:59.999,54834613.822825,149104,12919.1818,31689848.541011,0
2024-10-12 12:00:00,2452.5,2484.0,2448.8,2473.11,38159.8719,2024-10-12 15:59:59.999,94210132.072642,251956,21796.0863,53823108.90483,0
2024-10-12 16:00:00,2473.1,2486.75,2466.66,2472.6,21868.9413,2024-10-12 19:59:59.999,54136926.183204,193791,11289.886,27948395.990253,0
2024-10-12 20:00:00,2472.6,2490.51,2469.1,2476.4,12560.6014,2024-10-12 23:59:59.999,31138833.507837,151130,7317.7883,18144318.076166,0
2024-10-13 00:00:00,2476.4,2484.92,2452.55,2457.86,22224.4323,2024-10-13 03:59:59.999,54861998.715449,176910,10692.5027,26402045.612618,0
2024-10-13 04:00:00,2457.86,2469.84,2457.32,2465.0,11829.3096,2024-10-13 07:59:59.999,29150900.34771,90318,6304.7726,15536045.042131,0
2024-10-13 08:00:00,2465.0,2471.74,2457.52,2458.27,13286.2189,2024-10-13 11:59:59.999,32752368.235926,136072,7071.2535,17433226.702172,0
2024-10-13 12:00:00,2458.27,2470.49,2436.4,2440.51,25303.6962,2024-10-13 15:59:59.999,62075303.586917,233712,10601.9407,26019685.180669,0
2024-10-13 16:00:00,2440.51,2462.31,2437.92,2458.09,24263.4219,2024-10-13 19:59:59.999,59464737.767449,197013,12540.3536,30733238.432776,0
2024-10-13 20:00:00,2458.09,2484.6,2452.87,2468.91,23115.739,2024-10-13 23:59:59.999,57017484.430674,198880,12549.5516,30958434.355405,0
2024-10-14 00:00:00,2468.92,2526.6,2443.39,2521.11,65340.254,2024-10-14 03:59:59.999,162926735.826599,373958,33428.6048,83318942.172084,0
2024-10-14 04:00:00,2521.11,2548.43,2511.34,2535.78,90677.8823,2024-10-14 07:59:59.999,229587644.580239,516894,45143.8803,114293607.747118,0
2024-10-14 08:00:00,2535.78,2547.49,2519.65,2537.9,44684.5599,2024-10-14 11:59:59.999,113247429.27308,345578,22985.6948,58252251.920224,0
2024-10-14 12:00:00,2537.91,2642.88,2534.47,2635.47,149388.5896,2024-10-14 15:59:59.999,387753896.944256,816681,84045.3304,218070970.672549,0
2024-10-14 16:00:00,2635.47,2640.4,2615.12,2620.51,51675.6035,2024-10-14 19:59:59.999,135706802.676668,358758,25242.5775,66293094.722412,0
2024-10-14 20:00:00,2620.5,2654.0,2616.1,2629.79,34133.2726,2024-10-14 23:59:59.999,89861721.507096,303156,18819.5169,49552204.580941,0
2024-10-15 00:00:00,2629.79,2637.38,2608.52,2612.32,32699.9359,2024-10-15 03:59:59.999,85838361.929852,324662,16128.885,42353647.949638,0
2024-10-15 04:00:00,2612.33,2623.7,2590.29,2615.66,39737.151,2024-10-15 07:59:59.999,103603885.212894,285911,18491.9832,48233730.810416,0
2024-10-15 08:00:00,2615.67,2622.5,2580.01,2586.2,46038.5745,2024-10-15 11:59:59.999,120015773.646114,349608,19879.3093,51839836.692352,0
2024-10-15 12:00:00,2586.2,2688.6,2537.36,2573.45,191312.0206,2024-10-15 15:59:59.999,498378282.202729,1432546,95463.0047,248790403.251508,0
2024-10-15 16:00:00,2573.42,2619.33,2571.36,2592.11,70160.4914,2024-10-15 19:59:59.999,181840214.478364,584665,37109.2253,96202177.876905,0
2024-10-15 20:00:00,2592.11,2609.08,2563.6,2607.41,36337.4929,2024-10-15 23:59:59.999,93953595.669754,329173,18504.1108,47860094.585082,0
2024-10-16 00:00:00,2607.41,2630.6,2588.67,2617.23,41559.1494,2024-10-16 03:59:59.999,108649108.127746,379000,22896.586,59884581.390643,0
2024-10-16 04:00:00,2617.22,2624.44,2598.77,2607.13,44954.7587,2024-10-16 07:59:59.999,117384724.881191,321701,18920.2211,49404689.643174,0
2024-10-16 08:00:00,2607.12,2642.69,2605.01,2630.4,57405.2416,2024-10-16 11:59:59.999,150551806.759105,544105,28890.5927,75799781.75639,0
2024-10-16 12:00:00,2630.41,2647.79,2595.0,2607.67,69142.741,2024-10-16 15:59:59.999,181164588.729842,989774,33289.2647,87278508.814625,0
2024-10-16 16:00:00,2607.68,2628.0,2591.58,2614.93,29249.1835,2024-10-16 19:59:59.999,76433029.465679,384612,14232.39,37189899.732052,0
2024-10-16 20:00:00,2614.93,2628.83,2608.94,2611.1,18011.35,2024-10-16 23:59:59.999,47159404.455007,193944,9178.6134,24036181.760909,0
2024-10-17 00:00:00,2611.1,2645.6,2610.03,2640.8,42096.8727,2024-10-17 03:59:59.999,110693113.126849,414927,22506.1769,59191865.114531,0
2024-10-17 04:00:00,2640.8,2648.37,2618.99,2628.5,33833.5101,2024-10-17 07:59:59.999,89003045.274996,337648,16208.8666,42643343.669118,0
2024-10-17 08:00:00,2628.5,2630.71,2596.49,2598.01,37961.3642,2024-10-17 11:59:59.999,99248174.341241,378562,18330.7509,47962239.321954,0
2024-10-17 12:00:00,2598.01,2632.73,2583.5,2630.82,53370.1693,2024-10-17 15:59:59.999,139180886.852613,738381,27567.068,71910191.584437,0
2024-10-17 16:00:00,2630.81,2631.43,2575.4,2595.59,36027.0507,2024-10-17 19:59:59.999,93710907.387348,475076,15646.0137,40688530.874106,0
2024-10-17 20:00:00,2595.6,2614.91,2594.8,2605.8,18335.5764,2024-10-17 23:59:59.999,47761522.946356,198519,9423.9828,24547975.991865,0
2024-10-18 00:00:00,2605.79,2651.66,2596.49,2609.99,55249.9857,2024-10-18 03:59:59.999,145185622.135638,488646,30126.5376,79199692.883683,0
2024-10-18 04:00:00,2609.98,2645.83,2608.79,2644.5,39782.9796,2024-10-18 07:59:59.999,104531142.232515,338662,21079.5294,55415119.910062,0
2024-10-18 08:00:00,2644.51,2650.0,2621.0,2621.98,34026.8825,2024-10-18 11:59:59.999,89586605.366936,313405,17156.6938,45178878.669237,0
2024-10-18 12:00:00,2621.98,2663.4,2612.2,2653.15,73294.5491,2024-10-18 15:59:59.999,193145939.937866,888445,38854.1112,102409920.876679,0
2024-10-18 16:00:00,2653.15,2675.58,2629.5,2651.31,65334.2914,2024-10-18 19:59:59.999,173371318.096104,562295,31996.6787,84939544.970357,0
2024-10-18 20:00:00,2651.38,2652.03,2633.59,2642.17,24755.427,2024-10-18 23:59:59.999,65411587.166105,243601,11861.7412,31342920.538575,0
2024-10-19 00:00:00,2642.17,2663.49,2635.22,2646.41,24351.122,2024-10-19 03:59:59.999,64415584.420501,231761,13140.0146,34765397.412796,0
2024-10-19 04:00:00,2646.41,2650.97,2638.0,2641.05,16877.9183,2024-10-19 07:59:59.999,44629376.545261,150046,8914.4662,23572230.509211,0
2024-10-19 08:00:00,2641.05,2648.6,2631.02,2631.48,17547.521,2024-10-19 11:59:59.999,46363177.469443,194496,8463.0156,22367016.021688,0
2024-10-19 12:00:00,2631.48,2654.41,2631.04,2645.7,19701.0133,2024-10-19 15:59:59.999,52065594.528914,227269,10393.4699,27469196.361951,0
2024-10-19 16:00:00,2645.69,2646.52,2637.0,2641.34,14020.3029,2024-10-19 19:59:59.999,37042607.232612,172198,5672.1702,14986039.433142,0
2024-10-19 20:00:00,2641.34,2655.5,2640.89,2648.2,12915.8871,2024-10-19 23:59:59.999,34206788.961163,169824,6372.5647,16877282.266372,0
2024-10-20 00:00:00,2648.2,2653.56,2635.54,2640.25,16860.0707,2024-10-20 03:59:59.999,44551221.002758,214856,6007.1991,15874059.899345,0
2024-10-20 04:00:00,2640.26,2652.03,2638.45,2646.1,16365.2238,2024-10-20 07:59:59.999,43282905.94472,156329,8098.7528,21422223.569798,0
2024-10-20 08:00:00,2646.1,2651.49,2643.13,2649.49,12696.1974,2024-10-20 11:59:59.999,33624126.270205,124603,6672.868,17673373.008392,0
2024-10-20 12:00:00,2649.5,2721.0,2642.0,2706.58,100584.9476,2024-10-20 15:59:59.999,270702493.646572,681813,54590.1973,146914032.42753,0
2024-10-20 16:00:00,2706.58,2709.77,2686.25,2699.86,31714.755,2024-10-20 19:59:59.999,85545116.708314,328808,15454.1516,41679896.937983,0
2024-10-20 20:00:00,2699.87,2759.0,2697.03,2746.91,78689.5503,2024-10-20 23:59:59.999,214844830.86906,768436,40492.4633,110566295.443718,0
2024-10-21 00:00:00,2746.91,2769.48,2725.3,2733.81,65279.2393,2024-10-21 03:59:59.999,179270179.687148,594975,34769.9314,95502314.769757,0
2024-10-21 04:00:00,2733.81,2744.24,2721.62,2722.01,36486.2056,2024-10-21 07:59:59.999,99725716.760789,318761,17228.8337,47084615.730937,0
2024-10-21 08:00:00,2722.01,2729.2,2701.41,2704.77,46379.4613,2024-10-21 11:59:59.999,125873898.987965,349154,22491.5284,61046082.860682,0
2024-10-21 12:00:00,2704.77,2711.36,2659.12,2679.43,90914.2578,2024-10-21 15:59:59.999,243393085.932276,702733,45613.4145,122112680.425705,0
2024-10-21 16:00:00,2679.43,2684.79,2655.01,2680.1,46431.9384,2024-10-21 19:59:59.999,124060374.42609,369340,22666.2604,60564888.592772,0
2024-10-21 20:00:00,2680.1,2685.02,2665.69,2666.7,25183.6208,2024-10-21 23:59:59.999,67395615.173353,191384,12996.477,34788915.216154,0
2024-10-22 00:00:00,2666.71,2671.92,2613.49,2644.56,74882.1172,2024-10-22 03:59:59.999,197628139.078568,456047,34708.0523,91599412.040903,0
2024-10-22 04:00:00,2644.56,2659.39,2635.21,2646.79,28463.0967,2024-10-22 07:59:59.999,75412080.827291,201960,14391.1901,38137490.362471,0
2024-10-22 08:00:00,2646.8,2649.19,2613.2,2632.9,45524.9314,2024-10-22 11:59:59.999,119757336.89422,427585,23129.0207,60845723.624469,0
2024-10-22 12:00:00,2632.89,2645.5,2606.56,2624.33,65580.5638,2024-10-22 15:59:59.999,172292962.13213,579586,32446.0049,85254511.027567,0
2024-10-22 16:00:00,2624.33,2633.82,2607.0,2628.01,30526.639,2024-10-22 19:59:59.999,80026466.73612,311710,15030.1127,39405094.471463,0
2024-10-22 20:00:00,2628.01,2644.1,2618.21,2622.81,20770.3649,2024-10-22 23:59:59.999,54701045.620211,176908,9336.6735,24592078.497274,0
2024-10-23 00:00:00,2622.81,2628.2,2601.18,2616.5,28370.0336,2024-10-23 03:59:59.999,74199865.198501,253044,13768.545,36006022.315622,0
2024-10-23 04:00:00,2616.49,2624.68,2602.63,2602.81,25160.8196,2024-10-23 07:59:59.999,65787174.340772,265253,11132.8906,29108009.241458,0
2024-10-23 08:00:00,2602.81,2611.52,2563.73,2580.93,57446.364,2024-10-23 11:59:59.999,148474661.974694,437738,24834.8523,64172834.745914,0
2024-10-23 12:00:00,2580.94,2587.4,2529.66,2540.22,82536.558,2024-10-23 15:59:59.999,211265079.538658,626030,36847.5546,94380178.135513,0
2024-10-23 16:00:00,2540.21,2542.56,2450.0,2512.51,127126.4845,2024-10-23 19:59:59.999,317491050.327069,813627,59346.2572,148196744.949173,0
2024-10-23 20:00:00,2512.51,2528.49,2502.0,2524.61,32007.4489,2024-10-23 23:59:59.999,80465186.360474,246435,15742.9366,39578976.212662,0
2024-10-24 00:00:00,2524.6,2560.75,2508.98,2544.8,51444.6055,2024-10-24 03:59:59.999,130793844.982862,392999,25597.3584,65084315.613727,0
2024-10-24 04:00:00,2544.8,2562.65,2540.38,2544.76,50086.9987,2024-10-24 07:59:59.999,127916927.871374,268868,25971.9951,66337055.697542,0
2024-10-24 08:00:00,2544.76,2551.4,2508.8,2529.47,42147.9069,2024-10-24 11:59:59.999,106498355.688187,408064,20030.1207,50610871.994802,0
2024-10-24 12:00:00,2529.47,2545.75,2513.4,2525.84,72617.4411,2024-10-24 15:59:59.999,183674648.79309,553620,37608.0635,95125155.001176,0
2024-10-24 16:00:00,2525.8,2541.91,2507.31,2539.96,40463.6768,2024-10-24 19:59:59.999,102173558.552809,384599,22879.4933,57780900.692458,0
2024-10-24 20:00:00,2539.97,2560.0,2526.6,2535.82,34091.1552,2024-10-24 23:59:59.999,86608426.777825,244412,19585.5486,49758797.340608,0
2024-10-25 00:00:00,2535.82,2538.53,2509.89,2521.73,27585.145,2024-10-25 03:59:59.999,69612817.533234,278754,10691.9132,26987617.707866,0
2024-10-25 04:00:00,2521.73,2522.55,2462.06,2484.07,63749.3653,2024-10-25 07:59:59.999,158739147.499557,409676,27990.3695,69642019.14954,0
2024-10-25 08:00:00,2484.07,2547.0,2478.37,2545.13,79017.9636,2024-10-25 11:59:59.999,199404598.914017,485235,37614.8803,94876797.685659,0
2024-10-25 12:00:00,2545.13,2566.33,2508.71,2524.86,83767.1181,2024-10-25 15:59:59.999,212944749.660003,725924,39523.2392,100515629.307298,0
2024-10-25 16:00:00,2524.86,2536.7,2455.6,2476.1,114795.8392,2024-10-25 19:59:59.999,286370180.261805,1001221,53001.0057,132234246.693428,0
2024-10-25 20:00:00,2476.11,2496.59,2382.59,2440.62,145884.451,2024-10-25 23:59:59.999,355469520.601187,840395,63358.7356,154391655.991817,0
2024-10-26 00:00:00,2440.63,2458.0,2430.12,2452.27,59166.402,2024-10-26 03:59:59.999,144547630.503927,579569,27668.2566,67604545.028986,0
2024-10-26 04:00:00,2452.27,2479.7,2451.4,2465.61,39515.6559,2024-10-26 07:59:59.999,97478563.899261,311690,22705.9986,56009906.08868,0
2024-10-26 08:00:00,2465.62,2478.99,2463.23,2472.98,35646.5741,2024-10-26 11:59:59.999,88048667.015695,216881,18087.6728,44685086.203433,0
2024-10-26 12:00:00,2472.98,2478.8,2442.2,2457.59,54074.5149,2024-10-26 15:59:59.999,133054679.730371,399719,30139.4722,74173692.547842,0
2024-10-26 16:00:00,2457.6,2488.14,2455.77,2486.68,35230.3821,2024-10-26 19:59:59.999,87224485.048419,286128,21527.251,53301676.199735,0
2024-10-26 20:00:00,2486.68,2508.0,2481.9,2482.51,25091.3023,2024-10-26 23:59:59.999,62554850.54131,191555,12341.2057,30775609.865531,0
2024-10-27 00:00:00,2482.51,2484.89,2469.52,2484.64,15688.7621,2024-10-27 03:59:59.999,38867381.977359,164260,8179.5818,20266674.524152,0
2024-10-27 04:00:00,2484.65,2486.84,2477.98,2481.26,13016.3023,2024-10-27 07:59:59.999,32301906.899447,105595,7029.1656,17444424.224408,0
2024-10-27 08:00:00,2481.25,2484.4,2464.13,2469.86,20154.6201,2024-10-27 11:59:59.999,49822185.259114,166720,8611.2993,21280405.926803,0
2024-10-27 12:00:00,2469.86,2505.82,2469.75,2501.97,37377.7212,2024-10-27 15:59:59.999,93068754.158569,360432,21106.587,52551552.640981,0
2024-10-27 16:00:00,2501.98,2511.7,2486.0,2494.59,22550.227,2024-10-27 19:59:59.999,56328463.623414,253476,10790.2049,26955755.022723,0
2024-10-27 20:00:00,2494.58,2527.99,2490.83,2507.8,28793.2509,2024-10-27 23:59:59.999,72315769.380319,286707,14931.1667,37502284.422143,0
2024-10-28 00:00:00,2507.8,2512.53,2471.67,2477.71,28902.3387,2024-10-28 03:59:59.999,72060623.935101,314119,13124.6612,32721128.696977,0
2024-10-28 04:00:00,2477.7,2527.0,2473.2,2511.77,39534.4516,2024-10-28 07:59:59.999,98842943.078387,381494,22279.1603,55697712.171292,0
2024-10-28 08:00:00,2511.77,2544.74,2505.18,2527.12,50665.782,2024-10-28 11:59:59.999,128094444.876741,369095,25125.7811,63508784.503119,0
2024-10-28 12:00:00,2527.12,2536.6,2498.46,2501.02,73780.0943,2024-10-28 15:59:59.999,186009296.194308,619591,36521.3447,92096761.784665,0
2024-10-28 16:00:00,2501.01,2524.3,2488.0,2506.7,77169.9539,2024-10-28 19:59:59.999,193430278.930428,658375,37241.7504,93359502.135506,0
2024-10-28 20:00:00,2506.7,2589.67,2505.01,2567.48,90552.7065,2024-10-28 23:59:59.999,231577513.815872,504849,46510.9099,118932769.493254,0
2024-10-29 00:00:00,2567.49,2631.66,2561.2,2607.75,113234.5153,2024-10-29 03:59:59.999,294694689.813934,889610,55523.2885,144415816.590165,0
2024-10-29 04:00:00,2607.75,2626.49,2607.75,2613.3,47598.2051,2024-10-29 07:59:59.999,124607327.486771,293756,21417.4628,56063131.706539,0
2024-10-29 08:00:00,2613.29,2638.8,2612.81,2631.59,47484.2184,2024-10-29 11:59:59.999,124676783.803726,327789,27004.6072,70900766.411997,0
2024-10-29 12:00:00,2631.59,2650.99,2611.33,2648.52,76755.787,2024-10-29 15:59:59.999,201945596.972442,750835,39757.5933,104637639.177229,0
2024-10-29 16:00:00,2648.51,2681.86,2623.22,2624.74,118181.9834,2024-10-29 19:59:59.999,313893857.342437,952512,59482.7268,158049716.692184,0
2024-10-29 20:00:00,2624.74,2648.25,2606.82,2638.8,48660.9933,2024-10-29 23:59:59.999,127723490.602405,475527,24037.8015,63092624.959664,0
2024-10-30 00:00:00,2638.8,2651.42,2599.66,2641.7,58651.4667,2024-10-30 03:59:59.999,154091544.844635,473218,28684.2596,75382254.00683,0
2024-10-30 04:00:00,2641.71,2684.21,2636.2,2668.6,56092.6306,2024-10-30 07:59:59.999,149047914.72216,401446,28566.353,75888015.418835,0
2024-10-30 08:00:00,2668.6,2696.5,2657.09,2659.18,73414.7548,2024-10-30 11:59:59.999,196573701.370666,631111,37863.7541,101412389.827098,0
2024-10-30 12:00:00,2659.18,2722.3,2653.03,2683.08,149492.5606,2024-10-30 15:59:59.999,402680472.21357,1110672,79925.3809,215288902.255109,0
2024-10-30 16:00:00,2683.07,2696.22,2653.26,2655.0,51758.8372,2024-10-30 19:59:59.999,138438435.69056,521883,23883.1835,63901259.023844,0
2024-10-30 20:00:00,2655.0,2686.13,2635.52,2659.19,71216.8761,2024-10-30 23:59:59.999,189520811.301064,561797,35765.3987,95199193.189326,0
2024-10-31 00:00:00,2659.19,2669.0,2637.63,2657.0,44745.4639,2024-10-31 03:59:59.999,118937740.395577,445374,21680.9049,57635465.588464,0
2024-10-31 04:00:00,2657.0,2657.99,2631.63,2646.8,30494.4159,2024-10-31 07:59:59.999,80660035.914282,283857,15973.0776,42253170.400841,0
2024-10-31 08:00:00,2646.79,2648.5,2625.26,2638.81,49785.3798,2024-10-31 11:59:59.999,131279802.707821,421882,25560.0189,67419250.014343,0
2024-10-31 12:00:00,2638.82,2641.0,2541.23,2562.86,138890.8756,2024-10-31 15:59:59.999,358854787.653328,1068410,64994.7104,167960724.589664,0
2024-10-31 16:00:00,2562.86,2564.09,2506.3,2514.33,86177.7516,2024-10-31 19:59:59.999,218446206.733922,789751,39944.1521,101257176.464666,0
2024-10-31 20:00:00,2514.34,2530.07,2503.0,2518.61,53333.3149,2024-10-31 23:59:59.999,134371790.985861,382069,28188.5859,71027111.57777,0
2024-11-01 00:00:00,2518.61,2533.25,2467.67,2503.2,86691.3327,2024-11-01 03:59:59.999,217033483.872486,722530,41721.4736,104475501.180085,0
2024-11-01 04:00:00,2503.2,2516.2,2485.35,2504.12,43728.3342,2024-11-01 07:59:59.999,109485802.53951,395246,20689.4975,51796609.375461,0
2024-11-01 08:00:00,2504.12,2525.8,2494.55,2515.44,50334.2681,2024-11-01 11:59:59.999,126492128.046937,409879,20845.9654,52381027.442557,0
2024-11-01 12:00:00,2515.44,2586.8,2481.68,2500.03,148101.0589,2024-11-01 15:59:59.999,376486410.11347294,1081990,70260.4466,178745496.312925,0
2024-11-01 16:00:00,2500.02,2538.58,2495.2,2514.49,70817.1562,2024-11-01 19:59:59.999,178096403.15796,759994,34551.9168,86900957.853774,0
2024-11-01 20:00:00,2514.5,2527.46,2485.05,2511.49,30576.9572,2024-11-01 23:59:59.999,76721805.981549,245204,14169.8163,35569590.138765,0
2024-11-02 00:00:00,2511.49,2523.45,2501.0,2506.7,23860.5833,2024-11-02 03:59:59.999,59979387.26656,142561,11718.1974,29463385.158376,0
2024-11-02 04:00:00,2506.71,2513.87,2499.59,2507.35,15843.2724,2024-11-02 07:59:59.999,39724995.018575,126160,7189.7965,18029618.857451,0
2024-11-02 08:00:00,2507.34,2510.3,2491.2,2502.13,20552.6748,2024-11-02 11:59:59.999,51390682.967203,170413,8840.3211,22105442.963709,0
2024-11-02 12:00:00,2502.14,2504.5,2470.0,2488.79,55572.1722,2024-11-02 15:59:59.999,138119173.932725,447393,26706.2824,66370437.998999,0
2024-11-02 16:00:00,2488.78,2497.73,2479.3,2493.02,18610.8072,2024-11-02 19:59:59.999,46308775.973575,219876,8829.2801,21969418.583823,0
2024-11-02 20:00:00,2493.01,2497.89,2485.1,2494.23,11521.6201,2024-11-02 23:59:59.999,28717292.733739,121625,5455.3442,13597186.611284,0
2024-11-03 00:00:00,2494.23,2496.39,2421.29,2449.59,67070.7487,2024-11-03 03:59:59.999,164559521.301788,603883,29381.5787,72086743.338917,0
2024-11-03 04:00:00,2449.6,2463.83,2441.1,2450.03,24030.4785,2024-11-03 07:59:59.999,58942382.147067,241813,12681.1738,31102752.760574,0
2024-11-03 08:00:00,2450.03,2462.64,2443.94,2454.47,36799.3352,2024-11-03 11:59:59.999,90302580.489777,268666,18435.2461,45244328.994309,0
2024-11-03 12:00:00,2454.47,2460.6,2413.38,2442.63,60945.4178,2024-11-03 15:59:59.999,148253711.244407,622379,27727.3692,67449686.758281,0
2024-11-03 16:00:00,2442.63,2459.53,2411.0,2452.89,52907.215,2024-11-03 19:59:59.999,129107034.870215,494843,24784.4506,60478163.112175,0
2024-11-03 20:00:00,2452.89,2475.52,2447.4,2457.73,34255.9245,2024-11-03 23:59:59.999,84351609.192904,337969,15745.3118,38776558.266525,0
2024-11-04 00:00:00,2457.73,2491.39,2434.99,2473.76,37127.5002,2024-11-04 03:59:59.999,91609454.01239,498435,20334.8948,50187742.423086,0
2024-11-04 04:00:00,2473.77,2482.42,2457.21,2459.67,22635.0346,2024-11-04 07:59:59.999,55902251.671284,274350,10882.7683,26877956.922033,0
2024-11-04 08:00:00,2459.68,2478.0,2447.34,2470.2,28566.6765,2024-11-04 11:59:59.999,70372134.559097,406121,14373.5204,35416961.411294,0
2024-11-04 12:00:00,2470.2,2486.0,2431.51,2442.6,56215.3522,2024-11-04 15:59:59.999,138163117.433934,623756,26344.8809,64810965.368477,0
2024-11-04 16:00:00,2442.6,2446.32,2405.8,2430.43,63432.5532,2024-11-04 19:59:59.999,153683144.817554,519485,33128.8415,80276130.490749,0
2024-11-04 20:00:00,2430.42,2432.08,2357.59,2398.21,98339.8478,2024-11-04 23:59:59.999,235270594.055335,744405,43509.8195,104090366.596941,0
2024-11-05 00:00:00,2398.21,2421.4,2380.74,2420.41,47944.8664,2024-11-05 03:59:59.999,115258802.015475,470807,22831.4058,54886707.872602,0
2024-11-05 04:00:00,2420.4,2445.7,2417.21,2443.4,38943.023,2024-11-05 07:59:59.999,94715710.818836,353859,21114.8594,51350185.709967,0
2024-11-05 08:00:00,2443.41,2448.0,2430.31,2440.63,36062.5012,2024-11-05 11:59:59.999,87967707.186559,297917,18438.5122,44975449.74415,0
2024-11-05 12:00:00,2440.63,2480.0,2427.4,2441.19,89272.4654,2024-11-05 15:59:59.999,218980431.086877,740629,43791.9616,107433637.656813,0
2024-11-05 16:00:00,2441.2,2475.0,2401.3,2408.4,71328.772,2024-11-05 19:59:59.999,174469825.989063,616439,32064.3579,78486626.466197,0
2024-11-05 20:00:00,2408.39,2440.0,2401.7,2422.55,48067.6265,2024-11-05 23:59:59.999,116571743.285797,399166,26658.6257,64660207.028553,0
2024-11-06 00:00:00,2422.6,2638.0,2420.3,2579.31,273196.315,2024-11-06 03:59:59.999,695734294.619094,1106915,146253.3746,372624962.96607906,0
2024-11-06 04:00:00,2579.31,2643.2,2561.0,2594.0,263406.854,2024-11-06 07:59:59.999,684766705.076166,1067997,143244.0625,372538859.80005693,0
2024-11-06 08:00:00,2593.99,2637.0,2571.0,2629.02,130007.8482,2024-11-06 11:59:59.999,339013950.142382,884537,66183.035,172628718.868413,0
2024-11-06 12:00:00,2629.03,2666.66,2608.0,2634.19,142673.0702,2024-11-06 15:59:59.999,375789998.91329503,976190,71471.6287,188332366.916986,0
2024-11-06 16:00:00,2634.2,2687.26,2633.43,2687.25,84147.198,2024-11-06 19:59:59.999,223948297.143541,762161,43046.6479,114590218.108251,0
2024-11-06 20:00:00,2687.25,2744.7,2669.25,2721.87,108710.0764,2024-11-06 23:59:59.999,294010411.721212,759231,57205.831,154784559.69245,0
2024-11-07 00:00:00,2721.88,2880.0,2699.49,2852.42,239110.0996,2024-11-07 03:59:59.999,671731627.825464,1228815,120188.2715,337518629.830137,0
2024-11-07 04:00:00,2852.43,2855.0,2779.91,2820.29,104122.5449,2024-11-07 07:59:59.999,294074256.733694,709146,47069.8056,132952229.047454,0
2024-11-07 08:00:00,2820.3,2830.0,2790.0,2792.28,65854.3896,2024-11-07 11:59:59.999,185462531.972307,556568,30013.8087,84553378.01287,0
2024-11-07 12:00:00,2792.28,2849.0,2776.0,2847.49,100484.4486,2024-11-07 15:59:59.999,282440462.769715,941366,54003.747,151869615.447247,0
2024-11-07 16:00:00,2847.5,2893.8,2823.75,2885.0,121819.8352,2024-11-07 19:59:59.999,348375997.648419,1168615,65114.4764,186257706.609398,0
2024-11-07 20:00:00,2885.0,2916.11,2864.25,2895.47,99454.6345,2024-11-07 23:59:59.999,287517646.422478,775856,51355.5414,148508170.975633,0
2024-11-08 00:00:00,2895.47,2954.94,2886.4,2902.42,126526.9325,2024-11-08 03:59:59.999,368994117.72411,1015731,63419.9769,185011437.441478,0
2024-11-08 04:00:00,2902.42,2924.2,2892.0,2911.96,70741.7346,2024-11-08 07:59:59.999,205908230.131165,479294,37060.3082,107884327.876454,0
2024-11-08 08:00:00,2911.88,2930.89,2893.33,2914.39,62192.9151,2024-11-08 11:59:59.999,180990433.255032,407197,30033.8099,87431721.246944,0
2024-11-08 12:00:00,2914.4,2956.56,2903.0,2937.04,110108.0276,2024-11-08 15:59:59.999,322747878.077698,923481,57042.244,167256975.854774,0
2024-11-08 16:00:00,2937.03,2981.69,2890.04,2949.96,126505.7537,2024-11-08 19:59:59.999,371339271.446042,889543,65777.763,193216752.740882,0
2024-11-08 20:00:00,2949.96,2975.45,2915.8,2961.75,72789.0715,2024-11-08 23:59:59.999,214296255.73341,575006,36802.1714,108345798.461519,0
2024-11-09 00:00:00,2961.75,2995.22,2954.56,2965.5,76958.1964,2024-11-09 03:59:59.999,229251219.123135,593502,37833.1579,112698815.129546,0
2024-11-09 04:00:00,2965.5,3058.77,2953.71,3030.38,129030.9382,2024-11-09 07:59:59.999,390227729.641767,731753,70386.9427,212820120.132625,0
2024-11-09 08:00:00,3030.37,3055.88,3021.46,3051.6,69670.2941,2024-11-09 11:59:59.999,211867778.562333,527681,37694.5783,114614277.220808,0
2024-11-09 12:00:00,3051.59,3054.17,3028.4,3040.88,53748.8853,2024-11-09 15:59:59.999,163368516.244261,476635,25448.1927,77363545.002653,0
2024-11-09 16:00:00,3040.85,3094.55,2990.58,3070.39,98531.409,2024-11-09 19:59:59.999,299868051.379464,707151,50552.6546,153898385.383901,0
2024-11-09 20:00:00,3070.4,3157.4,3065.56,3126.21,98779.6982,2024-11-09 23:59:59.999,307896754.934554,645183,56193.7376,175160997.706915,0
2024-11-10 00:00:00,3126.2,3151.41,3103.7,3134.82,92569.5686,2024-11-10 03:59:59.999,289514234.547782,626548,48394.8629,151384537.020315,0
2024-11-10 04:00:00,3134.82,3216.47,3129.97,3185.89,188145.3329,2024-11-10 07:59:59.999,598618405.201316,1002526,99965.9267,318025447.430193,0
2024-11-10 08:00:00,3185.89,3230.0,3168.81,3220.0,96121.2648,2024-11-10 11:59:59.999,307466473.239805,710429,51408.5788,164472184.833657,0
2024-11-10 12:00:00,3220.01,3236.64,3167.56,3209.53,126863.0189,2024-11-10 15:59:59.999,405574158.779258,1043827,62061.9875,198445468.655803,0
2024-11-10 16:00:00,3209.52,3248.52,3150.0,3164.27,167610.7179,2024-11-10 19:59:59.999,537851140.3909551,1169341,81771.6396,262566253.466913,0
2024-11-10 20:00:00,3164.27,3225.99,3069.0,3183.21,194226.8291,2024-11-10 23:59:59.999,612672079.194157,1519747,100628.9898,317626675.289674,0
2024-11-11 00:00:00,3183.2,3221.8,3171.16,3195.07,94211.1415,2024-11-11 03:59:59.999,301065739.418591,900224,47739.7417,152561186.303725,0
2024-11-11 04:00:00,3195.08,3196.98,3105.0,3140.16,103633.8888,2024-11-11 07:59:59.999,326022630.197075,1002621,48174.3631,151564262.396923,0
2024-11-11 08:00:00,3140.16,3212.49,3132.1,3197.79,91922.0003,2024-11-11 11:59:59.999,291849733.974704,1027426,47853.7103,151930300.257747,0
2024-11-11 12:00:00,3197.79,3256.4,3139.5,3236.98,202264.4074,2024-11-11 15:59:59.999,645514671.4197049,1776328,107689.1334,343857962.329182,0
2024-11-11 16:00:00,3236.97,3346.4,3233.63,3300.2,264375.1673,2024-11-11 19:59:59.999,870462349.4137101,1663128,135081.8854,444821196.05206704,0
2024-11-11 20:00:00,3300.21,3387.61,3280.0,3371.59,243687.3611,2024-11-11 23:59:59.999,813420970.934049,1432670,125814.8258,420054208.472356,0
2024-11-12 00:00:00,3371.59,3374.78,3248.42,3335.6,175983.7872,2024-11-12 03:59:59.999,583337027.629486,1367498,84240.5306,279329410.291222,0
2024-11-12 04:00:00,3335.59,3394.09,3314.98,3368.72,129963.2749,2024-11-12 07:59:59.999,435266201.0822,1009340,69222.0877,231931528.405157,0
2024-11-12 08:00:00,3368.72,3442.5,3207.67,3282.42,280549.6624,2024-11-12 11:59:59.999,935801363.420555,1780922,136460.4295,455570735.213056,0
2024-11-12 12:00:00,3282.41,3296.93,3208.33,3261.65,188297.4664,2024-11-12 15:59:59.999,613348045.623828,1559912,91065.0775,296730742.531973,0
2024-11-12 16:00:00,3261.72,3304.57,3209.5,3272.82,117233.5137,2024-11-12 19:59:59.999,382242320.96715295,782842,56519.8587,184371591.098099,0
2024-11-12 20:00:00,3272.94,3304.78,3238.63,3243.8,81188.0239,2024-11-12 23:59:59.999,265520107.243628,572500,37172.8156,121585064.427156,0
2024-11-13 00:00:00,3243.79,3285.52,3201.83,3207.99,130449.5382,2024-11-13 03:59:59.999,423381042.207366,1149052,58896.0653,191295442.100641,0
2024-11-13 04:00:00,3207.99,3230.19,3116.69,3160.89,153493.6167,2024-11-13 07:59:59.999,485349980.18629,1200620,68004.4318,214868269.006849,0
2024-11-13 08:00:00,3160.89,3191.74,3140.75,3168.0,83693.5545,2024-11-13 11:59:59.999,264891335.619846,1030578,43419.6143,137414542.572749,0
2024-11-13 12:00:00,3168.0,3328.53,3152.15,3309.28,253124.0517,2024-11-13 15:59:59.999,822573339.479648,2322199,134085.5145,435537663.38172895,0
2024-11-13 16:00:00,3309.28,3331.0,3155.0,3158.81,193136.2758,2024-11-13 19:59:59.999,627835074.6773009,2495462,89879.2415,292418532.557994,0
2024-11-13 20:00:00,3158.8,3198.52,3118.39,3187.16,105789.3378,2024-11-13 23:59:59.999,334463594.548689,1555491,52198.3725,165075739.92273,0
2024-11-14 00:00:00,3187.16,3228.35,3163.64,3217.21,85729.4181,2024-11-14 03:59:59.999,273934161.998998,954620,45136.7356,144276440.620759,0
2024-11-14 04:00:00,3217.21,3240.4,3174.37,3217.62,67360.4466,2024-11-14 07:59:59.999,216415021.102817,782617,33143.5276,106530299.841275,0
2024-11-14 08:00:00,3217.62,3230.73,3155.0,3185.23,78316.7747,2024-11-14 11:59:59.999,250040795.212981,1046106,38884.0508,124174252.697222,0
2024-11-14 12:00:00,3185.22,3198.99,3060.0,3077.68,180775.9688,2024-11-14 15:59:59.999,566797042.428049,1608041,79978.2099,250971423.60036,0
2024-11-14 16:00:00,3077.68,3181.0,3070.84,3145.41,97075.8204,2024-11-14 19:59:59.999,303722782.86994,980297,47784.6952,149541476.790627,0
2024-11-14 20:00:00,3145.41,3145.41,3028.56,3058.82,96522.2376,2024-11-14 23:59:59.999,298356527.070933,833283,46404.9237,143552658.77467,0
2024-11-15 00:00:00,3058.81,3092.54,3034.87,3082.44,62360.0892,2024-11-15 03:59:59.999,191449685.535216,989256,29398.289,90254481.644726,0
2024-11-15 04:00:00,3082.43,3082.43,3014.79,3039.48,74927.4912,2024-11-15 07:59:59.999,228619635.016689,852437,34811.9852,106203402.300195,0
2024-11-15 08:00:00,3039.49,3114.0,3022.0,3104.29,72596.3179,2024-11-15 11:59:59.999,223918814.826007,837357,38632.1253,119162783.547397,0
2024-11-15 12:00:00,3104.29,3131.06,3014.5,3023.73,119823.0011,2024-11-15 15:59:59.999,368023755.135142,1477710,56177.904,172556653.093984,0
2024-11-15 16:00:00,3023.73,3059.9,3015.6,3039.58,94772.9642,2024-11-15 19:59:59.999,287734499.901549,1082936,46035.1015,139794746.726686,0
2024-11-15 20:00:00,3039.58,3120.0,3038.24,3090.01,95143.7681,2024-11-15 23:59:59.999,293501310.874446,878880,50976.5571,157266910.443808,0
2024-11-16 00:00:00,3090.01,3157.71,3072.0,3154.78,69859.898,2024-11-16 03:59:59.999,217117951.130167,788125,38918.3303,120987083.502995,0
2024-11-16 04:00:00,3154.77,3165.0,3101.11,3106.66,53482.9739,2024-11-16 07:59:59.999,167255839.318214,659254,26261.2589,82140439.945513,0
2024-11-16 08:00:00,3106.67,3195.63,3103.17,3195.34,81474.3886,2024-11-16 11:59:59.999,255944925.471114,818345,47394.4395,148868184.349596,0
2024-11-16 12:00:00,3195.34,3219.97,3120.41,3141.11,120631.9141,2024-11-16 15:59:59.999,382799495.32382095,1422626,58918.527,186980675.499339,0
2024-11-16 16:00:00,3141.11,3184.6,3128.0,3169.01,55018.2084,2024-11-16 19:59:59.999,173819319.195804,729637,27620.2866,87240023.148611,0
2024-11-16 20:00:00,3169.01,3175.0,3121.91,3132.87,43171.7743,2024-11-16 23:59:59.999,135955150.045918,661856,22339.2513,70357164.46541,0
2024-11-17 00:00:00,3132.88,3154.0,3034.99,3080.68,99299.4635,2024-11-17 03:59:59.999,306253434.067873,1356076,44423.774,136975335.853059,0
2024-11-17 04:00:00,3080.67,3147.72,3076.2,3136.79,85339.4369,2024-11-17 07:59:59.999,265761465.723309,987797,45395.3096,141402643.720982,0
2024-11-17 08:00:00,3136.79,3162.11,3100.81,3105.52,64426.9637,2024-11-17 11:59:59.999,202074438.129859,824562,31846.1537,99903004.971466,0
2024-11-17 12:00:00,3105.53,3126.72,3067.33,3086.21,75728.2645,2024-11-17 15:59:59.999,234577655.228595,1034986,36163.125,112024865.24394,0
2024-11-17 16:00:00,3086.2,3115.72,3071.6,3097.74,57460.056,2024-11-17 19:59:59.999,177591954.355386,852864,29631.1625,91599766.80794,0
2024-11-17 20:00:00,3097.74,3106.99,3042.93,3076.0,67564.7729,2024-11-17 23:59:59.999,207503612.391043,776350,32314.2969,99270330.527975,0
2024-11-18 00:00:00,3075.99,3124.2,3069.0,3111.96,55672.4888,2024-11-18 03:59:59.999,172877535.71375,821471,29786.7558,92496768.552627,0
2024-11-18 04:00:00,3111.95,3149.71,3096.07,3130.55,57048.834,2024-11-18 07:59:59.999,178261555.437974,652219,28345.4071,88562921.391631,0
2024-11-18 08:00:00,3130.56,3139.78,3050.01,3056.28,74634.8774,2024-11-18 11:59:59.999,231263463.111059,881196,32246.0643,99971344.836417,0
2024-11-18 12:00:00,3056.29,3157.5,3052.19,3143.41,150241.3211,2024-11-18 15:59:59.999,464764096.540952,1522888,83344.9563,257928700.615326,0
2024-11-18 16:00:00,3143.41,3199.0,3090.3,3127.17,182179.47,2024-11-18 19:59:59.999,575600411.5219511,1702081,95797.9538,302790627.587773,0
2024-11-18 20:00:00,3127.17,3224.94,3122.22,3207.8,120881.4444,2024-11-18 23:59:59.999,383344197.3319,961185,66089.4979,209690096.614442,0
2024-11-19 00:00:00,3207.81,3221.2,3141.7,3148.5,84612.4122,2024-11-19 03:59:59.999,268128438.058102,842681,38257.2889,121267418.838722,0
2024-11-19 04:00:00,3148.5,3159.93,3107.37,3118.08,67070.5837,2024-11-19 07:59:59.999,209981605.763553,609295,33890.5921,106117555.258844,0
2024-11-19 08:00:00,3118.09,3130.0,3091.13,3126.51,63945.7633,2024-11-19 11:59:59.999,199180659.43398,685687,28604.3016,89110681.263901,0
2024-11-19 12:00:00,3126.51,3150.0,3076.0,3104.36,110206.3018,2024-11-19 15:59:59.999,342476069.452538,1262358,53413.4624,166080110.645595,0
2024-11-19 16:00:00,3104.35,3145.0,3099.49,3122.19,86887.7832,2024-11-19 19:59:59.999,271426332.244652,918173,47146.661,147301613.540484,0
2024-11-19 20:00:00,3122.2,3131.11,3065.4,3107.44,87389.1752,2024-11-19 23:59:59.999,270449673.465329,845101,39226.2737,121407840.619856,0
2024-11-20 00:00:00,3107.45,3127.64,3071.6,3096.0,61244.1217,2024-11-20 03:59:59.999,189671613.082819,788691,27239.776,84385757.989794,0
2024-11-20 04:00:00,3095.99,3115.01,3087.51,3109.54,41876.4871,2024-11-20 07:59:59.999,130043324.651114,555640,25574.8563,79436623.628661,0
2024-11-20 08:00:00,3109.54,3135.13,3083.8,3099.82,70771.0925,2024-11-20 11:59:59.999,220469390.705217,761839,42961.2463,133896537.807526,0
2024-11-20 12:00:00,3099.82,3159.2,3081.56,3130.0,146945.8507,2024-11-20 15:59:59.999,457533582.354562,1694921,78769.0423,245265027.157299,0
2024-11-20 16:00:00,3130.0,3135.0,3029.41,3058.05,130168.2034,2024-11-20 19:59:59.999,399731552.91281295,1710296,59625.8776,183074319.627193,0
2024-11-20 20:00:00,3058.04,3093.16,3044.38,3069.97,52602.0782,2024-11-20 23:59:59.999,161592303.478939,827441,28384.5394,87196171.019205,0
2024-11-21 00:00:00,3069.97,3101.0,3032.59,3081.98,88355.4596,2024-11-21 03:59:59.999,271386133.220403,822568,49511.7163,152095419.133732,0
2024-11-21 04:00:00,3081.99,3143.64,3080.5,3137.02,131761.453,2024-11-21 07:59:59.999,411243401.57028705,1186097,72830.3339,227340077.652582,0
2024-11-21 08:00:00,3137.02,3155.0,3118.37,3147.75,92439.1127,2024-11-21 11:59:59.999,290049240.10078,898963,50672.2054,159010605.752121,0
2024-11-21 12:00:00,3147.74,3372.6,3146.2,3277.03,446253.975,2024-11-21 15:59:59.999,1471408913.265756,3173573,231497.6213,762307602.991516,0
2024-11-21 16:00:00,3277.03,3386.73,3277.03,3347.0,144698.7196,2024-11-21 19:59:59.999,483424763.963038,1464708,76259.0113,254851662.857765,0
2024-11-21 20:00:00,3347.0,3378.68,3333.54,3355.81,71414.5836,2024-11-21 23:59:59.999,239712367.298505,681519,36636.5736,122994164.995378,0
2024-11-22 00:00:00,3355.88,3380.68,3304.39,3365.8,93006.5467,2024-11-22 03:59:59.999,310513082.48075,985579,46736.4126,156061734.990527,0
2024-11-22 04:00:00,3365.8,3425.92,3355.0,3362.66,107237.9651,2024-11-22 07:59:59.999,363050179.052524,1058908,56681.1628,191920737.690704,0
2024-11-22 08:00:00,3362.65,3383.84,3311.68,3344.75,91214.4542,2024-11-22 11:59:59.999,305536574.420836,1053703,43782.3693,146742981.655888,0
2024-11-22 12:00:00,3344.76,3357.18,3257.54,3314.15,174597.7487,2024-11-22 15:59:59.999,576801206.820495,1848090,84063.0521,277717985.30101,0
2024-11-22 16:00:00,3314.15,3321.14,3264.84,3282.4,81246.6096,2024-11-22 19:59:59.999,267685651.539312,1358019,38780.3639,127814875.517118,0
2024-11-22 20:00:00,3282.39,3330.0,3273.2,3327.78,55970.385,2024-11-22 23:59:59.999,184877870.547757,837412,29184.8553,96420333.541748,0
2024-11-23 00:00:00,3327.78,3364.98,3312.72,3345.51,105265.7506,2024-11-23 03:59:59.999,351129207.698179,1023762,59667.6373,199015752.969847,0
2024-11-23 04:00:00,3345.51,3361.71,3326.89,3341.34,67445.3359,2024-11-23 07:59:59.999,225605972.53376,794858,33838.9344,113194281.600515,0
2024-11-23 08:00:00,3341.34,3402.98,3335.16,3354.65,105279.0199,2024-11-23 11:59:59.999,354422840.616639,1013528,54092.3571,182152223.661866,0
2024-11-23 12:00:00,3354.65,3497.51,3349.68,3460.33,229525.4046,2024-11-23 15:59:59.999,789525774.299687,1754385,126752.3821,435821645.35960895,0
2024-11-23 16:00:00,3460.34,3470.22,3377.0,3407.83,150136.8855,2024-11-23 19:59:59.999,512869881.675524,1431598,71565.4818,244500602.065828,0
2024-11-23 20:00:00,3407.82,3427.73,3379.2,3393.91,63371.6044,2024-11-23 23:59:59.999,215669514.630728,772427,31496.5057,107220861.514569,0
2024-11-24 00:00:00,3393.91,3450.0,3389.03,3427.0,62941.932,2024-11-24 03:59:59.999,215603846.222183,688693,32307.3129,110669901.639336,0
2024-11-24 04:00:00,3427.0,3431.99,3398.12,3422.51,50148.6763,2024-11-24 07:59:59.999,171228037.8863,613228,26146.2368,89279176.703016,0
2024-11-24 08:00:00,3422.51,3428.35,3339.11,3344.22,99770.3421,2024-11-24 11:59:59.999,336962364.609242,1016603,42088.4507,142174386.142023,0
2024-11-24 12:00:00,3344.22,3357.32,3281.4,3294.39,147537.1334,2024-11-24 15:59:59.999,489062715.24158704,1880615,68550.7004,227263673.092601,0
2024-11-24 16:00:00,3294.39,3334.19,3287.19,3326.63,63212.5803,2024-11-24 19:59:59.999,209541697.398014,954054,31585.1811,104719302.37507,0
2024-11-24 20:00:00,3326.64,3372.22,3321.51,3361.2,55487.428,2024-11-24 23:59:59.999,185844116.925546,766065,28457.7657,95326925.553715,0
2024-11-25 00:00:00,3361.21,3370.4,3300.01,3362.44,66165.1278,2024-11-25 03:59:59.999,221014014.450494,1062081,32087.3348,107200587.789013,0
2024-11-25 04:00:00,3362.44,3419.81,3361.21,3399.41,63216.584,2024-11-25 07:59:59.999,214025274.758466,936549,33943.534,114929497.025776,0
2024-11-25 08:00:00,3399.4,3527.0,3396.6,3471.84,169761.3244,2024-11-25 11:59:59.999,589833710.750323,1712516,89690.6202,311635885.525807,0
2024-11-25 12:00:00,3471.84,3537.98,3348.72,3518.41,289654.5296,2024-11-25 15:59:59.999,1000907922.462696,2622975,143700.3165,496966494.155922,0
2024-11-25 16:00:00,3518.41,3546.66,3423.47,3464.0,190751.0262,2024-11-25 19:59:59.999,663584531.410885,2031570,92132.4573,320645995.877352,0
2024-11-25 20:00:00,3464.01,3505.45,3363.62,3414.49,169781.778,2024-11-25 23:59:59.999,583555356.224447,1511165,81989.6771,282085513.272656,0
2024-11-26 00:00:00,3414.49,3462.49,3395.84,3434.61,99053.4641,2024-11-26 03:59:59.999,340396355.830435,966429,52181.6069,179352099.598284,0
2024-11-26 04:00:00,3434.62,3442.72,3382.35,3394.8,72621.4969,2024-11-26 07:59:59.999,248325058.083298,802412,42288.1411,144682867.474735,0
2024-11-26 08:00:00,3394.8,3397.33,3280.1,3323.01,159770.0173,2024-11-26 11:59:59.999,533815447.90572494,1708594,73728.7203,246433981.244394,0
2024-11-26 12:00:00,3323.02,3362.5,3290.35,3296.32,131513.0508,2024-11-26 15:59:59.999,437412993.57039,1509761,62880.2743,209232034.182703,0
2024-11-26 16:00:00,3296.33,3338.0,3252.0,3300.61,139329.9409,2024-11-26 19:59:59.999,460075218.14289904,1440053,56373.4776,186079508.298846,0
2024-11-26 20:00:00,3300.61,3344.31,3286.89,3324.73,70079.1803,2024-11-26 23:59:59.999,232594228.431527,842356,33197.1938,110238112.677198,0
2024-11-27 00:00:00,3324.74,3372.5,3302.4,3361.03,86102.9925,2024-11-27 03:59:59.999,287823376.149568,858562,51506.3081,172359812.171874,0
2024-11-27 04:00:00,3361.02,3445.73,3359.32,3424.11,124111.9204,2024-11-27 07:59:59.999,423912039.310358,950970,67292.4236,229872386.560113,0
2024-11-27 08:00:00,3424.12,3485.5,3402.43,3460.43,97680.7587,2024-11-27 11:59:59.999,336148085.739504,774322,54507.7576,187495352.527196,0
2024-11-27 12:00:00,3460.43,3573.17,3441.31,3552.79,192046.4261,2024-11-27 15:59:59.999,673766436.5793409,1468718,113916.9588,399712619.709717,0
2024-11-27 16:00:00,3552.79,3611.8,3533.83,3589.6,130252.9591,2024-11-27 19:59:59.999,465307057.21432304,1150921,67288.9592,240471124.656759,0
2024-11-27 20:00:00,3589.6,3684.92,3588.0,3653.28,124378.5917,2024-11-27 23:59:59.999,453066094.767841,1188680,68264.6412,248619875.470432,0
2024-11-28 00:00:00,3653.27,3661.92,3564.75,3598.8,102778.5796,2024-11-28 03:59:59.999,372371534.372519,954442,47787.6697,173219933.159542,0
2024-11-28 04:00:00,3598.81,3618.4,3566.91,3592.4,81553.1306,2024-11-28 07:59:59.999,293105972.943705,592863,43097.0767,154892722.102204,0
2024-11-28 08:00:00,3592.4,3638.39,3574.23,3620.51,93409.4729,2024-11-28 11:59:59.999,337171542.442329,1001282,53170.1689,191901681.156398,0
2024-11-28 12:00:00,3620.51,3642.19,3536.95,3541.78,146763.2328,2024-11-28 15:59:59.999,524856816.963942,1522780,66260.1571,236957492.85614,0
2024-11-28 16:00:00,3541.78,3584.87,3529.76,3575.05,76570.5621,2024-11-28 19:59:59.999,272388409.214571,783125,40862.5483,145371581.119621,0
2024-11-28 20:00:00,3575.05,3599.2,3547.86,3578.79,59901.447,2024-11-28 23:59:59.999,214358273.764956,538769,30438.5238,108963833.730897,0
2024-11-29 00:00:00,3578.8,3602.85,3550.07,3583.82,65033.1438,2024-11-29 03:59:59.999,232569148.630166,761816,30212.6334,108066962.734708,0
2024-11-29 04:00:00,3583.82,3595.7,3534.28,3544.49,76024.4905,2024-11-29 07:59:59.999,270852960.203308,592793,36796.433,131050694.967131,0
2024-11-29 08:00:00,3544.5,3599.66,3544.49,3594.74,55500.5568,2024-11-29 11:59:59.999,198392620.81818,496046,31514.7515,112681524.80252,0
2024-11-29 12:00:00,3594.75,3647.98,3574.0,3613.95,114108.1335,2024-11-29 15:59:59.999,411980896.350989,1082550,64359.4395,232392639.089932,0
2024-11-29 16:00:00,3613.95,3620.08,3559.24,3582.79,76494.6217,2024-11-29 19:59:59.999,274537308.633938,872638,36291.9489,130275347.49875,0
2024-11-29 20:00:00,3582.78,3604.0,3575.56,3592.21,38332.2986,2024-11-29 23:59:59.999,137666187.183058,434461,21736.6696,78070654.413609,0
2024-11-30 00:00:00,3592.22,3661.0,3568.4,3657.12,92179.3342,2024-11-30 03:59:59.999,333467775.2997,1021485,48899.288,176970746.46418,0
2024-11-30 04:00:00,3657.12,3726.71,3635.42,3703.07,128826.8554,2024-11-30 07:59:59.999,475109028.658354,1040316,72928.8986,268927346.780916,0
2024-11-30 08:00:00,3703.06,3718.0,3631.23,3653.69,76964.0164,2024-11-30 11:59:59.999,282885186.170689,745790,38224.7562,140606503.075496,0
2024-11-30 12:00:00,3653.68,3685.33,3651.38,3674.0,77209.8515,2024-11-30 15:59:59.999,283522972.140802,650973,42482.9323,156008639.438463,0
2024-11-30 16:00:00,3674.0,3696.78,3656.23,3689.56,61494.3031,2024-11-30 19:59:59.999,225882155.219802,539439,28700.3657,105463929.089109,0
2024-11-30 20:00:00,3689.56,3738.98,3686.58,3703.6,67010.3879,2024-11-30 23:59:59.999,248815952.808003,643846,35764.3361,132812462.511413,0
2024-12-01 00:00:00,3703.59,3732.34,3659.2,3707.0,92779.5957,2024-12-01 03:59:59.999,343007116.61031,914186,46512.2783,172016104.245692,0
2024-12-01 04:00:00,3707.0,3716.96,3682.0,3702.31,40551.5198,2024-12-01 07:59:59.999,149956756.75319,433017,19501.9641,72136276.31542,0
2024-12-01 08:00:00,3702.32,3717.0,3675.47,3692.42,61458.2739,2024-12-01 11:59:59.999,227165924.830016,481592,29950.9428,110715837.189935,0
2024-12-01 12:00:00,3692.43,3746.8,3678.61,3728.59,99717.2507,2024-12-01 15:59:59.999,370003123.261665,738502,50624.6108,187844036.481906,0
2024-12-01 16:00:00,3728.59,3744.11,3693.02,3707.96,66222.5075,2024-12-01 19:59:59.999,246286159.92477,565904,31769.0306,118200330.899787,0
2024-12-01 20:00:00,3707.95,3734.26,3679.0,3707.61,68360.1157,2024-12-01 23:59:59.999,253431032.645964,534709,33670.5742,124861443.880115,0
2024-12-02 00:00:00,3707.61,3760.0,3674.6,3685.01,114620.6485,2024-12-02 03:59:59.999,426571965.577283,1012589,57620.1517,214555876.430623,0
2024-12-02 04:00:00,3685.0,3709.59,3650.0,3666.88,121775.4381,2024-12-02 07:59:59.999,447881728.08579504,963443,61136.5759,224964334.831844,0
2024-12-02 08:00:00,3666.88,3672.47,3569.58,3588.99,202704.961,2024-12-02 11:59:59.999,731725067.668904,1489344,99865.4505,360511292.393786,0
2024-12-02 12:00:00,3588.99,3680.37,3582.6,3672.13,109512.8056,2024-12-02 15:59:59.999,397785122.865452,1312734,58009.2236,210732483.776782,0
2024-12-02 16:00:00,3672.13,3682.01,3554.32,3612.17,137683.3569,2024-12-02 19:59:59.999,497429174.714525,1319231,64001.3367,231291309.866359,0
2024-12-02 20:00:00,3612.17,3644.44,3598.5,3643.42,50833.3589,2024-12-02 23:59:59.999,183892532.933406,728507,27896.6086,100930682.281351,0
2024-12-03 00:00:00,3643.43,3658.16,3607.8,3639.75,86733.4244,2024-12-03 03:59:59.999,315603441.742998,699944,51253.7379,186540613.390452,0
2024-12-03 04:00:00,3639.75,3670.0,3600.0,3616.85,73048.7319,2024-12-03 07:59:59.999,265663925.743072,722951,36347.5596,132238593.690294,0
2024-12-03 08:00:00,3616.85,3635.14,3585.0,3613.81,121073.7629,2024-12-03 11:59:59.999,437200550.826553,756974,78871.2965,284843935.733756,0
2024-12-03 12:00:00,3613.81,3617.64,3500.0,3571.79,229013.2962,2024-12-03 15:59:59.999,816780384.64082,1497704,117206.1597,418194149.649058,0
2024-12-03 16:00:00,3571.8,3594.4,3538.55,3577.34,90514.4017,2024-12-03 19:59:59.999,322811196.110778,905992,50130.9691,178824603.293423,0
2024-12-03 20:00:00,3577.34,3634.81,3575.2,3614.51,78016.5861,2024-12-03 23:59:59.999,281810339.9648,616842,42816.2072,154688433.188054,0
2024-12-04 00:00:00,3614.51,3707.57,3614.51,3661.8,172948.5304,2024-12-04 03:59:59.999,634065231.924075,1223265,94092.2012,344966878.198689,0
2024-12-04 04:00:00,3661.79,3721.73,3659.55,3714.99,78886.7891,2024-12-04 07:59:59.999,290892959.363723,576185,42324.6668,156103224.231007,0
2024-12-04 08:00:00,3715.0,3751.44,3696.42,3729.09,139644.0469,2024-12-04 11:59:59.999,519884866.20222497,919339,85124.3111,316966559.709358,0
2024-12-04 12:00:00,3729.09,3853.38,3690.0,3821.0,242264.7224,2024-12-04 15:59:59.999,913496382.733801,2002457,128497.0157,484828483.935859,0
2024-12-04 16:00:00,3820.99,3844.65,3732.98,3841.15,190852.24,2024-12-04 19:59:59.999,724687163.252427,2059812,93804.5246,356274248.968199,0
2024-12-04 20:00:00,3841.15,3887.24,3822.5,3837.8,144147.7111,2024-12-04 23:59:59.999,555880846.07551,1441664,72670.9121,280288163.561628,0
2024-12-05 00:00:00,3837.8,3905.0,3765.71,3832.66,218327.0792,2024-12-05 03:59:59.999,837702819.893326,2085274,108303.0966,415906888.34141,0
2024-12-05 04:00:00,3832.67,3880.2,3818.61,3850.98,110887.4677,2024-12-05 07:59:59.999,427217869.485998,1094769,51294.9296,197669703.764707,0
2024-12-05 08:00:00,3850.98,3943.28,3850.75,3930.98,138309.1401,2024-12-05 11:59:59.999,541222905.55463,1131968,78007.8121,305258684.611266,0
2024-12-05 12:00:00,3930.98,3956.0,3861.0,3888.0,153003.626,2024-12-05 15:59:59.999,598742428.568124,1206521,73819.138,289021957.313217,0
2024-12-05 16:00:00,3888.0,3926.33,3820.01,3830.81,120866.8673,2024-12-05 19:59:59.999,469855006.937972,1329589,57898.9206,225212707.779041,0
2024-12-05 20:00:00,3830.8,3862.23,3677.0,3785.2,205099.0957,2024-12-05 23:59:59.999,778817537.313662,1905524,95741.4047,363845368.416224,0
2024-12-06 00:00:00,3785.21,3914.0,3777.26,3907.01,113127.0334,2024-12-06 03:59:59.999,436175351.694097,1128558,60527.6578,233340898.420494,0
2024-12-06 04:00:00,3907.01,3929.0,3874.5,3893.75,80798.7601,2024-12-06 07:59:59.999,315073835.114693,668592,40846.3375,159304711.941752,0
2024-12-06 08:00:00,3893.74,3910.45,3845.3,3867.02,92340.5447,2024-12-06 11:59:59.999,357529166.87249,957107,42306.1562,163915831.888822,0
2024-12-06 12:00:00,3867.01,4041.0,3831.9,3993.02,286698.8778,2024-12-06 15:59:59.999,1133977071.673165,1873455,150905.2309,596909631.326442,0
2024-12-06 16:00:00,3993.01,4073.86,3980.11,4067.62,137627.0476,2024-12-06 19:59:59.999,554301513.878816,1250346,73985.2176,297989416.474368,0
2024-12-06 20:00:00,4067.61,4087.73,3990.03,3998.87,93262.851,2024-12-06 23:59:59.999,377023140.912932,799141,41958.8137,169611436.675031,0
2024-12-07 00:00:00,3998.87,4024.46,3970.0,3986.87,65288.4745,2024-12-07 03:59:59.999,260838754.085139,619204,29220.1099,116764742.635515,0
2024-12-07 04:00:00,3986.87,4003.16,3968.0,3985.87,44458.0473,2024-12-07 07:59:59.999,177237130.994981,424922,21818.3558,86993380.706526,0
2024-12-07 08:00:00,3985.87,4009.0,3973.51,3998.3,44383.4721,2024-12-07 11:59:59.999,176985358.182743,511658,24569.8536,97983714.622592,0
2024-12-07 12:00:00,3998.29,4008.46,3976.2,4004.71,48658.8373,2024-12-07 15:59:59.999,194464006.803474,491940,24961.988,99764465.725686,0
2024-12-07 16:00:00,4004.72,4020.43,3986.0,4012.19,46291.4199,2024-12-07 19:59:59.999,185279196.432817,387089,23489.2353,94018187.049294,0
2024-12-07 20:00:00,4012.2,4024.01,3993.02,3996.22,34839.7689,2024-12-07 23:59:59.999,139613612.367019,286730,16967.9932,68007349.502599,0
2024-12-08 00:00:00,3996.22,4008.99,3985.47,3989.28,27302.2303,2024-12-08 03:59:59.999,109143431.449436,274116,12334.9529,49311987.215398,0
2024-12-08 04:00:00,3989.28,3995.85,3958.87,3980.6,37262.434,2024-12-08 07:59:59.999,148237692.673214,346469,16747.6841,66635284.88751,0
2024-12-08 08:00:00,3980.6,3981.79,3923.5,3971.84,55860.2743,2024-12-08 11:59:59.999,220870575.849429,589820,26571.4498,105096335.477301,0
2024-12-08 12:00:00,3971.85,4003.4,3956.16,3990.79,60123.2278,2024-12-08 15:59:59.999,239617303.954968,542497,32516.1307,129631699.353824,0
2024-12-08 16:00:00,3990.79,3999.89,3964.4,3989.99,35630.8291,2024-12-08 19:59:59.999,141909369.132072,488612,18516.7007,73758142.340185,0
2024-12-08 20:00:00,3989.99,4015.58,3975.4,4004.15,35183.173,2024-12-08 23:59:59.999,140593207.57924,373073,18009.2548,71974406.184923,0
2024-12-09 00:00:00,4004.15,4006.17,3905.21,3929.37,74905.7169,2024-12-09 03:59:59.999,296273529.946096,906435,30981.3513,122565681.252038,0
2024-12-09 04:00:00,3929.37,3948.91,3880.44,3918.44,75191.7029,2024-12-09 07:59:59.999,294586041.298708,762838,38060.9419,149217661.80837,0
2024-12-09 08:00:00,3918.44,3920.0,3841.24,3850.88,95335.7358,2024-12-09 11:59:59.999,369320589.89078,1253971,40443.5251,156693724.766938,0
2024-12-09 12:00:00,3850.88,3946.0,3804.32,3824.0,164012.5757,2024-12-09 15:59:59.999,634575707.639012,1560256,83239.7658,322044899.79468,0
2024-12-09 16:00:00,3824.0,3866.35,3786.87,3795.78,108473.7508,2024-12-09 19:59:59.999,415491422.333129,1091309,51949.1864,199034184.381615,0
2024-12-09 20:00:00,3795.77,3804.19,3509.0,3712.0,421722.718,2024-12-09 23:59:59.999,1556248513.02038,2756217,189844.9737,701209786.0483329,0
2024-12-10 00:00:00,3712.0,3780.76,3615.11,3682.4,201647.552,2024-12-10 03:59:59.999,746663749.191924,1935367,94584.8234,350198941.371459,0
2024-12-10 04:00:00,3682.39,3743.65,3638.0,3734.55,95140.8254,2024-12-10 07:59:59.999,352253119.816967,1173976,48550.8298,179824819.11046,0
2024-12-10 08:00:00,3734.54,3773.39,3713.56,3750.11,66469.389,2024-12-10 11:59:59.999,249228608.991645,810076,34266.5993,128470798.589846,0
2024-12-10 12:00:00,3750.1,3754.5,3555.41,3567.75,260032.2239,2024-12-10 15:59:59.999,950929824.1329191,2652614,126098.8799,461223943.25495696,0
2024-12-10 16:00:00,3567.76,3634.92,3515.89,3628.82,238385.3346,2024-12-10 19:59:59.999,850664269.8939021,2828474,121271.3476,432978999.996159,0
2024-12-10 20:00:00,3628.81,3673.2,3613.3,3628.25,80530.7088,2024-12-10 23:59:59.999,293374923.246307,1061161,44069.7562,160559430.776878,0
2024-12-11 00:00:00,3628.24,3668.96,3562.34,3665.23,83678.45,2024-12-11 03:59:59.999,302482777.141411,1607587,42724.0347,154593564.453745,0
2024-12-11 04:00:00,3665.23,3681.81,3646.0,3652.58,47088.7098,2024-12-11 07:59:59.999,172605138.222804,704245,26364.1018,96665141.858943,0
2024-12-11 08:00:00,3652.58,3728.0,3651.23,3716.84,62134.3791,2024-12-11 11:59:59.999,229767387.360677,798366,32980.7933,121943884.069399,0
2024-12-11 12:00:00,3716.84,3821.0,3709.17,3787.34,131816.234,2024-12-11 15:59:59.999,495671818.87069696,1610278,72705.1938,273562242.497684,0
2024-12-11 16:00:00,3787.34,3814.2,3753.5,3803.91,83844.0606,2024-12-11 19:59:59.999,317813103.771656,978873,44937.1795,170345172.546298,0
2024-12-11 20:00:00,3803.91,3848.64,3803.0,3831.81,53256.9466,2024-12-11 23:59:59.999,203883311.510932,496015,29118.8008,111485803.874518,0
2024-12-12 00:00:00,3831.82,3947.81,3796.8,3935.0,96992.9744,2024-12-12 03:59:59.999,375165505.326656,1229610,51050.9001,197585026.699538,0
2024-12-12 04:00:00,3935.0,3945.67,3894.09,3905.4,75641.5407,2024-12-12 07:59:59.999,296722393.263757,896549,38386.4154,150589593.539321,0
2024-12-12 08:00:00,3905.4,3937.99,3891.32,3913.38,60232.5799,2024-12-12 11:59:59.999,235822313.263029,857224,29792.8003,116660168.354556,0
2024-12-12 12:00:00,3913.38,3987.41,3913.38,3957.67,161318.0936,2024-12-12 15:59:59.999,637682016.801262,2010319,83780.4152,331220896.022671,0
2024-12-12 16:00:00,3957.77,3985.56,3853.83,3871.14,109750.4709,2024-12-12 19:59:59.999,430368817.43662494,1267641,49254.1792,193177460.126174,0
2024-12-12 20:00:00,3871.13,3902.04,3836.07,3881.61,68162.9748,2024-12-12 23:59:59.999,264042437.485278,743896,32342.4449,125321074.498883,0
2024-12-13 00:00:00,3881.6,3941.19,3852.94,3932.83,64542.0267,2024-12-13 03:59:59.999,251681373.030915,975891,32170.2958,125460521.9015,0
2024-12-13 04:00:00,3932.83,3936.26,3871.0,3885.64,51976.2093,2024-12-13 07:59:59.999,202955171.403286,766867,23813.1774,92969256.731783,0
2024-12-13 08:00:00,3885.64,3923.66,3872.2,3901.5,54233.1081,2024-12-13 11:59:59.999,211381338.059204,649325,29047.43,113228634.718876,0
2024-12-13 12:00:00,3901.5,3968.47,3879.0,3886.21,107263.9583,2024-12-13 15:59:59.999,421417707.578984,1181188,54633.3848,214709706.370515,0
2024-12-13 16:00:00,3886.2,3946.37,3880.07,3917.98,66342.3222,2024-12-13 19:59:59.999,259801892.710445,1116614,30907.4708,121023435.757555,0
2024-12-13 20:00:00,3917.99,3936.0,3891.0,3906.8,43408.0627,2024-12-13 23:59:59.999,169705369.502347,434693,21623.565,84563887.067837,0
2024-12-14 00:00:00,3906.8,3945.0,3895.67,3910.83,48077.2434,2024-12-14 03:59:59.999,188498155.869655,707844,24466.6663,95934598.092606,0
2024-12-14 04:00:00,3910.83,3935.71,3906.26,3920.76,23290.7886,2024-12-14 07:59:59.999,91316403.652478,320398,12387.4513,48567662.263103,0
2024-12-14 08:00:00,3920.75,3931.38,3886.2,3894.53,32599.3234,2024-12-14 11:59:59.999,127358675.696776,417699,14058.5038,54938213.640277,0
2024-12-14 12:00:00,3894.53,3898.8,3846.3,3889.01,59099.8968,2024-12-14 15:59:59.999,229000816.572689,710264,27940.2978,108300213.965605,0
2024-12-14 16:00:00,3889.0,3898.23,3827.0,3859.11,65864.5831,2024-12-14 19:59:59.999,254289970.358547,779170,34010.7152,131396470.757367,0
2024-12-14 20:00:00,3859.11,3876.87,3825.03,3870.29,36607.1126,2024-12-14 23:59:59.999,141131255.237192,472373,18470.195,71258539.736975,0
2024-12-15 00:00:00,3870.3,3895.53,3856.02,3874.48,24783.839,2024-12-15 03:59:59.999,96139875.088082,449261,12567.7643,48749867.54764,0
2024-12-15 04:00:00,3874.49,3911.5,3831.5,3845.2,38056.0576,2024-12-15 07:59:59.999,147614248.210532,504236,18870.2219,73263664.119149,0
2024-12-15 08:00:00,3845.19,3879.01,3837.21,3877.61,25590.3833,2024-12-15 11:59:59.999,98817195.973067,433028,13809.945,53335831.654909,0
2024-12-15 12:00:00,3877.61,3910.33,3867.99,3894.76,44614.4511,2024-12-15 15:59:59.999,173531101.74949,621581,26399.1821,102700305.857809,0
2024-12-15 16:00:00,3894.76,3919.6,3886.4,3904.09,31811.6421,2024-12-15 19:59:59.999,124223836.000219,500829,16240.765,63429719.390697,0
2024-12-15 20:00:00,3904.09,3974.61,3844.4,3959.09,88976.841,2024-12-15 23:59:59.999,347538746.106153,1128760,49688.358,194190832.590089,0
2024-12-16 00:00:00,3959.09,4025.18,3928.88,3942.6,144630.7421,2024-12-16 03:59:59.999,576847910.74509,1417651,83572.0679,333453252.835244,0
2024-12-16 04:00:00,3942.6,3983.0,3935.23,3974.01,43808.388,2024-12-16 07:59:59.999,173675416.442208,647952,23740.9932,94138972.680064,0
2024-12-16 08:00:00,3974.0,3975.91,3902.39,3909.67,63910.2867,2024-12-16 11:59:59.999,251976754.289951,1039983,30914.5339,121929879.757504,0
2024-12-16 12:00:00,3909.68,3960.0,3884.0,3941.21,122284.2247,2024-12-16 15:59:59.999,479792667.250236,1511105,63172.9806,247960207.884143,0
2024-12-16 16:00:00,3941.21,4107.8,3939.4,4056.88,220282.2717,2024-12-16 19:59:59.999,887986295.434536,1722406,122113.6252,492259126.289804,0
2024-12-16 20:00:00,4056.89,4071.99,3980.0,3986.24,78435.1591,2024-12-16 23:59:59.999,316271952.948224,778527,34456.0253,138979134.598402,0
2024-12-17 00:00:00,3986.24,4041.82,3943.0,4035.01,73034.8936,2024-12-17 03:59:59.999,291232479.13451,1127134,37130.6479,148201304.454161,0
2024-12-17 04:00:00,4035.01,4035.02,3982.77,3994.24,49961.2435,2024-12-17 07:59:59.999,200374679.053731,727864,23452.0332,94062801.31222,0
2024-12-17 08:00:00,3994.23,4031.38,3990.0,3997.14,51842.525,2024-12-17 11:59:59.999,208000913.714219,929888,26393.137,105907579.1554,0
2024-12-17 12:00:00,3997.15,4025.6,3916.57,3939.18,118990.8486,2024-12-17 15:59:59.999,473442130.689264,1835435,54062.9241,215283054.742399,0
2024-12-17 16:00:00,3939.19,3984.46,3917.2,3943.99,71693.5838,2024-12-17 19:59:59.999,283164044.437774,1291357,34511.704,136302969.845251,0
2024-12-17 20:00:00,3944.0,3952.0,3847.96,3893.01,85302.8916,2024-12-17 23:59:59.999,332318595.671259,962522,36455.6518,142106363.26111,0
2024-12-18 00:00:00,3893.01,3903.2,3834.66,3849.81,80564.7394,2024-12-18 03:59:59.999,311538624.608067,1273574,37893.9318,146552330.88699,0
2024-12-18 04:00:00,3849.8,3861.7,3803.63,3847.33,83904.9284,2024-12-18 07:59:59.999,321751022.231114,1312444,37473.8161,143758115.846582,0
2024-12-18 08:00:00,3847.33,3887.32,3841.6,3882.65,44754.8074,2024-12-18 11:59:59.999,173080815.38593,464240,23521.3364,90975891.925344,0
2024-12-18 12:00:00,3882.66,3891.09,3825.0,3867.98,85350.9141,2024-12-18 15:59:59.999,329424453.07282,814739,42636.1912,164585232.186441,0
2024-12-18 16:00:00,3867.99,3907.19,3770.0,3770.29,120106.5226,2024-12-18 19:59:59.999,461952551.568287,1033159,52673.8034,202984474.813699,0
2024-12-18 20:00:00,3770.3,3786.23,3617.42,3626.8,307823.1499,2024-12-18 23:59:59.999,1137627165.872423,1686088,144788.6625,535047779.994972,0
2024-12-19 00:00:00,3626.8,3673.82,3542.22,3668.9,199888.1171,2024-12-19 03:59:59.999,722957813.654286,1559573,93106.1447,336956468.870165,0
2024-12-19 04:00:00,3668.9,3699.58,3653.0,3693.79,62129.1335,2024-12-19 07:59:59.999,228428450.006459,475305,30013.5114,110354417.986306,0
2024-12-19 08:00:00,3693.79,3720.0,3664.28,3705.62,58298.6588,2024-12-19 11:59:59.999,215115773.580024,438396,31083.5944,114704241.788168,0
2024-12-19 12:00:00,3705.62,3710.2,3572.73,3613.92,138220.2184,2024-12-19 15:59:59.999,503627098.386176,916247,59723.2334,217363614.602021,0
2024-12-19 16:00:00,3613.92,3637.1,3376.2,3439.44,392538.6357,2024-12-19 19:59:59.999,1367370251.78429,1917824,176090.317,613494434.016941,0
2024-12-19 20:00:00,3439.45,3465.11,3326.8,3417.01,227078.7216,2024-12-19 23:59:59.999,770475943.269927,1050293,108088.6049,366993893.09919506,0
2024-12-20 00:00:00,3417.01,3465.6,3370.47,3413.87,147018.6408,2024-12-20 03:59:59.999,502310391.312929,1053851,60105.5146,205387694.714149,0
2024-12-20 04:00:00,3413.85,3431.16,3328.44,3390.48,145836.4031,2024-12-20 07:59:59.999,493681860.127198,1060977,62121.328,210343360.468105,0
2024-12-20 08:00:00,3390.48,3390.79,3103.0,3104.56,458522.5239,2024-12-20 11:59:59.999,1480334719.654567,2449940,214286.5747,691759600.792706,0
2024-12-20 12:00:00,3104.68,3396.4,3101.9,3374.61,335474.3132,2024-12-20 15:59:59.999,1101692389.546015,1367169,163956.6348,537997912.539772,0
2024-12-20 16:00:00,3374.62,3497.84,3366.68,3479.35,160666.9785,2024-12-20 19:59:59.999,549637143.7086129,746075,75257.9352,257636900.206999,0
2024-12-20 20:00:00,3479.36,3489.99,3393.09,3472.21,85264.8715,2024-12-20 23:59:59.999,293927791.231577,351534,40820.7073,140749571.066245,0
2024-12-21 00:00:00,3472.2,3489.96,3445.35,3467.64,54575.1862,2024-12-21 03:59:59.999,189272025.55157,240750,27888.2269,96733361.730827,0
2024-12-21 04:00:00,3467.64,3555.18,3460.8,3523.46,85515.9214,2024-12-21 07:59:59.999,300644511.751187,378985,43574.6228,153140853.914576,0
2024-12-21 08:00:00,3523.45,3527.49,3423.91,3442.23,71843.6301,2024-12-21 11:59:59.999,249591512.247082,401842,34127.7606,118594104.599566,0
2024-12-21 12:00:00,3442.23,3444.24,3347.0,3390.4,121858.0815,2024-12-21 15:59:59.999,413786912.152854,643903,55482.8919,188443745.762456,0
2024-12-21 16:00:00,3390.4,3401.33,3326.59,3359.89,79490.6857,2024-12-21 19:59:59.999,267322098.235077,637120,36183.9226,121716714.971068,0
2024-12-21 20:00:00,3359.89,3388.88,3293.11,3338.92,61992.3151,2024-12-21 23:59:59.999,206843661.754383,430077,30175.9542,100783159.407602,0
2024-12-22 00:00:00,3338.92,3374.48,3318.71,3356.38,46613.1262,2024-12-22 03:59:59.999,156061556.668648,401666,23814.594,79767401.682862,0
2024-12-22 04:00:00,3356.38,3361.75,3295.07,3332.4,40581.5308,2024-12-22 07:59:59.999,135082733.993706,330245,19934.9362,66377805.220808,0
2024-12-22 08:00:00,3332.5,3403.0,3331.19,3381.03,44270.8729,2024-12-22 11:59:59.999,149493411.381295,305847,24752.7163,83589017.831123,0
2024-12-22 12:00:00,3381.03,3397.88,3275.0,3302.38,86429.5165,2024-12-22 15:59:59.999,287822920.478077,507811,39607.9975,131878700.503177,0
2024-12-22 16:00:00,3302.38,3338.65,3238.0,3247.14,75577.8841,2024-12-22 19:59:59.999,249712742.089734,534004,36123.5233,119449501.655341,0
2024-12-22 20:00:00,3247.14,3310.93,3221.1,3281.83,68447.319,2024-12-22 23:59:59.999,223721860.405492,466983,34090.8769,111408719.34943,0
2024-12-23 00:00:00,3281.83,3357.03,3216.97,3351.0,92072.9227,2024-12-23 03:59:59.999,301878194.174276,712488,47564.8682,156019566.13003,0
2024-12-23 04:00:00,3351.0,3363.12,3260.48,3305.2,59489.045,2024-12-23 07:59:59.999,196773985.318631,447492,28767.6989,95160918.295358,0
2024-12-23 08:00:00,3305.2,3355.54,3293.5,3339.54,54542.9983,2024-12-23 11:59:59.999,181711967.839115,359955,29121.4947,97015343.20944,0
2024-12-23 12:00:00,3339.51,3361.78,3269.35,3277.2,99124.7485,2024-12-23 15:59:59.999,328941381.67857,901222,49992.5206,165922741.27747,0
2024-12-23 16:00:00,3277.19,3384.6,3270.91,3338.21,97640.678,2024-12-23 19:59:59.999,325843122.072825,867048,51557.0389,172050963.787821,0
2024-12-23 20:00:00,3338.21,3466.99,3329.66,3422.53,85383.0175,2024-12-23 23:59:59.999,291920932.795265,744619,44602.5959,152405327.085593,0
2024-12-24 00:00:00,3422.53,3426.4,3358.19,3396.94,52061.6979,2024-12-24 03:59:59.999,176672069.171459,456845,24875.622,84418290.518727,0
2024-12-24 04:00:00,3396.95,3434.97,3385.02,3401.22,37688.0563,2024-12-24 07:59:59.999,128506043.532634,306437,18333.8283,62514475.210969,0
2024-12-24 08:00:00,3401.22,3416.65,3385.98,3414.56,34709.9812,2024-12-24 11:59:59.999,118107049.775961,338863,20352.3945,69249489.98518,0
2024-12-24 12:00:00,3414.56,3510.0,3395.59,3493.07,84727.1401,2024-12-24 15:59:59.999,292596485.78647,694176,42356.451,146259563.595599,0
2024-12-24 16:00:00,3493.07,3539.65,3465.02,3465.52,68642.133,2024-12-24 19:59:59.999,240069915.724187,585033,32785.6141,114722441.175451,0
2024-12-24 20:00:00,3465.51,3505.0,3431.99,3493.18,37894.6678,2024-12-24 23:59:59.999,131524895.262452,383043,19514.9889,67741128.973304,0
2024-12-25 00:00:00,3493.17,3495.97,3458.0,3478.23,37452.4891,2024-12-25 03:59:59.999,130329795.004975,338535,18200.7968,63332120.24978,0
2024-12-25 04:00:00,3478.23,3509.68,3469.61,3489.22,23470.0573,2024-12-25 07:59:59.999,81933437.872868,285654,12667.556,44226368.128415,0
2024-12-25 08:00:00,3489.21,3547.95,3465.43,3471.04,56689.0785,2024-12-25 11:59:59.999,198905089.249829,486697,28796.8091,101089453.590192,0
2024-12-25 12:00:00,3471.04,3501.05,3457.7,3472.99,43263.8038,2024-12-25 15:59:59.999,150539796.728499,434998,20126.6738,70053410.331665,0
2024-12-25 16:00:00,3473.0,3488.55,3440.93,3481.21,30283.1034,2024-12-25 19:59:59.999,104905201.867696,294558,15735.5929,54525853.516206,0
2024-12-25 20:00:00,3481.21,3500.0,3449.64,3497.0,28687.5131,2024-12-25 23:59:59.999,99736581.98935,292657,14858.7818,51667045.260423,0
2024-12-26 00:00:00,3497.0,3514.94,3450.45,3455.71,39490.1081,2024-12-26 03:59:59.999,137308496.753515,400166,20193.1513,70231580.970015,0
2024-12-26 04:00:00,3455.71,3455.71,3417.95,3422.0,37010.8253,2024-12-26 07:59:59.999,127194347.188182,301772,19046.5911,65457915.112766,0
2024-12-26 08:00:00,3422.0,3426.0,3346.87,3373.28,75705.1585,2024-12-26 11:59:59.999,255613685.267068,537996,38032.0034,128389745.057477,0
2024-12-26 12:00:00,3373.28,3374.0,3328.21,3344.13,52846.6299,2024-12-26 15:59:59.999,177108838.940379,490218,25056.2247,84000739.718854,0
2024-12-26 16:00:00,3344.14,3365.01,3313.5,3339.75,51011.9069,2024-12-26 19:59:59.999,170206135.163608,462912,27614.6083,92155603.936118,0
2024-12-26 20:00:00,3339.74,3350.0,3304.63,3335.05,54105.5432,2024-12-26 23:59:59.999,180032653.719437,350250,34403.67,114491850.534891,0
2024-12-27 00:00:00,3335.04,3388.57,3317.27,3379.4,45630.5975,2024-12-27 03:59:59.999,153361000.573009,406756,24989.4706,83989052.607406,0
2024-12-27 04:00:00,3379.4,3398.79,3317.25,3326.02,51589.392,2024-12-27 07:59:59.999,173453154.306298,462887,25128.7884,84537921.064724,0
2024-12-27 08:00:00,3326.01,3444.16,3325.68,3419.27,84740.616,2024-12-27 11:59:59.999,288782593.325954,653512,42425.4634,144496478.402145,0
2024-12-27 12:00:00,3419.27,3423.0,3307.83,3326.32,76485.302,2024-12-27 15:59:59.999,256692455.878948,701712,34865.8969,117058958.767231,0
2024-12-27 16:00:00,3326.32,3366.62,3306.6,3355.0,51582.1218,2024-12-27 19:59:59.999,172078344.33018,572717,27954.3325,93266807.524634,0
2024-12-27 20:00:00,3354.99,3355.54,3310.0,3333.51,32501.5745,2024-12-27 23:59:59.999,108267675.85105,335811,16203.7186,53978410.104015,0
2024-12-28 00:00:00,3333.51,3353.09,3322.23,3345.51,26238.7528,2024-12-28 03:59:59.999,87586654.424004,258442,14166.5016,47302632.399986,0
2024-12-28 04:00:00,3345.51,3361.14,3332.71,3335.53,23967.6455,2024-12-28 07:59:59.999,80165854.448761,191029,10425.5692,34882002.910127,0
2024-12-28 08:00:00,3335.53,3363.53,3333.0,3359.23,26959.5805,2024-12-28 11:59:59.999,90255870.62289,196412,12064.9927,40406617.937174,0
2024-12-28 12:00:00,3359.23,3396.0,3351.02,3368.38,41263.3733,2024-12-28 15:59:59.999,139155524.633698,358379,21938.5997,74007866.770603,0
2024-12-28 16:00:00,3368.39,3413.0,3365.61,3400.87,33164.8093,2024-12-28 19:59:59.999,112476941.888813,241963,17209.8432,58372331.602728,0
2024-12-28 20:00:00,3400.87,3428.68,3389.71,3404.0,24369.4516,2024-12-28 23:59:59.999,82951030.16082,199109,12599.4514,42900438.488844,0
2024-12-29 00:00:00,3404.01,3406.6,3375.62,3382.98,20759.3469,2024-12-29 03:59:59.999,70317428.433389,152262,9298.6362,31497773.596024,0
2024-12-29 04:00:00,3382.98,3407.99,3380.0,3407.61,15629.5688,2024-12-29 07:59:59.999,53025787.345995,115673,8267.8833,28056219.390683,0
2024-12-29 08:00:00,3407.6,3413.78,3390.0,3398.36,21613.8119,2024-12-29 11:59:59.999,73531596.113949,130756,9224.9022,31391103.011726,0
2024-12-29 12:00:00,3398.37,3410.92,3354.68,3373.82,35645.2469,2024-12-29 15:59:59.999,120524619.251489,279658,17329.9411,58595944.897587,0
2024-12-29 16:00:00,3373.82,3376.21,3345.9,3362.6,25174.7717,2024-12-29 19:59:59.999,84539703.924296,207813,12279.8058,41242641.115548,0
2024-12-29 20:00:00,3362.59,3368.35,3326.17,3356.48,37434.1357,2024-12-29 23:59:59.999,125311521.076586,284335,18316.1197,61325928.000499,0
2024-12-30 00:00:00,3356.48,3437.59,3347.77,3403.76,63632.2232,2024-12-30 03:59:59.999,216618220.149793,458478,36843.0598,125392138.633289,0
2024-12-30 04:00:00,3403.75,3432.65,3388.6,3427.0,49424.5964,2024-12-30 07:59:59.999,168764277.816457,267428,26993.4245,92163641.053701,0
2024-12-30 08:00:00,3427.01,3434.35,3395.05,3424.13,41773.7823,2024-12-30 11:59:59.999,142849350.589034,250845,21597.3771,73852882.285918,0
2024-12-30 12:00:00,3424.12,3430.2,3305.0,3324.16,104004.1696,2024-12-30 15:59:59.999,347788721.761454,704094,47395.0198,158474843.294989,0
2024-12-30 16:00:00,3324.16,3408.56,3317.5,3401.93,73974.9031,2024-12-30 19:59:59.999,249617265.513721,541526,39150.4052,132194479.970514,0
2024-12-30 20:00:00,3401.93,3419.0,3308.87,3361.84,87984.973,2024-12-30 23:59:59.999,295093888.542105,478295,43159.2405,144800044.48166,0
2024-12-31 00:00:00,3361.83,3365.04,3315.59,3340.18,41362.5257,2024-12-31 03:59:59.999,138164810.34886,308408,18401.4662,61468055.37593,0
2024-12-31 04:00:00,3340.19,3363.42,3328.77,3353.64,24854.5842,2024-12-31 07:59:59.999,83254558.483837,231811,12694.1548,42525301.87933,0
2024-12-31 08:00:00,3353.64,3410.0,3352.79,3394.73,44537.3245,2024-12-31 11:59:59.999,150918953.725036,322815,23136.9576,78389871.458958,0
2024-12-31 12:00:00,3394.74,3451.0,3393.12,3412.85,95324.0163,2024-12-31 15:59:59.999,326280346.572731,445551,44609.3827,152731397.029693,0
2024-12-31 16:00:00,3412.86,3416.35,3330.0,3355.38,65968.4251,2024-12-31 19:59:59.999,222589441.325634,465429,31141.6717,105088068.357141,0
2024-12-31 20:00:00,3355.37,3364.64,3328.47,3337.78,31006.2927,2024-12-31 23:59:59.999,103654833.590093,247772,16527.1171,55258098.38956,0
2025-01-01 00:00:00,3337.78,3368.42,3335.84,3355.2,27833.8566,2025-01-01 03:59:59.999,93391717.368208,168272,15699.7199,52677358.093164,0
2025-01-01 04:00:00,3355.2,3356.61,3336.88,3347.12,20068.2829,2025-01-01 07:59:59.999,67121317.282602,89179,10238.9887,34250120.740999,0
2025-01-01 08:00:00,3347.11,3348.84,3313.88,3341.0,39620.2004,2025-01-01 11:59:59.999,131940382.950071,210861,18891.8331,62919985.165217,0
2025-01-01 12:00:00,3341.01,3359.37,3328.2,3352.93,30899.7402,2025-01-01 15:59:59.999,103334828.875165,238224,16491.4013,55159262.287665,0
2025-01-01 16:00:00,3352.93,3364.14,3323.03,3356.55,35964.8595,2025-01-01 19:59:59.999,120293277.728449,288725,19546.1187,65385926.558246,0
2025-01-01 20:00:00,3356.56,3374.85,3352.0,3360.38,35851.6465,2025-01-01 23:59:59.999,120531871.49147,186958,18649.96,62692605.442171,0
2025-01-02 00:00:00,3360.39,3405.6,3354.5,3388.55,52198.498,2025-01-02 03:59:59.999,176892089.212373,313371,26691.2136,90451552.292014,0
2025-01-02 04:00:00,3388.54,3427.54,3388.0,3420.05,45379.1947,2025-01-02 07:59:59.999,154684017.923212,238759,23335.7727,79554424.546334,0
2025-01-02 08:00:00,3420.06,3476.0,3414.21,3471.18,51457.6321,2025-01-02 11:59:59.999,177588626.597733,320702,26301.6426,90767951.388066,0
2025-01-02 12:00:00,3471.18,3509.99,3440.38,3463.51,100117.958,2025-01-02 15:59:59.999,347734703.3933,670037,49218.8143,170986893.141619,0
2025-01-02 16:00:00,3463.52,3491.19,3428.99,3463.18,59125.0848,2025-01-02 19:59:59.999,204717078.732366,528865,29193.6289,101076099.681535,0
2025-01-02 20:00:00,3463.18,3475.28,3421.79,3455.67,30354.5198,2025-01-02 23:59:59.999,104669716.303898,301341,14303.2906,49324134.472397,0
2025-01-03 00:00:00,3455.68,3477.03,3442.62,3470.16,30377.2819,2025-01-03 03:59:59.999,105139636.962542,229213,17852.3782,61806576.318227,0
2025-01-03 04:00:00,3470.17,3470.94,3432.44,3433.27,26434.7355,2025-01-03 07:59:59.999,91154092.378587,195664,10557.4659,36409801.716551,0
2025-01-03 08:00:00,3433.27,3468.01,3423.44,3465.62,33237.3195,2025-01-03 11:59:59.999,114482855.615014,226442,16926.6671,58318334.878523,0
2025-01-03 12:00:00,3465.61,3576.0,3461.26,3565.13,113597.4343,2025-01-03 15:59:59.999,399812090.530291,751931,59205.4588,208395723.016833,0
2025-01-03 16:00:00,3565.14,3630.0,3565.14,3622.83,91647.7522,2025-01-03 19:59:59.999,329435704.369826,617157,46064.9295,165616537.422916,0
2025-01-03 20:00:00,3622.82,3624.38,3595.0,3609.01,38746.537,2025-01-03 23:59:59.999,139929521.245554,273404,18587.1755,67135252.677912,0
2025-01-04 00:00:00,3609.0,3620.86,3579.92,3597.97,32059.5521,2025-01-04 03:59:59.999,115300111.392591,211160,15407.6955,55413732.494254,0
2025-01-04 04:00:00,3597.98,3609.81,3584.16,3594.04,29387.4649,2025-01-04 07:59:59.999,105695842.932679,144645,17183.3185,61806962.652354,0
2025-01-04 08:00:00,3594.05,3605.57,3572.42,3602.01,26671.4,2025-01-04 11:59:59.999,95753637.212792,178140,14145.0895,50792181.083402,0
2025-01-04 12:00:00,3602.01,3663.25,3592.06,3607.81,74947.1675,2025-01-04 15:59:59.999,272022513.105056,469624,36400.4529,132134937.45116,0
2025-01-04 16:00:00,3607.81,3644.54,3601.62,3631.14,31618.7517,2025-01-04 19:59:59.999,114623958.611821,307520,15669.2086,56804603.918482,0
2025-01-04 20:00:00,3631.13,3671.6,3631.13,3656.88,34581.9771,2025-01-04 23:59:59.999,126468741.604898,256766,18017.3833,65898443.487234,0
2025-01-05 00:00:00,3656.88,3675.25,3629.66,3637.79,23170.7894,2025-01-05 03:59:59.999,84477711.992831,205740,10644.9241,38825856.532224,0
2025-01-05 04:00:00,3637.79,3650.44,3629.0,3631.56,14533.8551,2025-01-05 07:59:59.999,52884343.938574,156482,8084.7472,29421854.690087,0
2025-01-05 08:00:00,3631.55,3633.29,3603.33,3613.47,29089.6373,2025-01-05 11:59:59.999,105166435.041138,249861,15019.9028,54305665.229204,0
2025-01-05 12:00:00,3613.46,3638.77,3593.7,3629.6,38066.8557,2025-01-05 15:59:59.999,137676031.37441,302500,19044.022,68903057.765527,0
2025-01-05 16:00:00,3629.6,3648.11,3613.04,3637.78,27732.354,2025-01-05 19:59:59.999,100699392.510719,288027,13486.4402,48981420.56443,0
2025-01-05 20:00:00,3637.78,3656.88,3629.5,3635.99,22850.6826,2025-01-05 23:59:59.999,83243657.942997,258582,10621.3395,38697500.488534,0
2025-01-06 00:00:00,3636.0,3684.03,3610.63,3664.92,50315.5662,2025-01-06 03:59:59.999,183935361.590557,548663,24660.7989,90168261.045195,0
2025-01-06 04:00:00,3664.92,3698.04,3642.6,3650.75,44005.3678,2025-01-06 07:59:59.999,161483651.063741,291284,20434.9251,75022626.767884,0
2025-01-06 08:00:00,3650.75,3662.73,3633.0,3654.52,35871.6086,2025-01-06 11:59:59.999,130758246.9777,269677,18218.8871,66416642.537926,0
2025-01-06 12:00:00,3654.51,3714.49,3622.1,3714.45,97690.5245,2025-01-06 15:59:59.999,358467958.374863,754341,50988.9812,187132350.480201,0
2025-01-06 16:00:00,3714.45,3744.83,3655.55,3687.44,72164.6711,2025-01-06 19:59:59.999,267093575.256959,603452,36854.9351,136435132.331782,0
2025-01-06 20:00:00,3687.44,3703.38,3666.37,3687.45,29594.6266,2025-01-06 23:59:59.999,108904030.038249,286456,15666.0922,57647758.791563,0
2025-01-07 00:00:00,3687.44,3700.86,3663.0,3682.25,27692.0794,2025-01-07 03:59:59.999,101994755.498919,270322,13898.7521,51192300.640946,0
2025-01-07 04:00:00,3682.25,3685.92,3659.0,3667.77,20773.8207,2025-01-07 07:59:59.999,76269108.91248,160400,9229.799,33891620.211152,0
2025-01-07 08:00:00,3667.78,3679.27,3625.55,3639.27,38116.8609,2025-01-07 11:59:59.999,139283484.824736,261937,17838.5835,65202170.690622,0
2025-01-07 12:00:00,3639.28,3645.95,3413.81,3462.64,237757.3537,2025-01-07 15:59:59.999,839301562.8847821,1204047,110675.3499,390920189.915504,0
2025-01-07 16:00:00,3462.65,3491.7,3372.71,3385.67,137249.7913,2025-01-07 19:59:59.999,471877428.815676,984784,62805.2485,215930128.253282,0
2025-01-07 20:00:00,3385.68,3414.04,3356.31,3381.31,79953.3814,2025-01-07 23:59:59.999,270592415.221423,657211,40105.7172,135756866.309303,0
2025-01-08 00:00:00,3381.31,3415.1,3343.22,3360.31,72032.314,2025-01-08 03:59:59.999,243622186.021522,587029,32249.6585,109129210.146815,0
2025-01-08 04:00:00,3360.31,3373.14,3306.41,3354.59,96871.4444,2025-01-08 07:59:59.999,323630230.183049,631542,44830.6047,149794262.805118,0
2025-01-08 08:00:00,3354.59,3376.85,3323.0,3349.79,56107.3562,2025-01-08 11:59:59.999,188334823.35586,420466,28857.8776,96894681.034473,0
2025-01-08 12:00:00,3349.78,3386.36,3332.55,3346.73,110465.553,2025-01-08 15:59:59.999,370726028.942328,821054,48737.5134,163621868.722256,0
2025-01-08 16:00:00,3346.72,3347.68,3208.2,3280.68,202602.4597,2025-01-08 19:59:59.999,664011245.708064,1087020,94232.7285,308734047.192839,0
2025-01-08 20:00:00,3280.68,3334.8,3266.08,3327.29,46670.8354,2025-01-08 23:59:59.999,154057673.445836,219086,26668.8442,88085708.516878,0
2025-01-09 00:00:00,3327.29,3357.27,3306.5,3324.74,52228.5161,2025-01-09 03:59:59.999,174003428.369696,421520,26113.2443,86997207.951763,0
2025-01-09 04:00:00,3324.71,3343.36,3281.96,3288.71,48878.5653,2025-01-09 07:59:59.999,162013478.550034,337246,21995.6167,72961655.103422,0
2025-01-09 08:00:00,3288.71,3327.75,3265.77,3301.41,68409.9459,2025-01-09 11:59:59.999,226027936.450015,488993,33553.1465,110881809.443477,0
2025-01-09 12:00:00,3301.41,3337.0,3210.28,3320.58,129495.9017,2025-01-09 15:59:59.999,422233095.559624,934186,62723.486,204588634.252264,0
2025-01-09 16:00:00,3320.57,3327.91,3190.82,3195.63,101321.1919,2025-01-09 19:59:59.999,330254014.683736,696949,46997.7182,153321886.222852,0
2025-01-09 20:00:00,3195.63,3239.59,3158.0,3219.2,101484.3038,2025-01-09 23:59:59.999,324426726.101263,806995,46410.5229,148433917.108901,0
2025-01-10 00:00:00,3219.2,3260.47,3213.74,3254.37,38726.2671,2025-01-10 03:59:59.999,125326352.962335,428180,20485.6689,66295939.678552,0
2025-01-10 04:00:00,3254.36,3313.65,3242.4,3296.29,54266.7097,2025-01-10 07:59:59.999,177787710.528683,430977,25815.6192,84631670.46766,0
2025-01-10 08:00:00,3296.29,3321.25,3288.12,3311.65,58339.9484,2025-01-10 11:59:59.999,192712922.634884,319211,27027.2742,89283005.463812,0
2025-01-10 12:00:00,3311.64,3317.03,3193.97,3245.14,188771.5903,2025-01-10 15:59:59.999,613562661.615962,1108495,90759.8052,294859771.71869,0
2025-01-10 16:00:00,3245.15,3322.49,3232.2,3295.66,87802.2684,2025-01-10 19:59:59.999,287781469.957384,693656,44333.4264,145258640.841244,0
2025-01-10 20:00:00,3295.65,3295.65,3256.9,3267.04,26235.3494,2025-01-10 23:59:59.999,85769473.97274,218599,14097.391,46084462.498416,0
2025-01-11 00:00:00,3267.05,3270.0,3231.83,3236.8,23585.0737,2025-01-11 03:59:59.999,76644164.170465,205446,10442.1994,33939415.325605,0
2025-01-11 04:00:00,3236.8,3251.13,3222.73,3235.72,22043.9098,2025-01-11 07:59:59.999,71358105.302302,155141,8931.7083,28929348.565654,0
2025-01-11 08:00:00,3235.72,3280.5,3217.56,3273.81,33928.1666,2025-01-11 11:59:59.999,110196183.335588,218570,17679.4706,57465480.852981,0
2025-01-11 12:00:00,3273.81,3282.94,3258.3,3271.33,22576.1658,2025-01-11 15:59:59.999,73818218.014083,193167,10460.6115,34212477.028017,0
2025-01-11 16:00:00,3271.33,3283.54,3259.06,3278.45,20674.0187,2025-01-11 19:59:59.999,67655109.12867,211294,10316.903,33764685.766831,0
2025-01-11 20:00:00,3278.46,3320.18,3275.84,3282.83,28872.4141,2025-01-11 23:59:59.999,95261515.407154,225159,16371.8948,54038769.604903,0
2025-01-12 00:00:00,3282.83,3290.91,3274.12,3286.0,16338.3838,2025-01-12 03:59:59.999,53644104.020806,150675,8538.7924,28037859.310416,0
2025-01-12 04:00:00,3286.0,3289.41,3263.49,3266.87,17101.3936,2025-01-12 07:59:59.999,56036276.611814,116137,8562.7521,28057367.270233,0
2025-01-12 08:00:00,3266.87,3271.36,3224.49,3253.02,30127.3285,2025-01-12 11:59:59.999,97757130.525645,192492,13489.7193,43778487.928562,0
2025-01-12 12:00:00,3253.03,3296.14,3247.89,3285.68,45904.0573,2025-01-12 15:59:59.999,150097793.736966,264135,23924.3348,78285392.686982,0
2025-01-12 16:00:00,3285.68,3300.0,3268.66,3280.12,25565.4361,2025-01-12 19:59:59.999,83979424.720455,187661,11035.5555,36251112.614676,0
2025-01-12 20:00:00,3280.11,3289.31,3234.38,3267.3,29843.3716,2025-01-12 23:59:59.999,97236982.430101,240808,12761.3791,41579787.503121,0
2025-01-13 00:00:00,3267.3,3339.0,3235.69,3242.72,74893.5146,2025-01-13 03:59:59.999,245964854.018196,562793,38086.3967,125176134.798125,0
2025-01-13 04:00:00,3242.73,3260.49,3181.3,3201.66,60066.4461,2025-01-13 07:59:59.999,193206562.141082,421093,28956.4988,93183603.463125,0
2025-01-13 08:00:00,3201.66,3205.9,3055.88,3057.16,168149.8731,2025-01-13 11:59:59.999,525274035.89074093,993986,77755.6581,242980848.489894,0
2025-01-13 12:00:00,3057.15,3091.38,2920.0,3049.0,307651.5684,2025-01-13 15:59:59.999,932670255.90856,1476874,144790.3193,439261855.49427694,0
2025-01-13 16:00:00,3049.01,3060.51,2986.4,3025.07,133843.8405,2025-01-13 19:59:59.999,404069187.86282307,884994,68218.3498,205933831.648825,0
2025-01-13 20:00:00,3025.06,3143.2,3011.71,3137.51,101302.3242,2025-01-13 23:59:59.999,313639739.333037,560508,53149.5787,164494525.317222,0
2025-01-14 00:00:00,3137.51,3175.51,3125.65,3158.87,49686.9686,2025-01-14 03:59:59.999,156526207.229896,392621,23804.4498,74985545.529727,0
2025-01-14 04:00:00,3158.87,3190.07,3158.18,3171.53,34578.9351,2025-01-14 07:59:59.999,109735491.472051,241884,16160.3331,51289124.454979,0
2025-01-14 08:00:00,3171.53,3256.67,3169.41,3217.62,81942.4905,2025-01-14 11:59:59.999,263781084.617399,470617,42935.0141,138171535.073905,0
2025-01-14 12:00:00,3217.61,3233.27,3178.11,3199.45,120884.5335,2025-01-14 15:59:59.999,387638599.86776704,663224,54318.7097,174198084.652996,0
2025-01-14 16:00:00,3199.45,3235.99,3172.12,3214.38,56930.5399,2025-01-14 19:59:59.999,182469114.732098,437199,28964.1781,92872853.219733,0
2025-01-14 20:00:00,3214.37,3240.69,3194.86,3225.63,30284.9841,2025-01-14 23:59:59.999,97565022.979815,240740,14660.6757,47236902.745904,0
2025-01-15 00:00:00,3225.63,3245.77,3205.17,3240.79,53847.0282,2025-01-15 03:59:59.999,173695810.765798,358158,24150.672,77919520.455382,0
2025-01-15 04:00:00,3240.8,3252.35,3215.73,3233.3,36021.9932,2025-01-15 07:59:59.999,116429249.807549,233254,16682.0456,53932835.498336,0
2025-01-15 08:00:00,3233.3,3248.55,3186.36,3199.6,41139.0192,2025-01-15 11:59:59.999,132216329.237309,284682,17913.5235,57563792.317568,0
2025-01-15 12:00:00,3199.61,3353.82,3186.73,3334.47,167086.5433,2025-01-15 15:59:59.999,549710851.274747,888096,89270.2133,293664622.937137,0
2025-01-15 16:00:00,3334.47,3442.59,3323.91,3434.99,92241.8869,2025-01-15 19:59:59.999,311156964.473094,534284,48493.2789,163721666.900188,0
2025-01-15 20:00:00,3434.99,3473.75,3418.4,3451.52,73851.5632,2025-01-15 23:59:59.999,254198151.808274,391014,37471.985,129000577.297457,0
2025-01-16 00:00:00,3451.51,3460.79,3346.0,3363.38,80015.6264,2025-01-16 03:59:59.999,271799709.344217,438660,35183.4208,119596376.458728,0
2025-01-16 04:00:00,3363.38,3391.5,3362.0,3384.3,35612.5086,2025-01-16 07:59:59.999,120251644.035061,177197,18551.1728,62669892.556235,0
2025-01-16 08:00:00,3384.3,3385.84,3300.21,3351.27,81969.0716,2025-01-16 11:59:59.999,273082023.460493,385028,37347.2102,124516555.501368,0
2025-01-16 12:00:00,3351.26,3365.16,3265.44,3333.04,143419.3038,2025-01-16 15:59:59.999,475317259.65327,772707,71375.1003,236651920.190899,0
2025-01-16 16:00:00,3333.02,3365.95,3310.47,3344.81,66607.9866,2025-01-16 19:59:59.999,222425378.819813,504741,34862.882,116436331.406207,0
2025-01-16 20:00:00,3344.81,3354.01,3269.0,3308.05,63658.1817,2025-01-16 23:59:59.999,210636558.761997,389174,30350.086,100465142.314884,0
2025-01-17 00:00:00,3308.04,3397.66,3307.5,3361.01,97199.4285,2025-01-17 03:59:59.999,327233233.074778,474141,51645.2971,173902436.266497,0
2025-01-17 04:00:00,3361.01,3389.11,3347.79,3373.14,51957.9518,2025-01-17 07:59:59.999,175008254.750753,243102,27629.8808,93087561.141302,0
2025-01-17 08:00:00,3373.14,3439.0,3372.52,3423.24,70486.3322,2025-01-17 11:59:59.999,240423376.022791,425936,38477.8824,131245725.287053,0
2025-01-17 12:00:00,3423.25,3450.53,3395.14,3421.8,119276.6918,2025-01-17 15:59:59.999,407914452.87858707,845646,59813.3524,204581707.778927,0
2025-01-17 16:00:00,3421.8,3448.5,3407.63,3432.11,69418.1971,2025-01-17 19:59:59.999,238022499.403667,579358,32701.3306,112133425.539475,0
2025-01-17 20:00:00,3432.1,3525.72,3425.9,3473.63,110211.5799,2025-01-17 23:59:59.999,384411651.178517,597699,59033.77,205885648.143192,0
2025-01-18 00:00:00,3473.64,3494.39,3368.06,3384.07,72302.7289,2025-01-18 03:59:59.999,248302924.692181,410718,33630.9063,115485470.773664,0
2025-01-18 04:00:00,3384.08,3395.49,3281.09,3287.63,136100.3118,2025-01-18 07:59:59.999,453053473.02708703,842934,66782.3728,222339894.558952,0
2025-01-18 08:00:00,3287.64,3324.1,3227.0,3311.62,153502.6355,2025-01-18 11:59:59.999,502132134.27358,862113,77516.374,253756989.915876,0
2025-01-18 12:00:00,3311.63,3347.34,3274.17,3307.07,121126.2592,2025-01-18 15:59:59.999,401027294.435998,681476,58158.1426,192543707.933232,0
2025-01-18 16:00:00,3307.07,3316.62,3250.0,3290.2,102206.1472,2025-01-18 19:59:59.999,335207381.988631,777854,47902.6041,157144087.835507,0
2025-01-18 20:00:00,3290.21,3321.11,3258.37,3307.71,48959.0455,2025-01-18 23:59:59.999,160910453.346942,356292,25763.9293,84700138.50044,0
2025-01-19 00:00:00,3307.71,3378.11,3298.71,3335.47,85390.1548,2025-01-19 03:59:59.999,285505217.34158,550939,45097.5196,150808304.864493,0
2025-01-19 04:00:00,3335.47,3337.95,3259.9,3276.06,116181.1471,2025-01-19 07:59:59.999,382078013.273717,655970,54368.6277,178821151.887818,0
2025-01-19 08:00:00,3276.06,3277.53,3130.48,3149.97,255482.6912,2025-01-19 11:59:59.999,814964020.3265,1342138,115515.8423,368332810.69719505,0
2025-01-19 12:00:00,3149.98,3426.05,3145.0,3383.68,366843.084,2025-01-19 15:59:59.999,1218247679.798469,1576746,193040.7995,641048858.562261,0
2025-01-19 16:00:00,3383.68,3448.99,3378.11,3418.92,133240.277,2025-01-19 19:59:59.999,455072037.73819107,731873,70500.9484,240815006.35599,0
2025-01-19 20:00:00,3418.93,3431.82,3156.7,3215.12,385164.1676,2025-01-19 23:59:59.999,1252792712.533873,2207147,173408.6937,563831346.532529,0
2025-01-20 00:00:00,3215.2,3280.75,3142.78,3272.34,274130.007,2025-01-20 03:59:59.999,879485701.081826,1823959,131893.3381,423225157.60774094,0
2025-01-20 04:00:00,3272.3,3453.69,3250.66,3382.59,232466.8507,2025-01-20 07:59:59.999,782540428.680637,1393658,124446.4886,419114363.037566,0
2025-01-20 08:00:00,3382.58,3413.3,3334.32,3375.43,131468.8606,2025-01-20 11:59:59.999,443974054.858704,659423,66788.1788,225603331.223496,0
2025-01-20 12:00:00,3375.42,3379.94,3257.2,3335.9,167094.9543,2025-01-20 15:59:59.999,555847619.0789889,1081913,80615.7775,268228619.158196,0
2025-01-20 16:00:00,3335.91,3390.68,3205.42,3343.5,286337.6826,2025-01-20 19:59:59.999,947336095.176864,1644157,138839.6115,459748788.83270305,0
2025-01-20 20:00:00,3343.49,3344.5,3255.92,3284.0,66856.4262,2025-01-20 23:59:59.999,220836416.254587,534441,30089.3083,99400340.102284,0
2025-01-21 00:00:00,3283.99,3289.85,3204.6,3262.6,133473.3547,2025-01-21 03:59:59.999,433474231.260165,1075988,63268.8732,205550760.156806,0
2025-01-21 04:00:00,3262.6,3266.24,3213.03,3254.7,71362.1643,2025-01-21 07:59:59.999,231280413.917864,482466,35649.4042,115560432.683852,0
2025-01-21 08:00:00,3254.7,3314.0,3234.48,3305.07,82511.5762,2025-01-21 11:59:59.999,270759547.004588,530626,42984.9378,141047545.447054,0
2025-01-21 12:00:00,3305.07,3335.44,3265.11,3295.1,121235.0686,2025-01-21 15:59:59.999,400295922.879952,697559,57224.4512,188962643.470129,0
2025-01-21 16:00:00,3295.1,3368.0,3290.5,3332.16,92024.6512,2025-01-21 19:59:59.999,306709349.327644,590639,49151.4078,163833734.13776,0
2025-01-21 20:00:00,3332.16,3347.12,3302.03,3327.54,48099.2363,2025-01-21 23:59:59.999,159798115.277446,375679,22814.5536,75800542.989847,0
2025-01-22 00:00:00,3327.55,3365.99,3321.31,3330.98,60248.4497,2025-01-22 03:59:59.999,201190556.117585,430444,31665.9854,105765249.580345,0
2025-01-22 04:00:00,3330.98,3339.59,3287.0,3288.07,50588.4786,2025-01-22 07:59:59.999,167522369.228344,271636,20071.3589,66492476.417113,0
2025-01-22 08:00:00,3288.08,3329.99,3273.83,3326.55,52580.187,2025-01-22 11:59:59.999,173452820.517398,265700,25402.0241,83812602.967821,0
2025-01-22 12:00:00,3326.55,3332.7,3267.17,3278.39,77812.8324,2025-01-22 15:59:59.999,256226071.916384,519783,34913.546,115002600.183046,0
2025-01-22 16:00:00,3278.39,3291.3,3239.4,3261.99,61571.1565,2025-01-22 19:59:59.999,201299029.141007,381760,29137.4629,95293769.98494,0
2025-01-22 20:00:00,3262.0,3276.6,3222.85,3242.6,46439.6456,2025-01-22 23:59:59.999,150957524.275841,318348,22292.3827,72478121.371298,0
2025-01-23 00:00:00,3242.61,3261.34,3204.18,3226.92,66638.8818,2025-01-23 03:59:59.999,215426123.647531,503154,32380.4348,104682678.936954,0
2025-01-23 04:00:00,3227.0,3234.0,3185.0,3233.48,55874.4651,2025-01-23 07:59:59.999,179372106.555552,351591,27666.0497,88843702.96159,0
2025-01-23 08:00:00,3233.48,3233.65,3188.89,3213.08,54314.7039,2025-01-23 11:59:59.999,174273897.649617,314712,25543.7768,81979015.45976,0
2025-01-23 12:00:00,3213.08,3286.72,3189.69,3259.33,162299.7618,2025-01-23 15:59:59.999,526186819.597424,761120,82941.42,268932876.246859,0
2025-01-23 16:00:00,3259.33,3297.49,3195.0,3204.98,86129.1778,2025-01-23 19:59:59.999,279903313.920304,498338,40950.617,133152597.35858,0
2025-01-23 20:00:00,3204.98,3347.97,3196.25,3338.21,180335.7321,2025-01-23 23:59:59.999,590145661.710119,827005,93812.6435,306999564.753605,0
2025-01-24 00:00:00,3338.22,3349.6,3275.9,3302.26,79820.4869,2025-01-24 03:59:59.999,263842230.716813,651151,37321.7229,123376414.973259,0
2025-01-24 04:00:00,3302.26,3421.0,3292.23,3380.8,111035.1083,2025-01-24 07:59:59.999,374687971.244617,652513,56631.7445,191030349.446426,0
2025-01-24 08:00:00,3380.79,3416.5,3374.68,3399.22,57084.8198,2025-01-24 11:59:59.999,194147275.191539,364447,28888.7469,98262461.452858,0
2025-01-24 12:00:00,3399.21,3428.0,3355.67,3383.69,82277.9441,2025-01-24 15:59:59.999,279322965.663606,495256,40047.4547,136026860.025839,0
2025-01-24 16:00:00,3383.64,3409.4,3365.0,3368.7,54874.6628,2025-01-24 19:59:59.999,185822383.274354,317421,25799.9745,87378443.494685,0
2025-01-24 20:00:00,3368.7,3378.79,3304.11,3310.09,66431.2533,2025-01-24 23:59:59.999,221556471.600034,312781,26318.36,87756285.653456,0
2025-01-25 00:00:00,3310.1,3325.0,3268.66,3319.44,56579.5625,2025-01-25 03:59:59.999,186498590.130552,386503,26358.507,86923245.13129,0
2025-01-25 04:00:00,3319.43,3319.7,3283.57,3291.53,32529.0183,2025-01-25 07:59:59.999,107165648.098487,205320,14885.6119,49033651.153043,0
2025-01-25 08:00:00,3291.52,3311.5,3272.09,3306.91,26453.7694,2025-01-25 11:59:59.999,87073114.052667,190249,14479.9628,47681610.027885,0
2025-01-25 12:00:00,3306.91,3345.0,3294.24,3334.62,37205.69,2025-01-25 15:59:59.999,123472924.546916,242193,18369.3612,60948204.440113,0
2025-01-25 16:00:00,3334.62,3349.58,3330.63,3340.3,30687.7471,2025-01-25 19:59:59.999,102475028.655445,248141,13145.545,43900241.677119,0
2025-01-25 20:00:00,3340.29,3350.68,3314.87,3318.77,25103.2542,2025-01-25 23:59:59.999,83698179.641377,184232,10890.4619,36312679.698204,0
2025-01-26 00:00:00,3318.76,3350.0,3313.9,3338.94,30620.8049,2025-01-26 03:59:59.999,101864923.068875,172053,14198.7919,47247423.94485,0
2025-01-26 04:00:00,3338.95,3362.0,3330.3,3338.56,31975.7408,2025-01-26 07:59:59.999,106995701.546623,188761,14798.7989,49518935.019102,0
2025-01-26 08:00:00,3338.57,3343.45,3292.82,3312.3,37739.2642,2025-01-26 11:59:59.999,124979279.243819,212152,16281.8661,53921888.50464,0
2025-01-26 12:00:00,3312.3,3320.68,3297.47,3315.31,35395.7128,2025-01-26 15:59:59.999,117048992.415407,175863,18183.2164,60134635.584354,0
2025-01-26 16:00:00,3315.31,3344.88,3307.96,3338.74,32638.251,2025-01-26 19:59:59.999,108705757.121176,192742,14958.549,49833571.924298,0
2025-01-26 20:00:00,3338.73,3342.34,3230.0,3232.61,103795.6953,2025-01-26 23:59:59.999,339696364.217474,474754,38405.0566,125664232.850685,0
2025-01-27 00:00:00,3232.61,3253.91,3160.71,3183.6,143752.4038,2025-01-27 03:59:59.999,460079984.86699295,859389,60237.3127,192777313.239761,0
2025-01-27 04:00:00,3183.6,3183.6,3020.01,3070.8,190988.3997,2025-01-27 07:59:59.999,591716119.770804,945551,83698.5596,259105759.201913,0
2025-01-27 08:00:00,3070.8,3090.77,3034.48,3058.94,113419.5103,2025-01-27 11:59:59.999,347327436.675875,722189,51650.6861,158205538.612866,0
2025-01-27 12:00:00,3058.94,3152.0,3053.67,3133.4,130642.8831,2025-01-27 15:59:59.999,406634513.759258,994053,63612.8677,198042478.395727,0
2025-01-27 16:00:00,3133.39,3133.39,3046.68,3075.93,91816.9296,2025-01-27 19:59:59.999,283232659.104408,741100,42974.5022,132574946.010939,0
2025-01-27 20:00:00,3075.93,3239.0,3073.13,3182.44,82384.6264,2025-01-27 23:59:59.999,260779855.529273,626222,43110.6538,136489760.675916,0
2025-01-28 00:00:00,3182.44,3218.39,3151.62,3203.15,59730.3964,2025-01-28 03:59:59.999,190265254.20557,468772,28994.0781,92392305.693993,0
2025-01-28 04:00:00,3203.15,3223.01,3188.8,3196.22,36876.4693,2025-01-28 07:59:59.999,118291519.220367,333321,17987.4651,57708605.917753,0
2025-01-28 08:00:00,3196.22,3208.0,3177.1,3186.74,29927.795,2025-01-28 11:59:59.999,95587891.741563,312991,15269.283,48778712.7273,0
2025-01-28 12:00:00,3186.75,3214.38,3156.86,3181.36,56108.5561,2025-01-28 15:59:59.999,178477957.33987,570585,29016.3391,92336222.573411,0
2025-01-28 16:00:00,3181.37,3182.98,3120.36,3147.31,70607.8468,2025-01-28 19:59:59.999,222728281.286891,618066,34000.3457,107308676.617311,0
2025-01-28 20:00:00,3147.31,3155.37,3040.03,3077.72,97708.6537,2025-01-28 23:59:59.999,301650832.380744,633239,45509.2161,140465685.193679,0
2025-01-29 00:00:00,3077.72,3132.69,3076.31,3130.43,38565.7576,2025-01-29 03:59:59.999,119944144.27407,394491,19404.8822,60354899.730974,0
2025-01-29 04:00:00,3130.43,3160.0,3117.01,3156.89,31716.9894,2025-01-29 07:59:59.999,99500107.327902,273294,15310.9031,48043082.218838,0
2025-01-29 08:00:00,3156.88,3164.11,3119.8,3135.13,31298.1473,2025-01-29 11:59:59.999,98289844.374482,280363,13971.3076,43862953.559243,0
2025-01-29 12:00:00,3135.13,3140.38,3080.57,3101.12,63257.2553,2025-01-29 15:59:59.999,196488788.184291,573768,30996.5506,96291731.112577,0
2025-01-29 16:00:00,3101.11,3153.22,3054.06,3126.5,138822.555,2025-01-29 19:59:59.999,431433370.151084,1031955,69289.2035,215390697.205605,0
2025-01-29 20:00:00,3126.49,3182.52,3091.0,3113.9,106076.553,2025-01-29 23:59:59.999,332600391.437741,723498,51835.0765,162613136.554383,0
2025-01-30 00:00:00,3113.9,3202.58,3091.06,3201.5,59767.8767,2025-01-30 03:59:59.999,188036232.894234,320361,34781.1811,109537057.031502,0
2025-01-30 04:00:00,3201.5,3215.73,3178.76,3191.04,41271.2784,2025-01-30 07:59:59.999,131861418.441612,272989,19457.8195,62190459.755274,0
2025-01-30 08:00:00,3191.04,3229.82,3181.1,3222.71,43500.7294,2025-01-30 11:59:59.999,139700650.333018,340225,23059.8852,74065988.07747,0
2025-01-30 12:00:00,3222.71,3281.0,3209.24,3255.3,115188.9076,2025-01-30 15:59:59.999,375037766.646184,677038,59539.7854,193896160.53167,0
2025-01-30 16:00:00,3255.3,3283.43,3249.06,3271.61,48762.1455,2025-01-30 19:59:59.999,159314241.212824,421345,22851.8926,74668969.46506,0
2025-01-30 20:00:00,3271.6,3273.2,3228.68,3247.39,42148.5447,2025-01-30 23:59:59.999,136936297.01181,378831,20793.5669,67576628.3236,0
2025-01-31 00:00:00,3247.38,3279.5,3221.2,3230.65,44873.3589,2025-01-31 03:59:59.999,145908771.213494,415953,23405.2448,76122887.324233,0
2025-01-31 04:00:00,3230.65,3276.93,3213.8,3241.63,50490.3334,2025-01-31 07:59:59.999,164107094.392815,354834,26926.6225,87575189.300798,0
2025-01-31 08:00:00,3241.63,3338.55,3234.05,3335.16,93861.7646,2025-01-31 11:59:59.999,308279281.877567,575713,52682.5991,173199913.236074,0
2025-01-31 12:00:00,3335.16,3436.34,3325.3,3427.66,186786.6888,2025-01-31 15:59:59.999,629278793.851058,1042069,104493.5483,352338834.628177,0
2025-01-31 16:00:00,3427.65,3437.31,3294.97,3339.08,183740.9869,2025-01-31 19:59:59.999,616935280.410838,825273,92237.7914,309645042.177213,0
2025-01-31 20:00:00,3339.07,3339.07,3278.5,3300.99,88928.5235,2025-01-31 23:59:59.999,293970592.585971,589051,43899.2138,145118924.975006,0
2025-02-01 00:00:00,3300.99,3331.98,3283.01,3291.97,45386.3486,2025-02-01 03:59:59.999,150143874.990558,419144,24437.6382,80865995.059053,0
2025-02-01 04:00:00,3291.97,3307.19,3273.44,3280.1,38200.5703,2025-02-01 07:59:59.999,125744875.115632,277946,19377.097,63805507.534352,0
2025-02-01 08:00:00,3280.11,3286.31,3224.01,3252.16,61226.0725,2025-02-01 11:59:59.999,199056306.100604,584269,28326.7501,92109413.913976,0
2025-02-01 12:00:00,3252.17,3273.15,3228.93,3250.99,42293.9961,2025-02-01 15:59:59.999,137533615.751713,423394,22769.2317,74065077.14699,0
2025-02-01 16:00:00,3251.0,3267.24,3178.07,3197.08,60538.4039,2025-02-01 19:59:59.999,195359230.784828,520703,27017.1187,87266183.11599,0
2025-02-01 20:00:00,3197.09,3197.09,3101.7,3117.54,106419.8611,2025-02-01 23:59:59.999,335008024.122566,675240,48746.5228,153483692.624742,0
2025-02-02 00:00:00,3117.54,3163.2,3069.36,3077.97,89939.3891,2025-02-02 03:59:59.999,279942603.48885,730308,42216.0844,131534857.17589,0
2025-02-02 04:00:00,3077.98,3139.0,3075.0,3101.51,79243.3375,2025-02-02 07:59:59.999,245897899.240382,655151,39691.7704,123214664.640418,0
2025-02-02 08:00:00,3101.5,3124.13,3052.19,3064.86,74238.7842,2025-02-02 11:59:59.999,229329038.204185,601691,35865.7101,110857748.122799,0
2025-02-02 12:00:00,3064.87,3101.92,3050.64,3081.19,110373.1219,2025-02-02 15:59:59.999,339419620.726586,725561,56771.3491,174640754.776994,0
2025-02-02 16:00:00,3081.18,3082.02,2894.4,2958.9,371163.2332,2025-02-02 19:59:59.999,1103938570.242116,1729601,171659.1673,510130909.063782,0
2025-02-02 20:00:00,2958.91,2987.68,2750.71,2869.68,325848.0641,2025-02-02 23:59:59.999,932903006.489637,1532251,148785.0256,426363957.062424,0
2025-02-03 00:00:00,2869.68,2872.75,2125.01,2527.12,1114056.6473,2025-02-03 03:59:59.999,2854135145.334814,3728860,527606.1436,1352113902.900371,0
2025-02-03 04:00:00,2527.2,2632.8,2447.25,2622.35,360415.8333,2025-02-03 07:59:59.999,907237212.2857231,1559760,180927.3989,455548688.52336097,0
2025-02-03 08:00:00,2622.35,2622.51,2526.16,2581.41,313992.2338,2025-02-03 11:59:59.999,810769609.337896,1376615,132889.4586,343064160.794783,0
2025-02-03 12:00:00,2581.41,2728.0,2529.39,2700.72,480214.163,2025-02-03 15:59:59.999,1260370445.142911,1877368,232437.6292,609783129.571185,0
2025-02-03 16:00:00,2700.73,2770.26,2668.06,2764.23,264479.6094,2025-02-03 19:59:59.999,717750073.822608,1079938,125857.4883,341619066.366534,0
2025-02-03 20:00:00,2764.21,2921.0,2695.61,2879.9,274820.5342,2025-02-03 23:59:59.999,775226478.050691,928087,144535.2132,407758644.04008704,0
2025-02-04 00:00:00,2879.89,2888.5,2792.22,2811.0,138011.8718,2025-02-04 03:59:59.999,391473572.22545904,512891,60920.4759,172764226.228297,0
2025-02-04 04:00:00,2810.99,2836.68,2663.21,2703.53,263950.4571,2025-02-04 07:59:59.999,717881024.277847,880550,120757.2864,328561082.243871,0
2025-02-04 08:00:00,2703.54,2789.44,2677.0,2757.99,136242.205,2025-02-04 11:59:59.999,371723734.90879905,775781,69342.473,189223893.165146,0
2025-02-04 12:00:00,2757.99,2846.3,2730.18,2777.18,248591.0339,2025-02-04 15:59:59.999,695832419.234734,1015467,126157.4576,353177273.335862,0
2025-02-04 16:00:00,2777.18,2869.39,2765.26,2770.6,197618.1804,2025-02-04 19:59:59.999,556171788.948933,676808,89805.2111,252823300.260703,0
2025-02-04 20:00:00,2770.6,2794.05,2632.6,2731.19,275180.6437,2025-02-04 23:59:59.999,744587603.593568,906091,135969.5666,367962280.220262,0
2025-02-05 00:00:00,2731.19,2767.78,2699.13,2720.38,115470.3507,2025-02-05 03:59:59.999,315382395.162598,625422,52994.4299,144787757.218203,0
2025-02-05 04:00:00,2720.38,2788.0,2709.2,2759.31,83663.9379,2025-02-05 07:59:59.999,229899551.126991,360297,40015.9753,110006687.943684,0
2025-02-05 08:00:00,2759.3,2817.89,2746.85,2800.01,97829.6017,2025-02-05 11:59:59.999,271719862.728895,373289,51706.9733,143627788.78161,0
2025-02-05 12:00:00,2800.0,2826.95,2757.46,2773.46,145221.6591,2025-02-05 15:59:59.999,405707983.59475106,679114,64516.2408,180240967.576449,0
2025-02-05 16:00:00,2773.45,2787.56,2715.27,2775.49,147455.2194,2025-02-05 19:59:59.999,405605473.524159,890842,72741.4414,200098821.530151,0
2025-02-05 20:00:00,2775.5,2803.0,2739.49,2788.25,96952.2741,2025-02-05 23:59:59.999,268738972.352829,569325,46016.3649,127578698.014462,0
2025-02-06 00:00:00,2788.25,2819.51,2755.69,2806.49,90491.0279,2025-02-06 03:59:59.999,252913046.715117,595052,45145.8508,126205106.628153,0
2025-02-06 04:00:00,2806.5,2856.21,2805.87,2831.32,72823.7821,2025-02-06 07:59:59.999,206322632.901242,396999,32816.1815,92957670.255752,0
2025-02-06 08:00:00,2831.33,2857.64,2793.05,2803.92,78819.9706,2025-02-06 11:59:59.999,223046611.500391,493259,36377.3908,102966306.389249,0
2025-02-06 12:00:00,2803.92,2807.77,2683.71,2705.57,201947.9866,2025-02-06 15:59:59.999,555851734.939866,921883,88811.8376,244501822.988973,0
2025-02-06 16:00:00,2705.57,2726.75,2672.03,2689.57,178796.1312,2025-02-06 19:59:59.999,483212256.376717,875909,79077.2669,213727039.464552,0
2025-02-06 20:00:00,2689.56,2725.6,2655.28,2686.64,96581.0587,2025-02-06 23:59:59.999,260328598.888786,522580,43580.8016,117441563.253278,0
2025-02-07 00:00:00,2686.63,2739.61,2679.79,2715.58,84594.2909,2025-02-07 03:59:59.999,229492692.488859,566405,39376.968,106848178.635167,0
2025-02-07 04:00:00,2715.58,2731.0,2668.03,2713.07,73234.0939,2025-02-07 07:59:59.999,198174953.853871,415185,33039.2885,89387035.770485,0
2025-02-07 08:00:00,2713.06,2764.78,2705.56,2762.69,54688.6634,2025-02-07 11:59:59.999,149792913.381626,386018,29723.1146,81438408.284106,0
2025-02-07 12:00:00,2762.69,2797.5,2710.97,2721.73,186449.8092,2025-02-07 15:59:59.999,514021874.633456,796882,88429.5812,243782268.492996,0
2025-02-07 16:00:00,2721.74,2727.78,2655.8,2659.3,136563.808,2025-02-07 19:59:59.999,367308273.49022496,517510,62420.8961,167951069.313454,0
2025-02-07 20:00:00,2659.3,2661.85,2562.51,2622.1,159936.6958,2025-02-07 23:59:59.999,416269672.486275,590698,74228.2904,193125575.226358,0
2025-02-08 00:00:00,2622.11,2667.3,2615.88,2641.66,92979.212,2025-02-08 03:59:59.999,245549189.443516,506413,41568.3164,109782895.92443,0
2025-02-08 04:00:00,2641.67,2648.99,2594.63,2629.61,82532.5459,2025-02-08 07:59:59.999,216438303.641289,364063,36273.8634,95154934.071844,0
2025-02-08 08:00:00,2629.61,2632.5,2601.4,2613.32,46191.8863,2025-02-08 11:59:59.999,120814797.672477,227222,21123.3433,55264061.692,0
2025-02-08 12:00:00,2613.3,2636.9,2588.8,2605.24,64882.546,2025-02-08 15:59:59.999,169469228.96074,313806,32865.0479,85867233.104549,0
2025-02-08 16:00:00,2605.24,2649.9,2589.97,2637.89,64134.2209,2025-02-08 19:59:59.999,168293566.152213,298766,35105.4798,92108505.925124,0
2025-02-08 20:00:00,2637.89,2645.6,2623.78,2632.46,28964.7398,2025-02-08 23:59:59.999,76333718.11468,155136,15470.1084,40768271.655437,0
2025-02-09 00:00:00,2632.46,2698.9,2626.63,2678.54,57303.1101,2025-02-09 03:59:59.999,152243930.325846,327210,31352.0269,83341929.339635,0
2025-02-09 04:00:00,2678.53,2678.9,2649.29,2662.59,32616.6626,2025-02-09 07:59:59.999,86866013.241661,234390,16676.0538,44413539.549144,0
2025-02-09 08:00:00,2662.59,2673.38,2650.99,2654.78,36834.7682,2025-02-09 11:59:59.999,98097846.334784,260073,16629.5626,44296049.793712,0
2025-02-09 12:00:00,2654.8,2661.81,2611.78,2653.21,62701.1928,2025-02-09 15:59:59.999,165450643.634434,407895,29053.5666,76660261.090761,0
2025-02-09 16:00:00,2653.22,2666.38,2616.81,2623.89,38288.2364,2025-02-09 19:59:59.999,101140093.412005,307620,17070.7469,45112106.428373,0
2025-02-09 20:00:00,2623.89,2649.55,2520.02,2627.18,159422.821,2025-02-09 23:59:59.999,412587525.101755,782722,74532.8805,193009147.483852,0
2025-02-10 00:00:00,2627.18,2658.6,2559.85,2625.97,124085.1172,2025-02-10 03:59:59.999,323674760.172205,704748,62513.5851,163064698.759903,0
2025-02-10 04:00:00,2625.97,2660.0,2618.4,2637.03,50659.2011,2025-02-10 07:59:59.999,133528588.427913,410361,24348.5494,64197960.14516,0
2025-02-10 08:00:00,2637.02,2662.0,2634.84,2653.16,44469.5344,2025-02-10 11:59:59.999,117724244.760475,310110,22111.2726,58547832.594151,0
2025-02-10 12:00:00,2653.16,2684.55,2631.24,2658.22,79674.8175,2025-02-10 15:59:59.999,211594129.043062,579297,38795.2904,103058304.181136,0
2025-02-10 16:00:00,2658.21,2693.79,2650.0,2672.28,64651.5219,2025-02-10 19:59:59.999,172801866.308551,438580,29821.3146,79719297.637694,0
2025-02-10 20:00:00,2672.28,2686.61,2651.74,2661.19,34633.0795,2025-02-10 23:59:59.999,92384643.844674,293504,17433.1794,46505887.050016,0
2025-02-11 00:00:00,2661.19,2725.04,2660.72,2678.89,74917.793,2025-02-11 03:59:59.999,201687516.64168,465617,39666.8407,106788279.704641,0
2025-02-11 04:00:00,2678.89,2724.98,2676.49,2712.15,56265.817,2025-02-11 07:59:59.999,152320097.277319,437177,30616.2153,82866781.208608,0
2025-02-11 08:00:00,2712.12,2720.9,2690.24,2708.8,59949.3625,2025-02-11 11:59:59.999,162307229.770977,337002,24998.7283,67700075.806147,0
2025-02-11 12:00:00,2708.8,2710.29,2626.13,2662.36,87537.4987,2025-02-11 15:59:59.999,233108614.240417,566722,43140.549,114902348.780961,0
2025-02-11 16:00:00,2662.35,2670.8,2580.0,2589.7,103602.5891,2025-02-11 19:59:59.999,271649427.701662,559875,43654.5617,114544512.148334,0
2025-02-11 20:00:00,2589.69,2631.36,2558.24,2602.59,101923.0832,2025-02-11 23:59:59.999,265018885.14175,409615,44297.856,115208855.416487,0
2025-02-12 00:00:00,2602.59,2624.36,2569.31,2587.24,51289.7143,2025-02-12 03:59:59.999,133331655.904999,390800,25960.0958,67507188.175298,0
2025-02-12 04:00:00,2587.23,2624.07,2577.5,2618.63,47853.4948,2025-02-12 07:59:59.999,124551285.105024,353118,25011.2715,65110797.170437,0
2025-02-12 08:00:00,2618.62,2639.49,2610.78,2627.08,58319.6511,2025-02-12 11:59:59.999,153130495.222617,501152,30355.7454,79724433.832634,0
2025-02-12 12:00:00,2627.08,2665.16,2546.92,2606.9,231775.8396,2025-02-12 15:59:59.999,601916382.353413,1311463,107781.8437,280062402.617426,0
2025-02-12 16:00:00,2606.9,2683.65,2583.18,2677.95,116993.489,2025-02-12 19:59:59.999,310079217.268832,780357,62666.0328,166066322.637662,0
2025-02-12 20:00:00,2677.95,2795.45,2669.49,2738.27,140063.7071,2025-02-12 23:59:59.999,382427903.678242,853170,73083.6301,199538775.785231,0
2025-02-13 00:00:00,2738.27,2757.28,2716.0,2744.0,59978.5118,2025-02-13 03:59:59.999,164196673.152951,549833,32626.6091,89321387.15316,0
2025-02-13 04:00:00,2744.0,2745.73,2672.03,2681.5,65437.2035,2025-02-13 07:59:59.999,176850334.673802,547778,27550.5255,74505688.650093,0
2025-02-13 08:00:00,2681.51,2688.43,2650.65,2656.19,67087.393,2025-02-13 11:59:59.999,179216372.529885,496493,29882.2507,79843311.430886,0
2025-02-13 12:00:00,2656.18,2677.77,2616.04,2647.95,129821.5749,2025-02-13 15:59:59.999,343897277.953329,833697,61159.4722,162024366.388417,0
2025-02-13 16:00:00,2647.96,2662.17,2612.76,2640.94,82110.6284,2025-02-13 19:59:59.999,216359792.798266,546446,45650.5975,120274629.296822,0
2025-02-13 20:00:00,2640.94,2679.99,2640.5,2675.87,39333.9737,2025-02-13 23:59:59.999,104780936.71619,239587,20918.1908,55713655.51672,0
2025-02-14 00:00:00,2675.87,2721.4,2664.46,2715.39,46515.5177,2025-02-14 03:59:59.999,125143348.127605,307682,25358.1744,68252282.527875,0
2025-02-14 04:00:00,2715.39,2716.2,2689.43,2699.42,45766.299,2025-02-14 07:59:59.999,123622321.323068,231200,21570.8243,58272272.331388,0
2025-02-14 08:00:00,2699.41,2716.48,2682.42,2684.81,70491.0328,2025-02-14 11:59:59.999,190656227.163571,379872,39566.6509,107016861.338917,0
2025-02-14 12:00:00,2684.8,2747.39,2677.43,2734.33,88731.914,2025-02-14 15:59:59.999,240394234.205924,625663,49116.9432,133116923.967236,0
2025-02-14 16:00:00,2734.33,2791.78,2709.61,2738.0,116442.086,2025-02-14 19:59:59.999,321207092.972101,730149,63061.2027,174009451.836245,0
2025-02-14 20:00:00,2738.0,2751.1,2706.0,2725.95,51948.9367,2025-02-14 23:59:59.999,141854594.251634,371028,24234.9846,66190860.137844,0
2025-02-15 00:00:00,2725.95,2739.0,2703.99,2724.4,38406.6504,2025-02-15 03:59:59.999,104508835.052138,312371,16078.9153,43774726.223235,0
2025-02-15 04:00:00,2724.41,2733.6,2694.0,2697.66,28365.3972,2025-02-15 07:59:59.999,76934575.777945,252547,13611.4225,36925425.322898,0
2025-02-15 08:00:00,2697.65,2715.1,2695.7,2708.37,31229.706,2025-02-15 11:59:59.999,84482952.721238,258377,14018.783,37922989.811088,0
2025-02-15 12:00:00,2708.37,2713.99,2662.28,2691.05,51483.7874,2025-02-15 15:59:59.999,138612154.684861,383475,21680.8158,58375777.999817,0
2025-02-15 16:00:00,2691.05,2707.93,2679.0,2691.59,29841.035,2025-02-15 19:59:59.999,80348082.497012,280231,13646.0058,36748586.051566,0
2025-02-15 20:00:00,2691.6,2704.0,2679.16,2693.04,23644.8535,2025-02-15 23:59:59.999,63667579.489129,191501,11774.3755,31716407.164864,0
2025-02-16 00:00:00,2693.04,2705.98,2687.71,2698.73,18133.5135,2025-02-16 03:59:59.999,48886043.725216,176580,9285.4338,25036458.183197,0
2025-02-16 04:00:00,2698.73,2727.31,2690.56,2695.59,30078.2868,2025-02-16 07:59:59.999,81432352.438635,214314,13182.1816,35696401.380995,0
2025-02-16 08:00:00,2695.59,2713.0,2689.49,2710.99,31255.4898,2025-02-16 11:59:59.999,84431538.08542,218502,14241.0684,38471629.660801,0
2025-02-16 12:00:00,2710.99,2712.49,2676.73,2694.2,36990.7167,2025-02-16 15:59:59.999,99653358.855065,282939,16490.7234,44437624.836726,0
2025-02-16 16:00:00,2694.21,2703.46,2659.1,2683.47,38553.7836,2025-02-16 19:59:59.999,103407853.906628,278944,18116.6492,48596200.620201,0
2025-02-16 20:00:00,2683.46,2689.13,2651.26,2661.41,36219.741,2025-02-16 23:59:59.999,96670948.163319,278605,18117.3491,48361236.130472,0
2025-02-17 00:00:00,2661.41,2684.0,2658.0,2671.88,34706.9905,2025-02-17 03:59:59.999,92626013.084647,233080,16781.7469,44789590.933842,0
2025-02-17 04:00:00,2671.89,2695.27,2637.71,2681.59,95908.2492,2025-02-17 07:59:59.999,255792243.847012,375022,44386.3612,118468708.895901,0
2025-02-17 08:00:00,2681.59,2774.98,2676.29,2755.2,133143.9377,2025-02-17 11:59:59.999,363803823.57628894,789745,77975.58,212875750.040812,0
2025-02-17 12:00:00,2755.2,2849.7,2746.1,2755.72,201274.6321,2025-02-17 15:59:59.999,562635988.712126,1027294,104798.1889,293063513.2156,0
2025-02-17 16:00:00,2755.71,2765.79,2686.91,2717.72,124486.4926,2025-02-17 19:59:59.999,339542167.761986,968480,58747.1173,160287958.402959,0
2025-02-17 20:00:00,2717.72,2778.15,2716.54,2744.05,50219.5176,2025-02-17 23:59:59.999,137988450.823549,487971,27261.3808,74913716.110975,0
2025-02-18 00:00:00,2744.05,2756.93,2707.5,2712.08,53866.0828,2025-02-18 03:59:59.999,146770146.652711,463350,23153.7384,63106049.559868,0
2025-02-18 04:00:00,2712.07,2718.09,2652.17,2672.51,144898.4315,2025-02-18 07:59:59.999,387838936.854464,833515,60987.3907,163269231.195743,0
2025-02-18 08:00:00,2672.51,2706.12,2653.4,2679.26,88680.2452,2025-02-18 11:59:59.999,237756328.869179,546569,44558.5116,119540691.277584,0
2025-02-18 12:00:00,2679.26,2732.8,2660.0,2673.7,114342.8765,2025-02-18 15:59:59.999,307895137.818669,848480,58373.1992,157236929.405604,0
2025-02-18 16:00:00,2673.7,2684.63,2605.44,2630.37,139482.6642,2025-02-18 19:59:59.999,367618330.77508706,818009,65114.1012,171603464.443622,0
2025-02-18 20:00:00,2630.38,2672.4,2618.0,2671.99,63593.5735,2025-02-18 23:59:59.999,168274748.048607,388233,33321.9283,88208076.503432,0
2025-02-19 00:00:00,2672.0,2700.0,2656.03,2694.02,48256.7103,2025-02-19 03:59:59.999,129245451.048645,346243,24061.1257,64456694.527781,0
2025-02-19 04:00:00,2694.02,2717.34,2664.54,2708.38,56191.0568,2025-02-19 07:59:59.999,151228619.583365,379669,27600.6762,74323846.231426,0
2025-02-19 08:00:00,2708.39,2736.7,2703.99,2726.93,61785.4339,2025-02-19 11:59:59.999,168168970.33819,339932,33126.9275,90167762.327081,0
2025-02-19 12:00:00,2726.93,2731.16,2677.51,2696.99,71752.3137,2025-02-19 15:59:59.999,194160707.889576,521051,34159.9468,92437688.112574,0
2025-02-19 16:00:00,2696.99,2724.29,2694.78,2712.03,47648.0995,2025-02-19 19:59:59.999,129027226.457853,421477,22460.0247,60836172.839167,0
2025-02-19 20:00:00,2712.03,2734.37,2706.02,2715.5,40520.406,2025-02-19 23:59:59.999,110216210.814304,367632,22196.1758,60378996.29443,0
2025-02-20 00:00:00,2715.51,2751.5,2709.69,2741.77,50953.0686,2025-02-20 03:59:59.999,139142855.350129,327481,25538.3469,69757503.237737,0
2025-02-20 04:00:00,2741.77,2758.68,2722.23,2730.22,50511.3938,2025-02-20 07:59:59.999,138120249.380646,227442,23527.526,64353755.730193,0
2025-02-20 08:00:00,2730.23,2746.99,2725.28,2740.71,33327.6054,2025-02-20 11:59:59.999,91166441.848421,197285,17290.4853,47303321.856153,0
2025-02-20 12:00:00,2740.7,2770.59,2707.33,2712.6,96259.5299,2025-02-20 15:59:59.999,263910957.942961,557319,48524.8342,133142363.553255,0
2025-02-20 16:00:00,2712.6,2767.93,2707.18,2747.77,72800.2885,2025-02-20 19:59:59.999,199040549.42348,492439,38438.6463,105088878.441421,0
2025-02-20 20:00:00,2747.77,2761.06,2722.2,2738.04,32883.3682,2025-02-20 23:59:59.999,90095385.4093,294097,17195.828,47110386.382477,0
2025-02-21 00:00:00,2738.04,2749.49,2726.0,2744.2,32255.6241,2025-02-21 03:59:59.999,88365212.532965,271152,16033.7941,43927746.096701,0
2025-02-21 04:00:00,2744.2,2769.56,2744.19,2756.32,44085.0098,2025-02-21 07:59:59.999,121529040.71745,273548,22386.9645,61719060.350492,0
2025-02-21 08:00:00,2756.31,2831.71,2747.74,2788.73,101826.5357,2025-02-21 11:59:59.999,284322570.952758,578959,50515.5663,141039659.398555,0
2025-02-21 12:00:00,2788.73,2845.32,2675.02,2723.31,273746.5973,2025-02-21 15:59:59.999,758966586.032316,1151223,135135.787,375045276.72488,0
2025-02-21 16:00:00,2723.3,2769.88,2625.94,2640.19,328655.2354,2025-02-21 19:59:59.999,885698041.935806,1073185,146720.7492,395640510.134425,0
2025-02-21 20:00:00,2640.2,2664.0,2616.72,2663.0,109871.0581,2025-02-21 23:59:59.999,290425183.005939,524134,58086.8734,153609496.70974,0
2025-02-22 00:00:00,2663.0,2688.97,2653.33,2675.37,88626.3932,2025-02-22 03:59:59.999,237183231.637825,478613,54332.9505,145411058.013876,0
2025-02-22 04:00:00,2675.37,2697.1,2673.0,2684.56,35257.9596,2025-02-22 07:59:59.999,94708523.515562,289967,20319.5671,54586407.568711,0
2025-02-22 08:00:00,2684.55,2753.59,2676.8,2732.99,136897.9772,2025-02-22 11:59:59.999,372728533.695314,519198,82272.8609,223966995.430016,0
2025-02-22 12:00:00,2733.0,2785.91,2722.15,2775.68,64983.537,2025-02-22 15:59:59.999,178410711.59262,463993,31903.9926,87670414.049266,0
2025-02-22 16:00:00,2775.67,2798.07,2756.37,2770.09,89040.9675,2025-02-22 19:59:59.999,247472419.957838,603227,44351.8118,123272954.666349,0
2025-02-22 20:00:00,2770.1,2778.14,2759.39,2763.22,30182.8324,2025-02-22 23:59:59.999,83556091.500776,242170,15206.5943,42100462.845778,0
2025-02-23 00:00:00,2763.23,2775.88,2745.41,2752.77,39782.8142,2025-02-23 03:59:59.999,109746098.838039,307770,17891.8271,49355771.564234,0
2025-02-23 04:00:00,2752.76,2829.98,2746.17,2825.2,108629.0536,2025-02-23 07:59:59.999,303554959.13708,524107,66859.7956,186844265.40305,0
2025-02-23 08:00:00,2825.2,2831.58,2783.2,2797.48,98860.1041,2025-02-23 11:59:59.999,277605997.711183,419894,44401.5913,124708402.580703,0
2025-02-23 12:00:00,2797.48,2827.0,2773.48,2783.0,155759.8402,2025-02-23 15:59:59.999,436002328.58413506,658555,73939.3239,206990645.035956,0
2025-02-23 16:00:00,2783.0,2824.0,2782.38,2807.97,117626.0389,2025-02-23 19:59:59.999,330583283.717978,462466,71239.6409,200242159.652638,0
2025-02-23 20:00:00,2807.97,2857.34,2784.01,2819.69,90344.2712,2025-02-23 23:59:59.999,254357197.830631,423714,47293.1589,133266407.848412,0
2025-02-24 00:00:00,2819.7,2839.95,2711.8,2718.08,132389.5642,2025-02-24 03:59:59.999,367643044.049944,801274,56490.5582,156859222.010651,0
2025-02-24 04:00:00,2718.08,2735.78,2691.49,2722.01,121962.0226,2025-02-24 07:59:59.999,331149135.498187,630661,60034.6244,163130753.248033,0
2025-02-24 08:00:00,2722.02,2722.4,2663.03,2689.99,104336.8507,2025-02-24 11:59:59.999,280550740.855309,629184,48089.8079,129313394.983308,0
2025-02-24 12:00:00,2690.0,2696.63,2636.33,2658.77,146891.4552,2025-02-24 15:59:59.999,391779656.28235,781945,66220.0056,176669604.335901,0
2025-02-24 16:00:00,2658.77,2682.42,2623.12,2641.26,112927.4368,2025-02-24 19:59:59.999,300096058.969349,673329,55847.5029,148526669.595619,0
2025-02-24 20:00:00,2641.3,2663.9,2470.33,2513.52,258369.0412,2025-02-24 23:59:59.999,663353513.006816,1221510,124893.1668,320602884.589589,0
2025-02-25 00:00:00,2513.52,2530.6,2458.27,2495.21,211165.3701,2025-02-25 03:59:59.999,527466288.377484,1450343,105262.6417,263012056.06161,0
2025-02-25 04:00:00,2495.22,2512.9,2313.49,2368.11,376091.6202,2025-02-25 07:59:59.999,905960761.124824,1489650,186527.25,449322509.38943106,0
2025-02-25 08:00:00,2368.12,2439.5,2357.05,2433.69,255323.8198,2025-02-25 11:59:59.999,611004126.401335,1358676,127229.8522,304579105.322347,0
2025-02-25 12:00:00,2433.7,2448.95,2361.89,2409.8,250071.3592,2025-02-25 15:59:59.999,600501580.75863,1228816,122550.9802,294268805.489911,0
2025-02-25 16:00:00,2409.8,2473.59,2383.4,2471.91,135745.5299,2025-02-25 19:59:59.999,328848595.837405,965561,66959.3918,162182418.847337,0
2025-02-25 20:00:00,2471.9,2533.49,2457.59,2495.7,93619.1726,2025-02-25 23:59:59.999,233994762.282785,583599,46894.1011,117198131.261123,0
2025-02-26 00:00:00,2495.69,2507.5,2471.8,2490.6,62969.4729,2025-02-26 03:59:59.999,156740187.762826,528634,26941.3753,67062929.496838,0
2025-02-26 04:00:00,2490.61,2506.4,2475.2,2483.81,64151.974,2025-02-26 07:59:59.999,159788687.666043,455452,28705.267,71514233.319837,0
2025-02-26 08:00:00,2483.81,2496.25,2457.77,2464.79,93766.3355,2025-02-26 11:59:59.999,232324571.637686,529676,50435.4138,124992944.815037,0
2025-02-26 12:00:00,2464.8,2466.81,2370.0,2428.47,166356.9374,2025-02-26 15:59:59.999,402949388.27878094,1193813,80178.7433,194246896.210095,0
2025-02-26 16:00:00,2428.5,2434.2,2266.1,2296.29,278352.1916,2025-02-26 19:59:59.999,649012708.340048,1524064,124289.4323,289669443.757932,0
2025-02-26 20:00:00,2296.3,2383.37,2253.77,2336.37,197490.3019,2025-02-26 23:59:59.999,458344743.365389,1264333,98058.7243,227698928.821816,0
2025-02-27 00:00:00,2336.38,2370.9,2315.85,2332.11,90991.5806,2025-02-27 03:59:59.999,213055421.021725,945116,44789.0364,104898751.64155,0
2025-02-27 04:00:00,2332.11,2373.2,2303.22,2356.13,111823.423,2025-02-27 07:59:59.999,261236951.130883,622274,48788.5475,113994016.339538,0
2025-02-27 08:00:00,2356.13,2381.6,2343.41,2353.82,77842.7418,2025-02-27 11:59:59.999,183873338.006356,456934,32480.8101,76747438.81112,0
2025-02-27 12:00:00,2353.83,2362.35,2290.78,2323.31,129970.0648,2025-02-27 15:59:59.999,303140664.595131,679672,60293.4434,140649066.540425,0
2025-02-27 16:00:00,2323.31,2337.5,2278.79,2292.41,105527.0794,2025-02-27 19:59:59.999,244040376.674307,573234,48688.5563,112609566.002802,0
2025-02-27 20:00:00,2292.41,2311.52,2230.57,2307.72,121429.021,2025-02-27 23:59:59.999,275502573.112244,629673,62696.5217,142331161.103456,0
2025-02-28 00:00:00,2307.72,2314.18,2123.63,2147.49,410729.0366,2025-02-28 03:59:59.999,901016231.4230169,1522155,180490.5224,395832089.695667,0
2025-02-28 04:00:00,2147.49,2156.0,2076.26,2106.2,304572.7663,2025-02-28 07:59:59.999,644382840.516427,1394814,148549.222,314394163.109235,0
2025-02-28 08:00:00,2106.21,2151.94,2076.26,2125.8,164223.0144,2025-02-28 11:59:59.999,348098315.108328,801681,85086.5462,180382770.098389,0
2025-02-28 12:00:00,2125.8,2228.64,2105.38,2223.01,234321.3019,2025-02-28 15:59:59.999,506267833.766518,1017507,121263.3739,262123942.362375,0
2025-02-28 16:00:00,2223.0,2255.13,2193.4,2230.15,120716.9075,2025-02-28 19:59:59.999,268385213.593774,632397,61842.9836,137550776.059257,0
2025-02-28 20:00:00,2230.14,2239.69,2198.51,2237.59,56976.029,2025-02-28 23:59:59.999,126396007.31882,340002,27797.8806,61656654.439849,0
